"Type";"Air temperature [K]";"Process temperature [K]";"Rotational speed [rpm]";"Torque [Nm]";"Tool wear [min]";"Machine failure";"confidence(0)";"confidence(1)";"prediction(Machine failure)";"recommended_action"
"M";298.1;308.6;1551;42.8;0;"0";0.9909386628880569;0.00906133711194374;"0";"MONITOR"
"L";298.2;308.7;1408;46.3;3;"0";0.9896484428141403;0.010351557185859955;"0";"MONITOR"
"M";298.3;308.7;1667;28.6;18;"0";0.9908673146879061;0.009132685312094388;"0";"MONITOR"
"M";298.5;309.0;1741;28.0;21;"0";0.9907270591995844;0.009272940800416175;"0";"MONITOR"
"H";298.4;308.9;1782;23.9;24;"0";0.9908105200047256;0.009189479995274821;"0";"MONITOR"
"M";298.9;309.3;1632;32.5;55;"0";0.9908277210365768;0.009172278963423795;"0";"MONITOR"
"L";298.8;309.3;1450;44.8;63;"0";0.9896229046893683;0.010377095310631934;"0";"MONITOR"
"L";299.0;309.4;1693;30.1;84;"0";0.9895515564892176;0.010448443510782583;"0";"MONITOR"
"L";299.0;309.4;1798;25.5;89;"0";0.9895515564892176;0.010448443510782583;"0";"MONITOR"
"H";298.9;309.2;1379;50.7;106;"0";0.9711479439367104;0.028852056063289368;"0";"MONITOR"
"M";298.8;309.1;1472;47.5;125;"0";0.9909386628880569;0.00906133711194374;"0";"MONITOR"
"M";298.7;309.0;1843;25.8;130;"0";0.9907270591995844;0.009272940800416175;"0";"MONITOR"
"H";298.8;309.2;1425;53.9;135;"0";0.9901001093313572;0.009899890668643056;"0";"MONITOR"
"L";298.9;309.1;2861;4.6;143;"1";0.0;1.0;"1";"STOP"
"L";298.8;309.1;1512;40.7;156;"0";0.9896484428141403;0.010351557185859955;"0";"MONITOR"
"M";298.8;309.0;1661;29.5;162;"0";0.9909386628880569;0.00906133711194374;"0";"MONITOR"
"L";298.8;309.1;1393;52.6;167;"0";0.9890969973373772;0.01090300266262293;"0";"MONITOR"
"M";298.9;309.0;1812;25.9;174;"0";0.9907270591995844;0.009272940800416175;"0";"MONITOR"
"L";299.0;309.1;1523;38.6;177;"0";0.9896484428141403;0.010351557185859955;"0";"MONITOR"
"H";298.8;308.9;1466;44.1;184;"0";0.9908818682048762;0.00911813179512417;"0";"MONITOR"
"L";298.9;309.1;1452;45.5;196;"0";0.9893069679511829;0.010693032048817393;"0";"MONITOR"
"L";298.9;309.0;1601;32.3;202;"0";0.9814139540416581;0.018586045958342238;"0";"MONITOR"
"L";298.8;308.9;1379;46.7;204;"0";0.9387025556852641;0.06129744431473605;"0";"SCHEDULE"
"L";298.8;308.9;1455;41.3;208;"1";0.9705145658613982;0.029485434138602072;"0";"MONITOR"
"L";299.0;309.0;1469;40.1;13;"0";0.9896484428141403;0.010351557185859955;"0";"MONITOR"
"L";299.0;309.0;1544;31.8;25;"0";0.9896484428141403;0.010351557185859955;"0";"MONITOR"
"M";298.9;308.9;1487;39.5;30;"0";0.9909386628880569;0.00906133711194374;"0";"MONITOR"
"L";299.0;308.9;1622;31.9;42;"0";0.9896484428141403;0.010351557185859955;"0";"MONITOR"
"L";298.8;308.7;1450;43.4;66;"0";0.9896484428141403;0.010351557185859955;"0";"MONITOR"
"L";298.8;308.7;1591;31.1;68;"0";0.9896484428141403;0.010351557185859955;"0";"MONITOR"
"H";298.9;308.8;1621;32.7;75;"0";0.9909847138835626;0.009015286116437725;"0";"MONITOR"
"L";298.8;308.6;1872;22.5;82;"0";0.9892485125698094;0.010751487430190837;"0";"MONITOR"
"L";298.8;308.6;1599;33.0;101;"0";0.9896484428141403;0.010351557185859955;"0";"MONITOR"
"M";298.8;308.6;1707;28.1;103;"0";0.9907270591995844;0.009272940800416175;"0";"MONITOR"
"L";299.0;308.6;1329;60.5;120;"0";0.9570960794188393;0.042903920581160465;"0";"SCHEDULE"
"L";298.9;308.5;1559;34.3;126;"0";0.9896484428141403;0.010351557185859955;"0";"MONITOR"
"L";298.8;308.4;1369;53.0;138;"0";0.9628727476118519;0.037127252388147985;"0";"MONITOR"
"H";298.7;308.5;1420;45.7;143;"0";0.9908201398098144;0.0091798601901859;"0";"MONITOR"
"L";298.4;308.3;1473;39.9;184;"0";0.9896484428141403;0.010351557185859955;"0";"MONITOR"
"L";298.4;308.2;1528;36.2;196;"0";0.9893069679511829;0.010693032048817393;"0";"MONITOR"
"H";298.4;308.2;1987;19.8;198;"0";0.990140463097588;0.00985953690241249;"0";"MONITOR"
"M";298.4;308.1;1495;46.0;203;"0";0.9760852352746393;0.02391476472536146;"0";"MONITOR"
"H";298.4;308.2;1478;43.5;206;"0";0.9706630830105936;0.029336916989406832;"0";"MONITOR"
"M";298.5;308.3;1440;43.6;5;"0";0.9909386628880569;0.00906133711194374;"0";"MONITOR"
"H";298.4;308.3;1458;42.9;15;"0";0.9908818682048762;0.00911813179512417;"0";"MONITOR"
"L";298.4;308.3;1433;62.3;20;"1";0.7207539549740508;0.2792460450259492;"0";"STOP"
"L";298.4;308.3;1318;59.1;22;"0";0.9613898095435289;0.03861019045647099;"0";"MONITOR"
"L";298.2;308.1;1462;50.8;27;"0";0.9892694903908705;0.010730509609129744;"0";"MONITOR"
"L";298.2;308.1;1382;43.5;37;"0";0.9892467156721898;0.01075328432781053;"0";"MONITOR"
"L";298.2;308.1;1618;34.7;39;"0";0.9896484428141403;0.010351557185859955;"0";"MONITOR"
"L";298.2;308.2;1436;50.2;43;"0";0.9892694903908705;0.010730509609129744;"0";"MONITOR"
"M";298.1;308.2;1342;48.1;54;"0";0.957886634982642;0.04211336501735821;"0";"SCHEDULE"
"L";298.1;308.3;1301;56.0;63;"0";0.9599407653586745;0.04005923464132521;"0";"SCHEDULE"
"L";298.3;308.5;1606;33.6;67;"0";0.9896484428141403;0.010351557185859955;"0";"MONITOR"
"M";298.3;308.4;1539;43.4;69;"0";0.9909386628880569;0.00906133711194374;"0";"MONITOR"
"L";298.2;308.4;1477;49.9;72;"0";0.9892694903908705;0.010730509609129744;"0";"MONITOR"
"H";298.3;308.6;1432;49.5;91;"0";0.9908201398098144;0.0091798601901859;"0";"MONITOR"
"L";298.4;308.7;1588;35.0;99;"0";0.9896484428141403;0.010351557185859955;"0";"MONITOR"
"L";298.4;308.6;1433;47.1;101;"0";0.9896484428141403;0.010351557185859955;"0";"MONITOR"
"L";298.4;308.6;1609;35.0;103;"0";0.9896484428141403;0.010351557185859955;"0";"MONITOR"
"L";298.4;308.5;1741;32.8;112;"0";0.9895770946139897;0.010422905386010603;"0";"MONITOR"
"M";298.5;308.6;1344;53.0;114;"0";0.967886634982642;0.03211336501735822;"0";"MONITOR"
"M";298.4;308.7;1421;60.7;119;"1";0.9444844072391194;0.05551559276088087;"0";"SCHEDULE"
"L";298.5;308.7;1575;33.9;128;"0";0.9896484428141403;0.010351557185859955;"0";"MONITOR"
"L";298.4;308.7;1386;44.9;135;"0";0.9894759497606471;0.01052405023935314;"0";"MONITOR"
"M";298.3;308.5;1434;46.2;148;"0";0.9909386628880569;0.00906133711194374;"0";"MONITOR"
"L";298.4;308.6;1304;45.0;158;"0";0.9606254133268085;0.039374586673191235;"0";"MONITOR"
"L";298.4;308.6;1569;34.4;160;"0";0.9896484428141403;0.010351557185859955;"0";"MONITOR"
"L";298.3;308.4;1329;49.2;166;"0";0.9632517000351217;0.03674829996487819;"0";"MONITOR"
"L";298.3;308.5;1539;36.1;168;"0";0.9896484428141403;0.010351557185859955;"0";"MONITOR"
"L";298.3;308.5;1538;32.2;173;"0";0.9896484428141403;0.010351557185859955;"0";"MONITOR"
"L";298.3;308.6;1570;34.8;175;"0";0.9896484428141403;0.010351557185859955;"0";"MONITOR"
"L";298.2;308.4;1512;34.9;181;"0";0.9896484428141403;0.010351557185859955;"0";"MONITOR"
"M";298.1;308.3;1680;33.7;185;"0";0.9908673146879061;0.009132685312094388;"0";"MONITOR"
"M";298.0;308.1;1339;51.6;197;"0";0.9672032797778043;0.032796720222196;"0";"MONITOR"
"M";297.9;308.1;1627;31.4;209;"0";0.9704110565101035;0.029588943489897178;"0";"MONITOR"
"L";298.0;308.3;1362;56.8;216;"1";0.6881779034388948;0.3118220965611052;"0";"STOP"
"M";298.0;308.2;1466;42.6;2;"0";0.9909386628880569;0.00906133711194374;"0";"MONITOR"
"M";298.1;308.2;1420;63.9;19;"1";0.5968647699991688;0.4031352300008313;"0";"STOP"
"M";298.2;308.3;1522;49.1;22;"0";0.9909386628880569;0.00906133711194374;"0";"MONITOR"
"L";298.0;308.0;1401;54.7;65;"0";0.9896441989621502;0.010355801037850028;"0";"MONITOR"
"M";298.0;308.0;1620;29.4;75;"0";0.9911555690380258;0.008844430961974709;"0";"MONITOR"
"L";298.2;308.2;1469;43.0;88;"0";0.9896484428141403;0.010351557185859955;"0";"MONITOR"
"L";298.0;308.5;1395;46.2;122;"0";0.9894759497606471;0.01052405023935314;"0";"MONITOR"
"H";297.9;308.5;2129;18.7;126;"0";0.9904819379605453;0.009518062039455055;"0";"MONITOR"
"L";297.7;308.4;1740;27.1;136;"0";0.9895770946139897;0.010422905386010603;"0";"MONITOR"
"L";297.8;308.4;1374;47.1;150;"0";0.9632517000351217;0.03674829996487819;"0";"MONITOR"
"M";297.8;308.4;1579;36.6;152;"0";0.9909386628880569;0.00906133711194374;"0";"MONITOR"
"L";297.9;308.5;1305;47.2;155;"0";0.9606254133268085;0.039374586673191235;"0";"MONITOR"
"M";298.0;308.6;1453;44.1;165;"0";0.9909386628880569;0.00906133711194374;"0";"MONITOR"
"L";297.8;308.4;1685;28.4;179;"0";0.9895770946139897;0.010422905386010603;"0";"MONITOR"
"L";297.8;308.5;1448;40.0;192;"0";0.9893069679511829;0.010693032048817393;"0";"MONITOR"
"H";297.7;308.5;1720;29.9;210;"0";0.9678568771070911;0.03214312289290933;"0";"MONITOR"
"M";297.6;308.3;1538;40.2;0;"0";0.9909386628880569;0.00906133711194374;"0";"MONITOR"
"L";297.5;308.2;1647;31.3;3;"0";0.9896484428141403;0.010351557185859955;"0";"MONITOR"
"M";297.5;308.2;1713;32.2;17;"0";0.9907270591995844;0.009272940800416175;"0";"MONITOR"
"M";297.4;308.2;1530;32.6;22;"0";0.9909386628880569;0.00906133711194374;"0";"MONITOR"
"L";297.5;308.3;1388;48.6;27;"0";0.9894759497606471;0.01052405023935314;"0";"MONITOR"
"M";297.5;308.3;1459;45.2;34;"0";0.9909386628880569;0.00906133711194374;"0";"MONITOR"
"L";297.5;308.3;1544;40.8;37;"0";0.9896484428141403;0.010351557185859955;"0";"MONITOR"
"L";297.6;308.3;1623;36.9;61;"0";0.9896484428141403;0.010351557185859955;"0";"MONITOR"
"M";297.6;308.4;1398;48.9;63;"0";0.9907661698345636;0.009233830165436926;"0";"MONITOR"
"H";297.6;308.3;1640;30.9;79;"0";0.9908818682048762;0.00911813179512417;"0";"MONITOR"
"L";297.6;308.3;1438;47.8;84;"0";0.9896484428141403;0.010351557185859955;"0";"MONITOR"
"M";297.6;308.5;1552;40.9;90;"0";0.9909386628880569;0.00906133711194374;"0";"MONITOR"
"L";297.4;308.3;1412;42.0;111;"0";0.9896484428141403;0.010351557185859955;"0";"MONITOR"
"L";297.4;308.3;1431;43.0;113;"0";0.9896484428141403;0.010351557185859955;"0";"MONITOR"
"L";297.4;308.2;1533;37.4;115;"0";0.9896484428141403;0.010351557185859955;"0";"MONITOR"
"M";297.4;308.2;1424;53.9;120;"0";0.9900627504792978;0.00993724952070286;"0";"MONITOR"
"M";297.5;308.6;1842;27.0;133;"0";0.9907270591995844;0.009272940800416175;"0";"MONITOR"
"L";297.6;308.7;1455;48.2;145;"0";0.9896484428141403;0.010351557185859955;"0";"MONITOR"
"L";297.6;308.6;1491;38.1;152;"0";0.9896484428141403;0.010351557185859955;"0";"MONITOR"
"M";297.6;308.5;1490;43.4;154;"0";0.9909386628880569;0.00906133711194374;"0";"MONITOR"
"L";297.4;308.3;1490;42.6;164;"0";0.9896484428141403;0.010351557185859955;"0";"MONITOR"
"L";297.4;308.6;1678;32.3;180;"0";0.9895770946139897;0.010422905386010603;"0";"MONITOR"
"L";297.3;308.6;1273;59.8;182;"0";0.9248904312606883;0.07510956873931164;"0";"SCHEDULE"
"L";297.3;308.6;1297;45.9;184;"0";0.9592495534143634;0.040750446585636514;"0";"SCHEDULE"
"L";297.4;308.6;1439;51.9;188;"0";0.9892694903908705;0.010730509609129744;"0";"MONITOR"
"L";297.4;308.4;1588;32.5;207;"0";0.9698666426865746;0.030133357313425632;"0";"MONITOR"
"L";297.5;308.4;1511;42.8;209;"0";0.9698666426865746;0.030133357313425632;"0";"MONITOR"
"M";297.3;308.3;1301;39.6;5;"0";0.9632807314894605;0.03671926851053967;"0";"MONITOR"
"L";297.3;308.3;1484;43.9;13;"0";0.9896484428141403;0.010351557185859955;"0";"MONITOR"
"M";297.3;308.4;1665;28.9;17;"0";0.9908673146879061;0.009132685312094388;"0";"MONITOR"
"L";297.4;308.5;1501;44.9;20;"0";0.9896484428141403;0.010351557185859955;"0";"MONITOR"
"M";297.5;308.5;1496;42.2;22;"0";0.9909386628880569;0.00906133711194374;"0";"MONITOR"
"M";297.6;308.6;1595;36.9;25;"0";0.9909386628880569;0.00906133711194374;"0";"MONITOR"
"L";297.5;308.6;1208;62.3;28;"0";0.8482215170869611;0.15177848291303894;"0";"STOP"
"M";297.5;308.5;1484;44.7;40;"0";0.9909386628880569;0.00906133711194374;"0";"MONITOR"
"L";297.3;308.3;1538;38.5;47;"0";0.9896484428141403;0.010351557185859955;"0";"MONITOR"
"L";297.4;308.4;1341;52.2;49;"0";0.9628727476118519;0.037127252388147985;"0";"MONITOR"
"H";297.5;308.5;1393;46.6;56;"0";0.9807753063307892;0.019224693669211;"0";"MONITOR"
"L";297.4;308.4;1582;37.2;68;"0";0.9896484428141403;0.010351557185859955;"0";"MONITOR"
"H";297.5;308.6;1440;46.1;84;"0";0.9908818682048762;0.00911813179512417;"0";"MONITOR"
"L";297.4;308.6;1276;53.6;103;"0";0.9588925211751449;0.04110747882485491;"0";"SCHEDULE"
"H";297.3;308.6;1431;42.0;109;"0";0.9908201398098144;0.0091798601901859;"0";"MONITOR"
"L";297.4;308.7;1433;43.4;116;"0";0.9896484428141403;0.010351557185859955;"0";"MONITOR"
"M";297.3;308.6;1456;42.9;122;"0";0.9909386628880569;0.00906133711194374;"0";"MONITOR"
"L";297.3;308.7;1619;31.6;129;"0";0.9896484428141403;0.010351557185859955;"0";"MONITOR"
"M";297.4;309.0;1497;41.8;144;"0";0.9909386628880569;0.00906133711194374;"0";"MONITOR"
"L";297.4;309.0;1570;37.9;154;"0";0.9896484428141403;0.010351557185859955;"0";"MONITOR"
"L";297.4;309.0;1833;22.6;161;"0";0.9895770946139897;0.010422905386010603;"0";"MONITOR"
"M";297.5;309.2;1347;55.8;188;"0";0.9666794889042467;0.033320511095753506;"0";"MONITOR"
"L";297.4;309.2;1420;45.6;193;"0";0.9892814298264109;0.01071857017358937;"0";"MONITOR"
"L";297.5;309.3;1404;43.5;195;"0";0.9892814298264109;0.01071857017358937;"0";"MONITOR"
"L";297.5;309.3;1470;38.8;197;"0";0.9892814298264109;0.01071857017358937;"0";"MONITOR"
"M";297.5;309.2;1804;27.4;215;"0";0.9575436665028562;0.042456333497144325;"0";"SCHEDULE"
"L";297.7;309.3;1893;24.6;15;"0";0.9892229744450374;0.010777025554962818;"0";"MONITOR"
"L";297.5;309.3;1479;39.4;22;"0";0.9896229046893683;0.010377095310631934;"0";"MONITOR"
"L";297.4;309.2;1620;33.2;28;"0";0.9896229046893683;0.010377095310631934;"0";"MONITOR"
"L";297.5;309.3;1732;29.9;32;"0";0.9895515564892176;0.010448443510782583;"0";"MONITOR"
"M";297.5;309.4;1391;58.2;34;"0";0.9895590237561683;0.010440976243832214;"0";"MONITOR"
"M";297.6;309.6;1592;35.8;57;"0";0.9908277210365768;0.009172278963423795;"0";"MONITOR"
"L";297.5;309.3;1623;33.4;74;"0";0.9896229046893683;0.010377095310631934;"0";"MONITOR"
"L";297.4;309.3;1759;24.8;81;"0";0.9895515564892176;0.010448443510782583;"0";"MONITOR"
"H";297.4;309.3;1516;43.0;83;"0";0.9908563300801042;0.00914366991989615;"0";"MONITOR"
"L";297.4;309.4;1296;52.3;96;"0";0.9602209227787667;0.03977907722123301;"0";"MONITOR"
"L";297.6;309.4;1958;22.1;108;"0";0.9892229744450374;0.010777025554962818;"0";"MONITOR"
"L";297.4;309.3;1332;53.2;115;"0";0.9628472094870798;0.03715279051291997;"0";"MONITOR"
"L";297.4;309.2;1274;54.3;121;"0";0.9584827226407318;0.041517277359268;"0";"SCHEDULE"
"M";297.4;309.4;1539;42.2;134;"0";0.9908277210365768;0.009172278963423795;"0";"MONITOR"
"L";297.5;309.4;1357;50.1;137;"0";0.9628472094870798;0.03715279051291997;"0";"MONITOR"
"H";297.7;309.7;1570;35.8;160;"0";0.9908563300801042;0.00914366991989615;"0";"MONITOR"
"M";297.6;309.7;1541;33.7;165;"0";0.9908277210365768;0.009172278963423795;"0";"MONITOR"
"L";297.8;309.7;1935;22.1;171;"0";0.9889372013338241;0.011062798666176162;"0";"MONITOR"
"L";297.8;309.9;1351;49.0;181;"0";0.9579043367436385;0.042095663256361354;"0";"SCHEDULE"
"L";297.9;309.9;1472;45.0;183;"0";0.9888801491638892;0.011119850836111014;"0";"MONITOR"
"M";297.9;309.9;1410;55.4;188;"0";0.9892745343953958;0.010725465604604759;"0";"MONITOR"
"L";297.8;309.8;1533;36.8;198;"0";0.9885386743009319;0.011461325699068445;"0";"MONITOR"
"L";297.8;309.7;1394;42.9;206;"0";0.9717504931175992;0.028249506882401135;"0";"MONITOR"
"L";297.8;309.7;1341;49.2;208;"0";0.9162712254186279;0.08372877458137216;"0";"SCHEDULE"
"H";297.7;309.6;1697;32.2;210;"0";0.9678568771070911;0.03214312289290933;"0";"MONITOR"
"H";297.5;309.5;1668;27.9;240;"0";0.8670717189248692;0.13292828107513105;"0";"SCHEDULE"
"M";297.6;309.6;1330;53.1;7;"0";0.9643019446574134;0.03569805534258675;"0";"MONITOR"
"H";297.6;309.6;1428;46.6;13;"0";0.9907946016850424;0.00920539831495788;"0";"MONITOR"
"L";297.7;309.6;1480;47.9;18;"0";0.9893371315781551;0.010662868421845278;"0";"MONITOR"
"L";297.9;309.7;2194;16.8;27;"0";0.9889372013338241;0.011062798666176162;"0";"MONITOR"
"L";297.9;309.8;1336;71.6;31;"1";0.0;1.0;"1";"STOP"
"L";298.0;309.9;1403;47.7;43;"0";0.988707656110396;0.011292343889604201;"0";"MONITOR"
"L";298.1;309.9;1629;32.5;45;"0";0.9888801491638892;0.011119850836111014;"0";"MONITOR"
"L";298.1;309.9;1634;30.0;53;"0";0.9888801491638892;0.011119850836111014;"0";"MONITOR"
"M";298.0;309.9;1445;45.2;55;"0";0.990370738622311;0.009629261377689527;"0";"MONITOR"
"L";298.1;309.9;1642;30.4;58;"0";0.9888801491638892;0.011119850836111014;"0";"MONITOR"
"H";298.1;309.9;1686;29.1;60;"0";0.9892565708942591;0.010743429105741109;"0";"MONITOR"
"L";298.4;310.1;1926;23.7;83;"0";0.9889805785530495;0.011019421446950704;"0";"MONITOR"
"H";298.3;310.1;1509;37.6;85;"0";0.9905112450156284;0.009488754984371888;"0";"MONITOR"
"L";298.3;310.1;1523;45.9;99;"0";0.9890519267532002;0.010948073246800053;"0";"MONITOR"
"L";298.4;310.0;1554;37.3;103;"0";0.9890519267532002;0.010948073246800053;"0";"MONITOR"
"L";298.0;309.6;1536;37.3;120;"0";0.9893371315781551;0.010662868421845278;"0";"MONITOR"
"L";298.0;309.6;1403;51.3;122;"0";0.9891646385246617;0.010835361475338465;"0";"MONITOR"
"M";297.9;309.6;1515;38.8;124;"0";0.9908277210365768;0.009172278963423795;"0";"MONITOR"
"L";297.7;309.4;1392;44.1;140;"0";0.989450411635875;0.010549588364125123;"0";"MONITOR"
"H";297.7;309.3;1400;48.9;147;"0";0.9906221086315492;0.009377891368451068;"0";"MONITOR"
"M";297.7;309.2;1732;28.8;152;"0";0.9906161173481043;0.009383882651896231;"0";"MONITOR"
"L";297.6;309.2;1611;33.1;155;"0";0.9896229046893683;0.010377095310631934;"0";"MONITOR"
"L";297.6;309.1;1503;38.9;157;"0";0.9896484428141403;0.010351557185859955;"0";"MONITOR"
"L";297.8;309.3;2015;20.1;161;"0";0.9892229744450374;0.010777025554962818;"0";"MONITOR"
"L";297.8;309.2;1683;30.9;163;"0";0.9895515564892176;0.010448443510782583;"0";"MONITOR"
"L";297.7;309.1;1562;36.8;172;"0";0.9896484428141403;0.010351557185859955;"0";"MONITOR"
"L";297.5;308.9;1469;44.0;185;"0";0.9896484428141403;0.010351557185859955;"0";"MONITOR"
"L";297.5;308.9;1554;34.8;204;"0";0.976188744625934;0.02381125537406636;"0";"MONITOR"
"M";297.6;308.9;1433;43.2;206;"0";0.9725806800523413;0.027419319947659334;"0";"MONITOR"
"M";297.8;309.1;1432;42.6;17;"0";0.9909386628880569;0.00906133711194374;"0";"MONITOR"
"M";297.7;309.0;1656;33.2;20;"0";0.9909386628880569;0.00906133711194374;"0";"MONITOR"
"H";297.6;309.0;1735;26.4;41;"0";0.9908105200047256;0.009189479995274821;"0";"MONITOR"
"L";297.7;309.1;1563;39.3;56;"0";0.9896484428141403;0.010351557185859955;"0";"MONITOR"
"L";297.7;309.1;1479;42.1;58;"0";0.9896484428141403;0.010351557185859955;"0";"MONITOR"
"L";297.6;309.1;1394;50.0;62;"0";0.9890969973373772;0.01090300266262293;"0";"MONITOR"
"L";297.6;309.0;1487;45.4;64;"0";0.9896484428141403;0.010351557185859955;"0";"MONITOR"
"M";297.6;309.0;1815;25.3;66;"0";0.9907270591995844;0.009272940800416175;"0";"MONITOR"
"L";297.6;308.8;1539;40.2;72;"0";0.9896484428141403;0.010351557185859955;"0";"MONITOR"
"H";297.5;308.7;1416;39.2;74;"0";0.9908201398098144;0.0091798601901859;"0";"MONITOR"
"M";297.6;308.8;1683;31.6;79;"0";0.9908673146879061;0.009132685312094388;"0";"MONITOR"
"L";297.7;308.8;1515;40.1;82;"0";0.9896484428141403;0.010351557185859955;"0";"MONITOR"
"H";297.7;308.9;1479;40.9;87;"0";0.9908818682048762;0.00911813179512417;"0";"MONITOR"
"M";297.8;309.0;1434;43.3;96;"0";0.9909386628880569;0.00906133711194374;"0";"MONITOR"
"M";297.5;308.7;1697;28.1;107;"0";0.9907270591995844;0.009272940800416175;"0";"MONITOR"
"H";297.4;308.6;1420;45.8;120;"0";0.9908201398098144;0.0091798601901859;"0";"MONITOR"
"L";297.4;308.7;1545;36.9;125;"0";0.9896484428141403;0.010351557185859955;"0";"MONITOR"
"M";297.4;308.9;1500;46.3;137;"0";0.9909386628880569;0.00906133711194374;"0";"MONITOR"
"L";297.5;308.9;1390;44.6;140;"0";0.9894759497606471;0.01052405023935314;"0";"MONITOR"
"M";297.4;308.8;1628;37.4;144;"0";0.9909386628880569;0.00906133711194374;"0";"MONITOR"
"M";297.4;308.7;1425;50.3;152;"0";0.9909386628880569;0.00906133711194374;"0";"MONITOR"
"L";297.2;308.6;1924;22.1;163;"0";0.9892485125698094;0.010751487430190837;"0";"MONITOR"
"M";297.1;308.4;1421;42.0;165;"0";0.9909386628880569;0.00906133711194374;"0";"MONITOR"
"L";296.9;308.3;1555;38.2;175;"0";0.9897543044099057;0.010245695590094417;"0";"MONITOR"
"L";296.8;308.3;1506;45.9;182;"0";0.9894107795106198;0.010589220489380406;"0";"MONITOR"
"L";296.9;308.4;1390;41.8;184;"0";0.9895818113564125;0.010418188643587607;"0";"MONITOR"
"M";296.9;308.4;1450;46.9;186;"0";0.9910445244838223;0.008955475516178204;"0";"MONITOR"
"L";296.7;308.0;1451;50.7;197;"0";0.9896742598064927;0.01032574019350756;"0";"MONITOR"
"L";296.9;308.1;1422;48.7;215;"0";0.9507087654136538;0.049291234586346225;"0";"SCHEDULE"
"M";296.7;307.8;1537;36.3;233;"0";0.9096097811089539;0.09039021889104656;"0";"SCHEDULE"
"L";296.7;307.8;1505;39.4;236;"0";0.9462803007648206;0.053719699235179746;"0";"SCHEDULE"
"L";296.8;308.0;1561;38.3;9;"0";0.9899275551719039;0.010072444828096341;"0";"MONITOR"
"L";296.9;308.0;1546;31.1;11;"0";0.9903015060346787;0.009698493965321507;"0";"MONITOR"
"L";296.9;308.0;1343;44.5;15;"0";0.9639047632556601;0.03609523674433975;"0";"MONITOR"
"L";296.8;308.0;1391;54.4;17;"0";0.9893761096951408;0.01062389030485932;"0";"MONITOR"
"H";296.8;308.0;1311;58.6;19;"0";0.9619854573986545;0.03801454260134541;"0";"MONITOR"
"L";296.7;307.8;1453;46.0;33;"0";0.9900532122297625;0.009946787770237765;"0";"MONITOR"
"L";296.8;308.0;1675;29.7;46;"0";0.9898562069717532;0.01014379302824699;"0";"MONITOR"
"M";296.9;308.0;1497;44.8;57;"0";0.9912614306337914;0.008738569366209172;"0";"MONITOR"
"M";296.9;308.1;1440;46.3;64;"0";0.9910445244838223;0.008955475516178204;"0";"MONITOR"
"M";296.9;308.0;1641;33.3;67;"0";0.9912614306337914;0.008738569366209172;"0";"MONITOR"
"L";296.8;307.9;1420;45.4;70;"0";0.9899275551719039;0.010072444828096341;"0";"MONITOR"
"L";296.9;307.8;1605;37.0;84;"0";0.9903015060346787;0.009698493965321507;"0";"MONITOR"
"M";296.9;307.8;1828;24.6;91;"0";0.991049826945319;0.008950173054681607;"0";"MONITOR"
"M";297.0;307.9;1422;53.0;115;"0";0.9911555690380258;0.008844430961974709;"0";"MONITOR"
"L";297.0;307.7;1867;22.8;118;"0";0.9902568896301589;0.009743110369841377;"0";"MONITOR"
"L";296.9;307.7;1550;39.7;124;"0";0.9907626814702553;0.009237318529744958;"0";"MONITOR"
"L";296.8;307.6;1588;37.6;126;"0";0.9910575075276465;0.008942492472353758;"0";"MONITOR"
"L";296.8;307.6;1513;40.0;130;"0";0.9910575075276465;0.008942492472353758;"0";"MONITOR"
"L";296.8;307.6;1304;48.7;142;"0";0.9632584766078005;0.03674152339219934;"0";"MONITOR"
"L";296.8;307.6;1398;46.7;144;"0";0.9908850144741532;0.009114985525846947;"0";"MONITOR"
"L";296.7;307.6;1474;41.7;148;"0";0.9911831645855051;0.008816835414495183;"0";"MONITOR"
"M";296.7;307.6;1547;34.7;150;"0";0.9919163312978826;0.008083668702117928;"0";"MONITOR"
"L";296.6;307.4;1631;35.0;168;"0";0.9911831645855051;0.008816835414495183;"0";"MONITOR"
"L";296.6;307.4;1521;38.6;173;"0";0.9911831645855051;0.008816835414495183;"0";"MONITOR"
"H";296.6;307.4;1333;50.2;177;"0";0.9691248076699772;0.03087519233002278;"0";"MONITOR"
"L";296.6;307.4;1465;47.8;187;"0";0.9911831645855051;0.008816835414495183;"0";"MONITOR"
"L";296.6;307.5;1439;45.5;199;"0";0.9911831645855051;0.008816835414495183;"0";"MONITOR"
"M";296.6;307.5;1566;35.0;201;"0";0.9891361628191642;0.010863837180836387;"0";"MONITOR"
"L";296.6;307.5;1485;42.7;204;"0";0.9782842479835786;0.02171575201642162;"0";"MONITOR"
"L";296.4;307.4;2833;5.6;213;"1";0.01;0.99;"1";"STOP"
"M";296.2;307.2;1389;48.6;7;"0";0.9917438382443894;0.008256161755611115;"0";"MONITOR"
"M";296.3;307.3;1368;49.5;10;"0";0.9704707111377737;0.02952928886222645;"0";"MONITOR"
"L";296.3;307.3;1444;49.0;13;"0";0.9911831645855051;0.008816835414495183;"0";"MONITOR"
"L";296.1;307.2;1615;30.8;18;"0";0.9911831645855051;0.008816835414495183;"0";"MONITOR"
"M";296.2;307.0;1516;37.6;25;"0";0.9922471676481766;0.0077528323518238984;"0";"MONITOR"
"H";296.2;307.0;1542;40.6;28;"0";0.9922146912782721;0.007785308721728251;"0";"MONITOR"
"H";296.1;306.8;1645;31.0;41;"0";0.9922146912782721;0.007785308721728251;"0";"MONITOR"
"M";296.0;306.7;2044;22.3;48;"0";0.9907573700874075;0.009242629912593066;"0";"MONITOR"
"L";295.8;306.5;1358;49.2;63;"0";0.9681761074581765;0.031823892541823405;"0";"MONITOR"
"L";295.8;306.4;1339;53.2;67;"0";0.9677971550349066;0.032202844965093194;"0";"MONITOR"
"M";295.8;306.4;1335;51.7;69;"0";0.9719121087022775;0.028087891297722732;"0";"MONITOR"
"L";295.9;306.4;1575;28.5;74;"0";0.9915140009357991;0.008485999064201152;"0";"MONITOR"
"L";295.7;306.2;1464;46.2;92;"0";0.9915140009357991;0.008485999064201152;"0";"MONITOR"
"M";295.6;306.2;1435;51.6;126;"0";0.9922471676481766;0.0077528323518238984;"0";"MONITOR"
"H";295.6;306.1;1256;62.3;142;"0";0.8807204082251556;0.11927959177484444;"0";"SCHEDULE"
"L";295.7;306.2;2270;14.6;149;"1";0.9782905825132459;0.02170941748675451;"0";"MONITOR"
"H";295.7;306.2;1458;49.8;151;"0";0.9922146912782721;0.007785308721728251;"0";"MONITOR"
"L";295.6;306.1;1474;41.2;156;"0";0.9916850428906483;0.008314957109352001;"0";"MONITOR"
"M";295.3;305.8;1589;36.2;184;"0";0.9924182096030257;0.007581790396974747;"0";"MONITOR"
"H";295.6;306.1;1623;30.9;210;"0";0.9341993443542914;0.06580065564570903;"0";"SCHEDULE"
"L";295.6;306.0;1419;51.1;7;"0";0.9913060904673785;0.008693909532621794;"0";"MONITOR"
"L";295.5;306.0;1597;37.2;16;"0";0.9916850428906483;0.008314957109352001;"0";"MONITOR"
"M";295.6;306.2;1477;45.0;40;"0";0.9922471676481766;0.0077528323518238984;"0";"MONITOR"
"L";295.6;306.2;1287;54.8;49;"0";0.9652156743386467;0.03478432566135308;"0";"MONITOR"
"L";295.5;306.1;1650;32.8;67;"0";0.9916850428906483;0.008314957109352001;"0";"MONITOR"
"H";295.6;306.2;1632;32.2;76;"0";0.9922146912782721;0.007785308721728251;"0";"MONITOR"
"M";295.7;306.4;1387;40.1;81;"0";0.9920746745946833;0.007925325405317086;"0";"MONITOR"
"L";295.8;306.4;1399;47.6;84;"0";0.9913415078823058;0.00865849211769434;"0";"MONITOR"
"L";295.8;306.5;1505;35.2;86;"0";0.9915140009357991;0.008485999064201152;"0";"MONITOR"
"L";295.8;306.6;1621;31.6;95;"0";0.9915140009357991;0.008485999064201152;"0";"MONITOR"
"L";295.9;306.7;1547;40.9;107;"0";0.9915140009357991;0.008485999064201152;"0";"MONITOR"
"L";295.8;306.6;1644;35.2;115;"0";0.9915140009357991;0.008485999064201152;"0";"MONITOR"
"M";296.0;306.6;1392;51.3;124;"0";0.9920746745946833;0.007925325405317086;"0";"MONITOR"
"L";296.0;306.7;1917;21.0;127;"0";0.9911140706914682;0.008885929308532036;"0";"MONITOR"
"L";296.2;306.8;1389;53.3;132;"0";0.990962555459036;0.009037444540964133;"0";"MONITOR"
"L";296.1;306.7;1409;42.8;134;"0";0.9915140009357991;0.008485999064201152;"0";"MONITOR"
"L";296.2;306.8;1655;31.1;136;"0";0.9915140009357991;0.008485999064201152;"0";"MONITOR"
"L";296.2;306.9;1516;39.1;138;"0";0.9915140009357991;0.008485999064201152;"0";"MONITOR"
"L";296.2;306.9;1526;34.9;140;"0";0.9915140009357991;0.008485999064201152;"0";"MONITOR"
"L";296.4;307.2;1748;25.3;144;"0";0.9911118163853544;0.008888183614645833;"0";"MONITOR"
"H";296.4;307.1;1638;32.5;146;"0";0.9922146912782721;0.007785308721728251;"0";"MONITOR"
"M";296.3;307.1;1534;33.8;151;"0";0.9922471676481766;0.0077528323518238984;"0";"MONITOR"
"M";296.1;307.0;1523;42.0;164;"0";0.9922471676481766;0.0077528323518238984;"0";"MONITOR"
"L";296.3;307.3;1566;35.8;175;"0";0.9911831645855051;0.008816835414495183;"0";"MONITOR"
"M";296.3;307.2;1446;45.9;180;"0";0.9919163312978826;0.008083668702117928;"0";"MONITOR"
"L";296.3;307.1;1662;32.9;190;"0";0.9915140009357991;0.008485999064201152;"0";"MONITOR"
"L";296.2;307.1;1444;46.7;194;"0";0.9915140009357991;0.008485999064201152;"0";"MONITOR"
"H";296.3;307.2;1424;42.0;196;"0";0.9918221265329162;0.00817787346708401;"0";"MONITOR"
"M";296.2;307.2;1633;31.1;0;"0";0.9919163312978826;0.008083668702117928;"0";"MONITOR"
"L";296.2;307.1;1441;41.7;3;"0";0.9915140009357991;0.008485999064201152;"0";"MONITOR"
"M";296.2;307.3;1451;42.8;11;"0";0.9919163312978826;0.008083668702117928;"0";"MONITOR"
"M";296.1;307.1;1433;38.5;14;"0";0.9922471676481766;0.0077528323518238984;"0";"MONITOR"
"L";296.2;307.2;1356;43.6;22;"0";0.9663928295517924;0.03360717044820746;"0";"MONITOR"
"L";296.3;307.3;1372;57.7;33;"0";0.9657081815836583;0.034291818416341435;"0";"MONITOR"
"L";296.2;307.3;1881;24.3;40;"0";0.9907832343411742;0.009216765658826067;"0";"MONITOR"
"L";296.2;307.3;1475;37.0;44;"0";0.9911831645855051;0.008816835414495183;"0";"MONITOR"
"L";296.4;307.4;1512;36.8;46;"0";0.9911831645855051;0.008816835414495183;"0";"MONITOR"
"L";296.3;307.4;1760;28.4;56;"0";0.9911118163853544;0.008888183614645833;"0";"MONITOR"
"L";296.3;307.4;1648;34.0;60;"0";0.9911831645855051;0.008816835414495183;"0";"MONITOR"
"L";296.6;307.6;1498;41.1;80;"0";0.9911831645855051;0.008816835414495183;"0";"MONITOR"
"L";296.6;307.6;1671;28.8;108;"0";0.9911118163853544;0.008888183614645833;"0";"MONITOR"
"M";296.7;307.7;1597;32.1;114;"0";0.9916714116659436;0.008328588334056851;"0";"MONITOR"
"L";296.8;307.9;1718;25.2;148;"0";0.9898562069717532;0.01014379302824699;"0";"MONITOR"
"M";296.9;307.8;1840;24.6;157;"0";0.991049826945319;0.008950173054681607;"0";"MONITOR"
"L";297.0;307.9;1595;31.7;170;"0";0.9901956444389133;0.009804355561087044;"0";"MONITOR"
"L";297.0;307.7;1731;28.5;186;"0";0.9905854716743392;0.009414528325661144;"0";"MONITOR"
"L";297.0;307.8;1774;28.0;188;"0";0.9901242962387626;0.009875703761237692;"0";"MONITOR"
"L";297.0;307.9;1455;49.0;204;"0";0.9760575971123945;0.02394240288760585;"0";"MONITOR"
"L";297.0;307.7;1447;46.4;8;"0";0.9906568198744898;0.009343180125510494;"0";"MONITOR"
"M";296.8;307.5;1443;39.2;13;"0";0.991790674240024;0.008209325759976502;"0";"MONITOR"
"L";297.0;307.6;1680;35.8;20;"0";0.9908303913062781;0.009169608693722221;"0";"MONITOR"
"H";296.8;307.5;1695;30.0;33;"0";0.9908535163366355;0.009146483663364841;"0";"MONITOR"
"M";296.7;307.4;1540;38.7;45;"0";0.9919163312978826;0.008083668702117928;"0";"MONITOR"
"L";296.6;307.4;1389;42.7;48;"0";0.9910106715320118;0.008989328467988372;"0";"MONITOR"
"L";296.7;307.6;1540;38.6;53;"0";0.9911831645855051;0.008816835414495183;"0";"MONITOR"
"L";296.6;307.5;1557;35.1;60;"0";0.9911831645855051;0.008816835414495183;"0";"MONITOR"
"L";296.5;307.4;1292;52.5;62;"0";0.9630051812423893;0.03699481875761056;"0";"MONITOR"
"L";296.4;307.3;1487;37.5;83;"0";0.9911831645855051;0.008816835414495183;"0";"MONITOR"
"H";296.6;307.7;1654;31.0;91;"0";0.9908056019627058;0.00919439803729454;"0";"MONITOR"
"L";296.6;307.6;1459;40.2;96;"0";0.9911831645855051;0.008816835414495183;"0";"MONITOR"
"L";296.5;307.6;1541;38.5;98;"0";0.9911831645855051;0.008816835414495183;"0";"MONITOR"
"H";296.6;307.7;1386;62.3;100;"1";0.7712903162708906;0.22870968372910966;"0";"STOP"
"M";296.7;307.8;1375;51.4;108;"0";0.9699870936877302;0.030012906312270066;"0";"MONITOR"
"L";296.8;307.9;1706;30.8;111;"0";0.9898562069717532;0.01014379302824699;"0";"MONITOR"
"L";296.8;307.9;1413;46.5;121;"0";0.9899275551719039;0.010072444828096341;"0";"MONITOR"
"L";296.8;307.9;1489;33.4;123;"0";0.9899275551719039;0.010072444828096341;"0";"MONITOR"
"M";296.8;307.9;1418;47.9;127;"0";0.9908874797710164;0.009112520228984003;"0";"MONITOR"
"M";296.9;307.8;1426;50.7;130;"0";0.9912614306337914;0.008738569366209172;"0";"MONITOR"
"L";296.9;307.9;1435;41.6;139;"0";0.9903015060346787;0.009698493965321507;"0";"MONITOR"
"L";297.0;307.9;1479;39.2;151;"0";0.9901956444389133;0.009804355561087044;"0";"MONITOR"
"L";297.0;307.9;1296;69.1;153;"1";0.01;0.99;"1";"STOP"
"L";297.0;307.8;1553;33.3;155;"0";0.9901956444389133;0.009804355561087044;"0";"MONITOR"
"L";297.1;307.9;1456;50.0;166;"0";0.9898166920156435;0.010183307984356838;"0";"MONITOR"
"L";296.9;307.9;1626;29.9;177;"0";0.9903015060346787;0.009698493965321507;"0";"MONITOR"
"H";297.0;307.9;1846;27.3;179;"0";0.9909849459682144;0.009015054031785978;"0";"MONITOR"
"H";297.0;307.8;1404;40.7;184;"0";0.9909945657733035;0.009005434226697055;"0";"MONITOR"
"H";297.0;307.7;1834;23.8;195;"0";0.9912526611792911;0.008747338820709182;"0";"MONITOR"
"L";296.9;307.8;1400;57.1;202;"1";0.9447910900912703;0.055208909908729877;"0";"SCHEDULE"
"L";297.1;308.1;1754;30.3;206;"0";0.9713883430539889;0.028611656946011352;"0";"MONITOR"
"M";297.1;308.1;1823;24.3;219;"0";0.9358695050932997;0.06413049490670071;"0";"SCHEDULE"
"H";297.0;308.1;1517;41.4;222;"0";0.9426625312833142;0.057337468716685935;"0";"SCHEDULE"
"M";297.2;308.3;1578;37.8;3;"0";0.9909386628880569;0.00906133711194374;"0";"MONITOR"
"L";297.3;308.4;1441;43.4;14;"0";0.9896484428141403;0.010351557185859955;"0";"MONITOR"
"L";297.3;308.5;1497;47.5;27;"0";0.9896484428141403;0.010351557185859955;"0";"MONITOR"
"L";297.3;308.4;1491;46.5;29;"0";0.9896484428141403;0.010351557185859955;"0";"MONITOR"
"M";297.2;308.3;1794;27.5;38;"0";0.9907270591995844;0.009272940800416175;"0";"MONITOR"
"H";296.9;307.9;1557;36.5;63;"0";0.9903623232683182;0.009637676731682187;"0";"MONITOR"
"M";297.0;308.1;1573;34.9;93;"0";0.9909386628880569;0.00906133711194374;"0";"MONITOR"
"H";297.0;308.1;2540;13.3;98;"0";0.25628794423118134;0.7437120557688188;"1";"STOP"
"H";296.9;308.0;1416;46.9;105;"0";0.9903005948732564;0.009699405126743915;"0";"MONITOR"
"L";296.8;307.9;1709;28.4;118;"0";0.9898562069717532;0.01014379302824699;"0";"MONITOR"
"L";296.9;308.0;1514;41.0;120;"0";0.9903015060346787;0.009698493965321507;"0";"MONITOR"
"M";297.0;308.3;1399;46.4;132;"0";0.9907661698345636;0.009233830165436926;"0";"MONITOR"
"L";297.1;308.4;1488;42.5;146;"0";0.9896484428141403;0.010351557185859955;"0";"MONITOR"
"M";297.1;308.4;1583;38.2;150;"0";0.9909386628880569;0.00906133711194374;"0";"MONITOR"
"L";297.2;308.6;1500;37.1;161;"0";0.9896484428141403;0.010351557185859955;"0";"MONITOR"
"M";297.1;308.4;1502;37.3;181;"0";0.9909386628880569;0.00906133711194374;"0";"MONITOR"
"M";297.1;308.5;1621;32.4;194;"0";0.9905971880250994;0.009402811974901176;"0";"MONITOR"
"L";297.2;308.6;1489;40.2;214;"0";0.955633271308783;0.04436672869121725;"0";"SCHEDULE"
"L";297.3;308.7;1467;36.8;216;"0";0.9393700039155891;0.060629996084410956;"0";"SCHEDULE"
"L";297.5;308.8;1533;41.5;223;"0";0.9215441816249187;0.07845581837508164;"0";"SCHEDULE"
"H";297.5;308.8;1430;49.4;2;"0";0.9908201398098144;0.0091798601901859;"0";"MONITOR"
"H";297.5;308.9;1419;50.7;7;"0";0.9908201398098144;0.0091798601901859;"0";"MONITOR"
"M";297.5;308.9;1535;37.7;12;"0";0.9909386628880569;0.00906133711194374;"0";"MONITOR"
"L";298.1;309.4;1397;48.2;63;"0";0.989450411635875;0.010549588364125123;"0";"MONITOR"
"M";298.2;309.4;1408;46.5;76;"0";0.9908277210365768;0.009172278963423795;"0";"MONITOR"
"L";298.2;309.4;1398;52.9;79;"0";0.9890714592126052;0.010928540787394914;"0";"MONITOR"
"L";298.4;309.5;2153;15.3;98;"1";0.9872842513772375;0.012715748622762778;"0";"MONITOR"
"M";298.5;309.6;1492;41.7;100;"0";0.9908277210365768;0.009172278963423795;"0";"MONITOR"
"L";298.5;309.6;1419;41.5;105;"0";0.9893371315781551;0.010662868421845278;"0";"MONITOR"
"M";298.5;309.6;1441;48.2;107;"0";0.9908277210365768;0.009172278963423795;"0";"MONITOR"
"L";298.6;309.7;1429;45.8;113;"0";0.9893371315781551;0.010662868421845278;"0";"MONITOR"
"M";298.7;309.7;1868;23.8;118;"0";0.9804356834520722;0.019564316547928312;"0";"MONITOR"
"H";298.7;309.8;1582;33.4;121;"0";0.9893279190944098;0.010672080905590459;"0";"MONITOR"
"L";298.8;309.9;1428;42.4;132;"0";0.9888801491638892;0.011119850836111014;"0";"MONITOR"
"L";298.7;309.9;1593;42.5;146;"0";0.9888801491638892;0.011119850836111014;"0";"MONITOR"
"L";298.9;310.1;1473;42.6;164;"0";0.9890519267532002;0.010948073246800053;"0";"MONITOR"
"M";299.0;310.3;1635;34.5;168;"0";0.9905425162116219;0.009457483788378572;"0";"MONITOR"
"M";299.0;310.3;1582;33.3;177;"0";0.9905425162116219;0.009457483788378572;"0";"MONITOR"
"L";299.0;310.3;1929;24.4;180;"0";0.9889805785530495;0.011019421446950704;"0";"MONITOR"
"M";299.0;310.3;1540;38.1;182;"0";0.9905425162116219;0.009457483788378572;"0";"MONITOR"
"L";298.9;310.1;1361;51.7;192;"0";0.9575628618806812;0.0424371381193188;"0";"SCHEDULE"
"M";298.8;310.1;1243;74.5;194;"1";0.01;0.99;"1";"STOP"
"H";298.8;310.1;1567;36.8;197;"0";0.9865334065163074;0.013466593483692963;"0";"MONITOR"
"L";298.9;310.2;1411;46.5;202;"0";0.9808429761054902;0.019157023894510364;"0";"MONITOR"
"H";298.8;310.2;1663;30.4;209;"0";0.9658078571171634;0.03419214288283693;"0";"MONITOR"
"L";299.0;310.3;1868;24.0;221;"0";0.9309028159623619;0.06909718403763838;"0";"SCHEDULE"
"L";299.0;310.4;1365;49.1;226;"1";0.8377150444683759;0.16228495553162442;"0";"STOP"
"L";299.0;310.4;1371;53.8;228;"1";0.456075425578467;0.5439245744215329;"1";"STOP"
"L";298.6;310.1;1721;27.2;5;"0";0.9889805785530495;0.011019421446950704;"0";"MONITOR"
"M";298.6;310.2;1668;31.5;7;"0";0.9904711680114713;0.009528831988529222;"0";"MONITOR"
"L";298.5;310.2;1676;32.7;18;"0";0.9889805785530495;0.011019421446950704;"0";"MONITOR"
"L";298.5;310.0;1804;26.1;22;"0";0.9889805785530495;0.011019421446950704;"0";"MONITOR"
"L";298.7;310.2;1525;43.7;34;"0";0.9890519267532002;0.010948073246800053;"0";"MONITOR"
"M";298.6;310.1;1444;48.1;39;"0";0.9905425162116219;0.009457483788378572;"0";"MONITOR"
"L";298.6;310.0;1334;48.0;42;"0";0.9579043367436385;0.042095663256361354;"0";"SCHEDULE"
"L";298.6;309.9;1593;37.4;47;"0";0.9888801491638892;0.011119850836111014;"0";"MONITOR"
"L";298.6;309.9;1461;45.7;49;"0";0.9888801491638892;0.011119850836111014;"0";"MONITOR"
"L";298.7;310.2;1404;50.3;54;"0";0.9890519267532002;0.010948073246800053;"0";"MONITOR"
"L";298.7;310.2;1566;33.1;68;"0";0.9890519267532002;0.010948073246800053;"0";"MONITOR"
"L";298.7;310.1;1676;33.5;70;"0";0.9889805785530495;0.011019421446950704;"0";"MONITOR"
"M";298.8;310.3;1366;59.0;94;"0";0.961643436848749;0.038356563151251334;"0";"MONITOR"
"H";298.8;310.2;1455;44.9;107;"0";0.9868748813792648;0.013125118620735527;"0";"MONITOR"
"L";298.9;310.3;1484;43.8;124;"0";0.9890519267532002;0.010948073246800053;"0";"MONITOR"
"L";298.9;310.2;1445;40.0;129;"0";0.9890519267532002;0.010948073246800053;"0";"MONITOR"
"L";298.9;310.2;1409;54.8;140;"0";0.9890519267532002;0.010948073246800053;"0";"MONITOR"
"L";298.9;310.2;2737;8.8;142;"1";0.0;1.0;"1";"STOP"
"L";299.0;310.2;1372;48.0;174;"0";0.9579043367436385;0.042095663256361354;"0";"SCHEDULE"
"M";298.9;310.1;1555;40.6;176;"0";0.9905425162116219;0.009457483788378572;"0";"MONITOR"
"L";298.9;310.1;1394;42.7;179;"0";0.988879433699707;0.011120566300293247;"0";"MONITOR"
"L";298.9;310.1;1442;48.0;181;"0";0.9890519267532002;0.010948073246800053;"0";"MONITOR"
"M";298.9;310.1;1469;53.2;189;"0";0.9902010413486646;0.00979895865133601;"0";"MONITOR"
"M";298.7;309.8;1570;42.1;200;"0";0.9863343856254373;0.013665614374563342;"0";"MONITOR"
"L";298.7;309.9;1541;38.5;208;"0";0.9697718103359192;0.030228189664081154;"0";"MONITOR"
"L";298.8;309.9;1320;47.4;210;"0";0.9104887078525501;0.08951129214745;"0";"SCHEDULE"
"M";298.8;309.9;1495;35.2;214;"0";0.9624087915792507;0.0375912084207497;"0";"MONITOR"
"L";298.7;309.8;1589;31.8;217;"0";0.9401621321110405;0.0598378678889598;"0";"SCHEDULE"
"L";298.7;309.8;1530;35.5;0;"0";0.9888801491638892;0.011119850836111014;"0";"MONITOR"
"L";298.6;309.7;1356;54.0;6;"0";0.9629403887991365;0.03705961120086352;"0";"MONITOR"
"L";298.9;310.0;1378;49.3;18;"0";0.9617189047955766;0.03828109520442346;"0";"MONITOR"
"M";298.9;309.9;1404;41.4;20;"0";0.990370738622311;0.009629261377689527;"0";"MONITOR"
"L";298.8;309.8;1437;42.8;23;"0";0.9888801491638892;0.011119850836111014;"0";"MONITOR"
"M";298.8;309.8;1377;49.6;27;"0";0.966554209127602;0.03344579087239821;"0";"MONITOR"
"L";298.8;309.9;1482;39.1;45;"0";0.9888801491638892;0.011119850836111014;"0";"MONITOR"
"M";298.8;309.8;1534;37.0;47;"0";0.990370738622311;0.009629261377689527;"0";"MONITOR"
"L";298.9;310.1;1602;38.2;58;"0";0.9890519267532002;0.010948073246800053;"0";"MONITOR"
"L";299.0;310.1;1618;29.2;62;"0";0.9890519267532002;0.010948073246800053;"0";"MONITOR"
"M";299.0;310.3;1657;31.0;70;"0";0.9905425162116219;0.009457483788378572;"0";"MONITOR"
"H";299.0;310.4;1677;30.8;73;"0";0.9905427424941642;0.00945725750583609;"0";"MONITOR"
"M";299.0;310.3;1447;39.9;78;"0";0.9905425162116219;0.009457483788378572;"0";"MONITOR"
"L";299.0;310.3;1584;34.4;83;"0";0.9890519267532002;0.010948073246800053;"0";"MONITOR"
"L";299.1;310.4;1428;46.9;87;"0";0.9890519267532002;0.010948073246800053;"0";"MONITOR"
"L";299.0;310.3;1475;42.4;93;"0";0.9890519267532002;0.010948073246800053;"0";"MONITOR"
"L";298.9;310.3;1364;54.0;95;"0";0.9579043367436385;0.042095663256361354;"0";"SCHEDULE"
"L";298.8;310.1;1607;39.5;105;"0";0.9890519267532002;0.010948073246800053;"0";"MONITOR"
"L";298.7;309.8;1546;40.9;109;"0";0.9888801491638892;0.011119850836111014;"0";"MONITOR"
"M";298.6;309.8;1419;44.9;115;"0";0.990370738622311;0.009629261377689527;"0";"MONITOR"
"L";298.5;309.7;1437;42.6;120;"0";0.9893371315781551;0.010662868421845278;"0";"MONITOR"
"L";298.5;309.6;1421;53.6;122;"0";0.9893371315781551;0.010662868421845278;"0";"MONITOR"
"M";298.4;309.5;1519;35.4;133;"0";0.9908277210365768;0.009172278963423795;"0";"MONITOR"
"L";298.2;309.3;1355;43.8;142;"0";0.9632261619103497;0.03677383808965017;"0";"MONITOR"
"M";298.0;309.0;1562;39.2;155;"0";0.9909386628880569;0.00906133711194374;"0";"MONITOR"
"M";298.0;308.7;1479;58.5;176;"1";0.9897570549344336;0.010242945065567041;"0";"MONITOR"
"L";298.0;308.8;1496;44.9;179;"0";0.9896484428141403;0.010351557185859955;"0";"MONITOR"
"M";298.1;308.8;2206;16.3;195;"0";0.9871686673965304;0.01283133260347031;"0";"MONITOR"
"M";298.0;308.7;2101;17.4;198;"0";0.9891073904643304;0.010892609535670346;"0";"MONITOR"
"M";298.0;308.7;1436;48.2;201;"0";0.986876771766411;0.01312322823358953;"0";"MONITOR"
"L";298.0;308.7;1462;48.2;204;"0";0.976188744625934;0.02381125537406636;"0";"MONITOR"
"L";298.0;308.7;1506;47.0;208;"0";0.969131166651912;0.030868833348088237;"0";"MONITOR"
"M";298.0;308.6;1376;55.7;214;"0";0.801340488041577;0.19865951195842302;"0";"STOP"
"M";298.1;308.7;1547;38.9;0;"0";0.9909386628880569;0.00906133711194374;"0";"MONITOR"
"L";298.1;308.7;1642;30.3;3;"0";0.9896484428141403;0.010351557185859955;"0";"MONITOR"
"L";298.3;309.1;1472;40.1;31;"0";0.9896484428141403;0.010351557185859955;"0";"MONITOR"
"L";298.2;309.0;1601;35.8;43;"0";0.9896484428141403;0.010351557185859955;"0";"MONITOR"
"L";298.1;309.0;1559;34.0;54;"0";0.9896484428141403;0.010351557185859955;"0";"MONITOR"
"M";298.0;308.9;1339;51.4;68;"0";0.9675447546407616;0.03245524535923856;"0";"MONITOR"
"L";298.0;308.8;1757;29.1;71;"0";0.9895770946139897;0.010422905386010603;"0";"MONITOR"
"M";298.2;308.9;1326;54.4;75;"0";0.9666688422320026;0.03333115776799767;"0";"MONITOR"
"L";298.4;309.1;1798;29.6;81;"0";0.9895770946139897;0.010422905386010603;"0";"MONITOR"
"M";298.4;309.1;1525;39.3;86;"0";0.9909386628880569;0.00906133711194374;"0";"MONITOR"
"M";298.3;308.8;1349;52.1;104;"0";0.967886634982642;0.03211336501735822;"0";"MONITOR"
"L";298.4;308.8;1458;40.1;111;"0";0.9896484428141403;0.010351557185859955;"0";"MONITOR"
"L";298.5;308.9;1781;27.8;113;"0";0.9895770946139897;0.010422905386010603;"0";"MONITOR"
"M";298.4;308.7;1584;31.7;117;"0";0.9909386628880569;0.00906133711194374;"0";"MONITOR"
"M";298.2;308.3;1476;43.5;129;"0";0.9909386628880569;0.00906133711194374;"0";"MONITOR"
"M";298.2;308.4;1510;39.9;134;"0";0.9909386628880569;0.00906133711194374;"0";"MONITOR"
"L";298.2;308.4;1388;53.8;137;"0";0.9890969973373772;0.01090300266262293;"0";"MONITOR"
"L";298.2;308.3;2216;16.8;139;"0";0.9892485125698094;0.010751487430190837;"0";"MONITOR"
"L";298.2;308.2;1407;47.1;153;"0";0.9896484428141403;0.010351557185859955;"0";"MONITOR"
"M";298.1;308.2;1654;35.3;155;"0";0.9909386628880569;0.00906133711194374;"0";"MONITOR"
"L";298.2;308.4;1452;43.5;158;"0";0.9896484428141403;0.010351557185859955;"0";"MONITOR"
"L";298.3;308.4;1528;37.3;160;"0";0.9896484428141403;0.010351557185859955;"0";"MONITOR"
"L";298.2;308.3;2057;18.0;168;"0";0.9892485125698094;0.010751487430190837;"0";"MONITOR"
"L";298.3;308.3;1444;43.8;176;"0";0.9896484428141403;0.010351557185859955;"0";"MONITOR"
"M";298.3;308.4;1444;47.5;178;"0";0.9909386628880569;0.00906133711194374;"0";"MONITOR"
"H";298.1;308.3;1530;42.0;184;"0";0.9908818682048762;0.00911813179512417;"0";"MONITOR"
"M";298.3;308.4;1486;44.2;196;"0";0.9905971880250994;0.009402811974901176;"0";"MONITOR"
"L";298.0;308.3;1544;34.7;213;"0";0.9588653669954236;0.04113463300457658;"0";"SCHEDULE"
"H";297.8;307.9;1600;33.5;13;"0";0.991056294168365;0.008943705831635326;"0";"MONITOR"
"L";297.8;307.7;1505;39.7;25;"0";0.9906568198744898;0.009343180125510494;"0";"MONITOR"
"M";297.8;307.9;1726;27.3;35;"0";0.9909439653495535;0.009056034650447143;"0";"MONITOR"
"L";297.8;307.9;1447;48.6;46;"0";0.9901956444389133;0.009804355561087044;"0";"MONITOR"
"H";297.8;307.8;1662;30.7;48;"0";0.991056294168365;0.008943705831635326;"0";"MONITOR"
"L";297.9;307.7;1492;43.7;59;"0";0.9906568198744898;0.009343180125510494;"0";"MONITOR"
"M";297.8;307.8;1310;57.9;70;"0";0.9654478978176744;0.03455210218232582;"0";"MONITOR"
"L";297.9;307.9;1412;44.5;85;"0";0.9901956444389133;0.009804355561087044;"0";"MONITOR"
"L";298.0;307.8;1453;37.7;119;"0";0.9901956444389133;0.009804355561087044;"0";"MONITOR"
"L";297.9;307.8;1373;50.2;130;"0";0.9634199492366249;0.03658005076337508;"0";"MONITOR"
"H";297.9;307.8;1635;34.0;142;"0";0.991056294168365;0.008943705831635326;"0";"MONITOR"
"L";298.0;307.8;1386;57.3;147;"0";0.989338503417286;0.010661496582714208;"0";"MONITOR"
"M";298.1;307.9;1759;28.6;176;"0";0.9909439653495535;0.009056034650447143;"0";"MONITOR"
"L";298.2;307.9;1769;27.2;188;"0";0.9901242962387626;0.009875703761237692;"0";"MONITOR"
"L";298.2;307.9;1544;31.4;192;"0";0.9901956444389133;0.009804355561087044;"0";"MONITOR"
"L";298.1;307.9;1614;35.8;196;"0";0.9901956444389133;0.009804355561087044;"0";"MONITOR"
"L";298.1;307.8;1432;49.8;198;"0";0.9898166920156435;0.010183307984356838;"0";"MONITOR"
"M";298.1;307.8;1384;43.7;200;"0";0.9869066993007195;0.013093300699281116;"0";"MONITOR"
"L";298.1;307.8;1540;37.8;203;"0";0.9760575971123945;0.02394240288760585;"0";"MONITOR"
"L";298.0;307.7;1407;43.9;205;"0";0.9747481849945469;0.025251815005453485;"0";"MONITOR"
"H";297.9;307.6;1418;43.0;207;"0";0.9712147967691166;0.02878520323088383;"0";"MONITOR"
"M";297.9;307.4;1610;34.6;219;"0";0.9241882315590432;0.0758117684409571;"0";"SCHEDULE"
"L";297.9;307.4;1606;35.5;14;"0";0.9909017395064288;0.009098260493571571;"0";"MONITOR"
"M";297.9;307.4;1435;42.9;18;"0";0.9916349062188062;0.008365093781194316;"0";"MONITOR"
"M";298.1;307.6;1764;27.7;23;"0";0.9914233025303338;0.008576697469666751;"0";"MONITOR"
"H";298.0;307.5;1683;27.8;26;"0";0.9914975808112301;0.008502419188770259;"0";"MONITOR"
"L";298.0;307.6;1509;41.6;33;"0";0.9909017395064288;0.009098260493571571;"0";"MONITOR"
"L";297.9;307.6;1550;39.0;35;"0";0.9909017395064288;0.009098260493571571;"0";"MONITOR"
"L";298.1;307.7;1289;48.3;42;"0";0.9628577889546439;0.03714221104535608;"0";"MONITOR"
"L";298.2;307.8;1439;41.6;62;"0";0.9901956444389133;0.009804355561087044;"0";"MONITOR"
"L";298.2;307.8;1530;35.9;68;"0";0.9901956444389133;0.009804355561087044;"0";"MONITOR"
"L";298.2;307.8;1388;48.6;76;"0";0.9900231513854201;0.009976848614580232;"0";"MONITOR"
"L";298.1;307.7;1523;37.7;80;"0";0.9906568198744898;0.009343180125510494;"0";"MONITOR"
"L";298.2;307.7;1503;38.3;87;"0";0.9906568198744898;0.009343180125510494;"0";"MONITOR"
"L";298.2;307.7;1459;44.5;89;"0";0.9906568198744898;0.009343180125510494;"0";"MONITOR"
"L";298.3;307.7;1465;49.4;109;"0";0.9906568198744898;0.009343180125510494;"0";"MONITOR"
"M";298.3;307.8;1330;55.4;114;"0";0.9665800528371075;0.03341994716289283;"0";"MONITOR"
"L";298.4;307.9;1544;35.9;132;"0";0.9901956444389133;0.009804355561087044;"0";"MONITOR"
"H";298.4;307.9;1948;21.4;136;"0";0.9906563639240342;0.009343636075966211;"0";"MONITOR"
"H";298.5;307.9;1260;54.2;141;"0";0.9050281553468537;0.09497184465314625;"0";"SCHEDULE"
"M";298.5;308.0;1461;51.9;157;"0";0.9911555690380258;0.008844430961974709;"0";"MONITOR"
"L";298.5;308.0;1624;29.8;160;"0";0.9901956444389133;0.009804355561087044;"0";"MONITOR"
"L";298.4;308.0;1526;41.1;162;"0";0.9901956444389133;0.009804355561087044;"0";"MONITOR"
"L";298.3;307.7;1576;33.8;171;"0";0.9906568198744898;0.009343180125510494;"0";"MONITOR"
"L";298.1;307.6;1950;20.3;202;"0";0.9767836722124004;0.023216327787600136;"0";"MONITOR"
"L";298.2;307.6;1511;31.0;209;"1";0.9717037275355246;0.02829627246447589;"0";"MONITOR"
"H";298.2;307.6;1318;55.7;0;"0";0.966729714827011;0.03327028517298898;"0";"MONITOR"
"M";298.3;307.7;1717;27.1;7;"0";0.9911783828983949;0.008821617101605676;"0";"MONITOR"
"L";298.4;307.9;1981;23.2;16;"0";0.9897957141945823;0.010204285805417927;"0";"MONITOR"
"L";298.4;307.9;1446;45.3;23;"0";0.9901956444389133;0.009804355561087044;"0";"MONITOR"
"L";298.4;308.0;1508;47.9;25;"0";0.9901956444389133;0.009804355561087044;"0";"MONITOR"
"L";298.5;308.1;1564;31.1;34;"0";0.9896484428141403;0.010351557185859955;"0";"MONITOR"
"L";298.6;308.2;1325;54.0;41;"0";0.9628727476118519;0.037127252388147985;"0";"MONITOR"
"L";298.4;308.2;1618;33.0;61;"0";0.9896484428141403;0.010351557185859955;"0";"MONITOR"
"L";298.4;308.2;1364;45.9;63;"0";0.9632517000351217;0.03674829996487819;"0";"MONITOR"
"M";298.1;307.7;1445;48.0;73;"0";0.9913899865868673;0.008610013413133239;"0";"MONITOR"
"M";298.1;307.8;1514;43.5;78;"0";0.9911555690380258;0.008844430961974709;"0";"MONITOR"
"M";298.0;307.5;1524;36.3;98;"0";0.9916349062188062;0.008365093781194316;"0";"MONITOR"
"H";298.1;307.7;1376;56.2;113;"0";0.969061020278025;0.030938979721975034;"0";"MONITOR"
"L";298.2;307.8;1476;36.8;134;"0";0.9901956444389133;0.009804355561087044;"0";"MONITOR"
"L";298.1;307.7;1479;45.0;136;"0";0.9906568198744898;0.009343180125510494;"0";"MONITOR"
"L";298.1;307.7;1650;34.1;138;"0";0.9906568198744898;0.009343180125510494;"0";"MONITOR"
"L";298.1;307.7;1664;27.6;145;"0";0.9905854716743392;0.009414528325661144;"0";"MONITOR"
"M";298.1;307.7;1435;40.9;147;"0";0.9913899865868673;0.008610013413133239;"0";"MONITOR"
"L";298.1;307.7;1414;48.7;159;"0";0.9906568198744898;0.009343180125510494;"0";"MONITOR"
"M";297.9;307.3;1420;47.8;171;"0";0.9916349062188062;0.008365093781194316;"0";"MONITOR"
"L";297.8;307.2;1351;56.3;174;"0";0.9654267565045821;0.03457324349541782;"0";"MONITOR"
"L";297.8;307.2;1880;23.0;176;"0";0.9905018092620979;0.009498190737902455;"0";"MONITOR"
"M";297.8;307.4;1330;51.7;183;"0";0.9698474057168172;0.03015259428318318;"0";"MONITOR"
"L";297.8;307.3;1327;61.0;186;"1";0.863423214042812;0.1365767859571881;"0";"SCHEDULE"
"L";297.6;307.1;1496;39.2;12;"0";0.9912325758567228;0.008767424143277542;"0";"MONITOR"
"H";297.7;307.2;1429;44.1;26;"0";0.99154070145384;0.0084592985461604;"0";"MONITOR"
"L";297.6;307.2;1486;40.6;42;"0";0.9909017395064288;0.009098260493571571;"0";"MONITOR"
"H";297.7;307.3;1249;62.8;47;"0";0.8709590731361154;0.1290409268638847;"0";"SCHEDULE"
"L";297.9;307.7;1517;44.4;67;"0";0.9906568198744898;0.009343180125510494;"0";"MONITOR"
"M";297.9;307.7;1517;39.5;69;"0";0.9913899865868673;0.008610013413133239;"0";"MONITOR"
"L";297.9;307.7;1546;37.6;72;"0";0.9906568198744898;0.009343180125510494;"0";"MONITOR"
"M";298.1;307.9;1662;28.9;76;"0";0.9911555690380258;0.008844430961974709;"0";"MONITOR"
"L";298.3;308.1;1326;58.4;90;"0";0.9625670520669877;0.03743294793301216;"0";"MONITOR"
"L";298.3;308.0;1242;62.0;98;"0";0.9276194590325696;0.07238054096743078;"0";"SCHEDULE"
"M";298.2;307.7;1608;33.8;106;"0";0.9913899865868673;0.008610013413133239;"0";"MONITOR"
"L";298.1;307.7;1705;29.1;109;"0";0.9905854716743392;0.009414528325661144;"0";"MONITOR"
"M";298.0;307.6;1472;46.7;116;"0";0.9916349062188062;0.008365093781194316;"0";"MONITOR"
"L";297.9;307.6;1503;40.7;124;"0";0.9909017395064288;0.009098260493571571;"0";"MONITOR"
"M";297.8;307.4;1902;24.3;129;"0";0.9912428686343017;0.008757131365698839;"0";"MONITOR"
"L";297.7;307.4;1764;29.0;139;"0";0.9908303913062781;0.009169608693722221;"0";"MONITOR"
"M";297.8;307.4;1438;43.6;141;"0";0.9916349062188062;0.008365093781194316;"0";"MONITOR"
"H";297.9;307.5;1880;23.3;146;"0";0.9911689987670499;0.008831001232950492;"0";"MONITOR"
"H";297.9;307.6;1493;36.0;161;"0";0.9915689290113808;0.008431070988619609;"0";"MONITOR"
"L";297.9;307.6;1968;20.4;171;"0";0.9905018092620979;0.009498190737902455;"0";"MONITOR"
"H";298.0;307.7;1547;36.8;186;"0";0.9913240093794419;0.008675990620558533;"0";"MONITOR"
"M";298.0;307.8;1492;40.2;197;"0";0.9911555690380258;0.008844430961974709;"0";"MONITOR"
"M";298.1;307.9;1496;40.0;0;"0";0.9911555690380258;0.008844430961974709;"0";"MONITOR"
"L";298.2;308.0;1658;30.0;3;"0";0.9901956444389133;0.009804355561087044;"0";"MONITOR"
"L";298.0;307.8;1716;26.6;9;"0";0.9901242962387626;0.009875703761237692;"0";"MONITOR"
"L";298.0;307.7;1606;30.8;17;"0";0.9906568198744898;0.009343180125510494;"0";"MONITOR"
"H";298.0;307.8;1314;47.8;19;"0";0.9636952285843821;0.03630477141561801;"0";"MONITOR"
"M";298.1;307.9;1569;37.0;29;"0";0.9911555690380258;0.008844430961974709;"0";"MONITOR"
"L";298.1;308.0;1638;35.1;38;"0";0.9901956444389133;0.009804355561087044;"0";"MONITOR"
"L";298.1;307.9;1517;40.8;50;"0";0.9901956444389133;0.009804355561087044;"0";"MONITOR"
"L";298.1;307.9;1425;58.2;57;"0";0.9895109964707792;0.01048900352922102;"0";"MONITOR"
"L";298.1;308.0;1456;42.4;59;"0";0.9901956444389133;0.009804355561087044;"0";"MONITOR"
"L";298.1;308.1;1616;32.8;65;"0";0.9896484428141403;0.010351557185859955;"0";"MONITOR"
"L";298.0;307.8;1266;60.5;81;"0";0.9554827191999931;0.04451728080000676;"0";"SCHEDULE"
"L";297.9;307.8;1459;46.9;85;"0";0.9901956444389133;0.009804355561087044;"0";"MONITOR"
"M";297.9;307.7;1364;46.8;89;"0";0.9699443664267585;0.03005563357324176;"0";"MONITOR"
"L";298.0;307.6;1281;50.8;122;"0";0.961369816434919;0.038630183565080835;"0";"MONITOR"
"L";298.0;307.6;1450;48.7;138;"0";0.9909017395064288;0.009098260493571571;"0";"MONITOR"
"L";298.0;307.7;1422;45.6;140;"0";0.9906568198744898;0.009343180125510494;"0";"MONITOR"
"M";298.1;307.7;1419;47.4;142;"0";0.9913899865868673;0.008610013413133239;"0";"MONITOR"
"M";298.1;307.7;1633;30.7;145;"0";0.9913899865868673;0.008610013413133239;"0";"MONITOR"
"L";298.0;307.7;1442;43.6;148;"0";0.9906568198744898;0.009343180125510494;"0";"MONITOR"
"L";298.1;307.7;1537;40.8;169;"0";0.9906568198744898;0.009343180125510494;"0";"MONITOR"
"M";298.2;307.9;1403;45.1;193;"0";0.9909830759845326;0.009016924015467897;"0";"MONITOR"
"M";298.4;308.0;1416;38.2;198;"1";0.9911555690380258;0.008844430961974709;"0";"MONITOR"
"H";298.3;308.0;1637;30.8;2;"0";0.991056294168365;0.008943705831635326;"0";"MONITOR"
"L";298.4;308.2;1604;34.9;11;"0";0.9896484428141403;0.010351557185859955;"0";"MONITOR"
"L";298.5;308.2;1451;47.5;18;"0";0.9896484428141403;0.010351557185859955;"0";"MONITOR"
"L";298.6;308.4;1397;46.4;36;"0";0.9894759497606471;0.01052405023935314;"0";"MONITOR"
"L";298.5;308.3;1458;44.0;44;"0";0.9896484428141403;0.010351557185859955;"0";"MONITOR"
"L";298.7;308.5;1483;42.5;46;"0";0.9896484428141403;0.010351557185859955;"0";"MONITOR"
"L";298.7;308.5;1375;46.4;48;"0";0.9652776847993916;0.03472231520060834;"0";"MONITOR"
"L";298.7;308.5;1480;42.2;58;"0";0.9896484428141403;0.010351557185859955;"0";"MONITOR"
"L";298.9;308.6;1400;49.5;79;"0";0.9894759497606471;0.01052405023935314;"0";"MONITOR"
"M";298.8;308.5;1425;47.4;90;"0";0.9909386628880569;0.00906133711194374;"0";"MONITOR"
"M";299.0;308.9;1449;39.6;105;"0";0.9909386628880569;0.00906133711194374;"0";"MONITOR"
"M";299.1;308.9;1397;52.4;112;"0";0.9907661698345636;0.009233830165436926;"0";"MONITOR"
"L";299.3;309.1;1388;45.5;123;"0";0.9894759497606471;0.01052405023935314;"0";"MONITOR"
"M";299.4;309.2;1470;44.4;135;"0";0.9907709028547587;0.009229097145241975;"0";"MONITOR"
"L";299.5;309.3;1477;40.4;138;"0";0.9896229046893683;0.010377095310631934;"0";"MONITOR"
"L";299.5;309.3;1520;42.3;149;"0";0.9896229046893683;0.010377095310631934;"0";"MONITOR"
"M";299.5;309.3;1902;24.0;151;"0";0.9903788652702541;0.009621134729746496;"0";"MONITOR"
"H";299.5;309.4;1386;44.4;154;"0";0.9901693987546801;0.009830601245320173;"0";"MONITOR"
"M";299.7;309.6;1477;42.7;163;"0";0.9907709028547587;0.009229097145241975;"0";"MONITOR"
"M";299.7;309.6;1313;60.0;186;"0";0.9578132156657122;0.042186784334287825;"0";"SCHEDULE"
"L";299.6;309.5;1570;35.5;189;"0";0.9892814298264109;0.01071857017358937;"0";"MONITOR"
"L";299.5;309.4;1602;31.5;193;"0";0.9892814298264109;0.01071857017358937;"0";"MONITOR"
"L";299.4;309.4;1701;31.2;199;"0";0.9888096548177364;0.01119034518226382;"0";"MONITOR"
"L";299.3;309.2;2280;15.4;207;"0";0.9248938228964048;0.07510617710359557;"0";"SCHEDULE"
"H";299.4;309.3;1743;28.2;0;"0";0.9908878275586399;0.009112172441360354;"0";"MONITOR"
"L";299.5;309.3;1442;46.2;5;"0";0.9896229046893683;0.010377095310631934;"0";"MONITOR"
"H";299.4;309.3;1439;49.7;9;"0";0.990897447363729;0.009102552636271433;"0";"MONITOR"
"L";299.4;309.2;1564;39.0;26;"0";0.9896229046893683;0.010377095310631934;"0";"MONITOR"
"L";299.3;309.1;1495;44.0;55;"0";0.9896484428141403;0.010351557185859955;"0";"MONITOR"
"M";299.4;309.1;1417;47.3;59;"0";0.9908818447062387;0.00911815529376192;"0";"MONITOR"
"H";299.3;309.0;1508;35.0;70;"0";0.9909847138835626;0.009015286116437725;"0";"MONITOR"
"L";299.4;309.0;1436;47.9;75;"0";0.9896484428141403;0.010351557185859955;"0";"MONITOR"
"H";299.4;309.1;1373;44.1;81;"0";0.9676725448846732;0.03232745511532663;"0";"MONITOR"
"H";299.4;308.9;1762;29.3;91;"0";0.9909133656834119;0.009086634316588373;"0";"MONITOR"
"H";299.3;308.9;1429;43.0;96;"0";0.990922985488501;0.009077014511499452;"0";"MONITOR"
"M";299.3;308.9;1858;24.7;101;"0";0.9897593172641005;0.010240682735900043;"0";"MONITOR"
"M";299.2;308.8;1523;38.9;112;"0";0.9909386628880569;0.00906133711194374;"0";"MONITOR"
"H";299.3;309.0;1425;40.6;123;"0";0.990922985488501;0.009077014511499452;"0";"MONITOR"
"H";299.4;309.0;1607;33.7;130;"0";0.9909847138835626;0.009015286116437725;"0";"MONITOR"
"L";299.4;309.0;1391;58.2;135;"0";0.9887913017925131;0.011208698207487116;"0";"MONITOR"
"L";299.4;309.1;1432;45.4;137;"0";0.9896484428141403;0.010351557185859955;"0";"MONITOR"
"L";299.3;309.0;1511;47.8;148;"0";0.9896484428141403;0.010351557185859955;"0";"MONITOR"
"L";299.2;308.9;1588;41.5;150;"0";0.9896484428141403;0.010351557185859955;"0";"MONITOR"
"L";299.3;308.9;1623;31.1;152;"0";0.9896484428141403;0.010351557185859955;"0";"MONITOR"
"L";299.3;309.0;1415;47.6;156;"0";0.9896484428141403;0.010351557185859955;"0";"MONITOR"
"L";299.3;309.0;1419;46.6;158;"0";0.9896484428141403;0.010351557185859955;"0";"MONITOR"
"L";299.4;308.9;1451;40.5;168;"0";0.9896484428141403;0.010351557185859955;"0";"MONITOR"
"L";299.3;308.8;1647;32.9;172;"0";0.9896484428141403;0.010351557185859955;"0";"MONITOR"
"L";299.4;308.9;1583;34.1;176;"0";0.9896484428141403;0.010351557185859955;"0";"MONITOR"
"M";299.3;308.7;1289;51.5;185;"0";0.9650367397088835;0.03496326029111683;"0";"MONITOR"
"M";299.3;308.9;1767;24.8;196;"0";0.9894178424011432;0.010582157598857483;"0";"MONITOR"
"M";299.4;309.0;1939;19.8;204;"0";0.9702168662492635;0.029783133750737364;"0";"MONITOR"
"M";299.5;309.0;1399;49.7;207;"0";0.9614369441118045;0.03856305588819614;"0";"MONITOR"
"M";299.5;309.1;1420;49.5;5;"0";0.9908818447062387;0.00911815529376192;"0";"MONITOR"
"M";299.4;309.1;1500;43.3;10;"0";0.9908818447062387;0.00911815529376192;"0";"MONITOR"
"M";299.6;309.2;1393;47.7;28;"0";0.9905984098012653;0.009401590198735163;"0";"MONITOR"
"L";299.6;309.2;1602;37.3;31;"0";0.9896229046893683;0.010377095310631934;"0";"MONITOR"
"L";299.6;309.2;1601;33.3;33;"0";0.9896229046893683;0.010377095310631934;"0";"MONITOR"
"H";299.5;309.1;1548;44.3;40;"0";0.9909847138835626;0.009015286116437725;"0";"MONITOR"
"L";299.7;309.3;1420;44.1;60;"0";0.9896229046893683;0.010377095310631934;"0";"MONITOR"
"L";299.6;309.0;1648;33.6;70;"0";0.9896484428141403;0.010351557185859955;"0";"MONITOR"
"M";299.6;308.9;1568;35.3;77;"0";0.9908818447062387;0.00911815529376192;"0";"MONITOR"
"L";299.6;308.9;1613;30.8;80;"0";0.9896484428141403;0.010351557185859955;"0";"MONITOR"
"M";299.7;308.9;1478;41.0;87;"0";0.9908818447062387;0.00911815529376192;"0";"MONITOR"
"M";299.8;309.1;1268;58.0;90;"0";0.962733760005623;0.03726623999437716;"0";"MONITOR"
"L";299.8;309.2;1591;37.5;109;"0";0.9896229046893683;0.010377095310631934;"0";"MONITOR"
"H";299.8;309.2;1435;42.6;111;"0";0.990897447363729;0.009102552636271433;"0";"MONITOR"
"L";299.7;309.1;1475;40.0;123;"0";0.9896484428141403;0.010351557185859955;"0";"MONITOR"
"M";299.6;309.1;1435;48.4;143;"0";0.9908818447062387;0.00911815529376192;"0";"MONITOR"
"L";299.7;309.0;1605;33.0;151;"0";0.9896484428141403;0.010351557185859955;"0";"MONITOR"
"L";299.6;309.0;1413;48.5;153;"0";0.9896484428141403;0.010351557185859955;"0";"MONITOR"
"L";299.4;308.7;1681;30.8;171;"0";0.9895770946139897;0.010422905386010603;"0";"MONITOR"
"L";299.5;308.7;1446;45.7;173;"0";0.9896484428141403;0.010351557185859955;"0";"MONITOR"
"L";299.5;308.6;1672;30.5;177;"0";0.9895770946139897;0.010422905386010603;"0";"MONITOR"
"M";299.4;308.6;1455;42.7;183;"0";0.9908818447062387;0.00911815529376192;"0";"MONITOR"
"M";299.3;308.5;1422;43.1;186;"0";0.989970920952573;0.010029079047427607;"0";"MONITOR"
"L";299.3;308.4;1406;47.4;3;"0";0.9896484428141403;0.010351557185859955;"0";"MONITOR"
"M";299.3;308.5;1304;60.6;8;"0";0.9541702251005602;0.04582977489943987;"0";"SCHEDULE"
"L";299.2;308.5;1442;46.5;11;"0";0.9896484428141403;0.010351557185859955;"0";"MONITOR"
"M";299.2;308.4;1396;48.7;13;"0";0.9907661698345636;0.009233830165436926;"0";"MONITOR"
"H";299.1;308.3;1424;43.4;16;"0";0.990922985488501;0.009077014511499452;"0";"MONITOR"
"H";299.1;308.3;1451;42.8;21;"0";0.9909847138835626;0.009015286116437725;"0";"MONITOR"
"L";299.1;308.3;1489;38.1;32;"0";0.9896484428141403;0.010351557185859955;"0";"MONITOR"
"L";299.1;308.3;1892;25.2;34;"0";0.9892485125698094;0.010751487430190837;"0";"MONITOR"
"L";299.2;308.5;1381;60.6;59;"0";0.9720185246239974;0.027981475376002894;"0";"MONITOR"
"L";299.2;308.5;1370;52.4;61;"0";0.9628727476118519;0.037127252388147985;"0";"MONITOR"
"L";299.2;308.5;1821;26.1;69;"0";0.9895770946139897;0.010422905386010603;"0";"MONITOR"
"M";299.3;308.6;1448;52.1;71;"0";0.989970920952573;0.010029079047427607;"0";"MONITOR"
"L";299.3;308.6;1520;33.7;76;"0";0.9896484428141403;0.010351557185859955;"0";"MONITOR"
"M";299.3;308.7;1459;35.6;87;"0";0.989970920952573;0.010029079047427607;"0";"MONITOR"
"M";299.4;308.6;1541;39.1;109;"0";0.9908818447062387;0.00911815529376192;"0";"MONITOR"
"L";299.4;308.8;1627;32.6;124;"0";0.9896484428141403;0.010351557185859955;"0";"MONITOR"
"L";299.3;308.7;1802;26.0;130;"0";0.9895770946139897;0.010422905386010603;"0";"MONITOR"
"L";299.3;308.6;1371;50.5;136;"0";0.9628727476118519;0.037127252388147985;"0";"MONITOR"
"M";299.2;308.6;1586;35.7;138;"0";0.9909386628880569;0.00906133711194374;"0";"MONITOR"
"L";299.2;308.5;1374;53.6;143;"0";0.9628727476118519;0.037127252388147985;"0";"MONITOR"
"L";299.1;308.5;1455;39.8;145;"0";0.9896484428141403;0.010351557185859955;"0";"MONITOR"
"H";299.2;308.5;1342;47.5;147;"0";0.9671400079863451;0.03285999201365475;"0";"MONITOR"
"L";299.1;308.6;1260;57.8;152;"0";0.9476395634732673;0.05236043652673259;"0";"SCHEDULE"
"L";299.1;308.5;1371;55.5;159;"0";0.9625670520669877;0.03743294793301216;"0";"MONITOR"
"M";299.1;308.8;1725;26.6;172;"0";0.9907270591995844;0.009272940800416175;"0";"MONITOR"
"M";299.2;308.8;1700;33.5;185;"0";0.9907270591995844;0.009272940800416175;"0";"MONITOR"
"H";299.2;308.8;1440;39.1;188;"0";0.9909847138835626;0.009015286116437725;"0";"MONITOR"
"L";299.2;308.7;1514;41.9;196;"0";0.9893069679511829;0.010693032048817393;"0";"MONITOR"
"L";299.3;308.8;1636;29.9;201;"0";0.9858317261822733;0.01416827381772694;"0";"MONITOR"
"M";299.4;308.7;1487;52.6;205;"0";0.941728489285579;0.0582715107144216;"0";"SCHEDULE"
"L";299.2;308.5;1378;50.4;220;"1";0.8420367455007077;0.15796325449929222;"0";"STOP"
"L";299.1;308.1;1479;40.7;10;"0";0.9896484428141403;0.010351557185859955;"0";"MONITOR"
"L";299.2;308.4;1475;38.7;22;"0";0.9896484428141403;0.010351557185859955;"0";"MONITOR"
"L";299.2;308.4;1841;22.8;40;"0";0.9895770946139897;0.010422905386010603;"0";"MONITOR"
"M";299.3;308.5;1305;60.6;44;"0";0.9541702251005602;0.04582977489943987;"0";"SCHEDULE"
"L";299.3;308.5;1772;26.1;52;"0";0.9895770946139897;0.010422905386010603;"0";"MONITOR"
"H";299.3;308.6;1520;41.4;67;"0";0.9909847138835626;0.009015286116437725;"0";"MONITOR"
"L";299.2;308.5;1366;49.7;74;"0";0.9628727476118519;0.037127252388147985;"0";"MONITOR"
"M";299.2;308.4;1856;22.7;86;"0";0.9907270591995844;0.009272940800416175;"0";"MONITOR"
"L";299.3;308.5;1409;44.8;91;"0";0.9896484428141403;0.010351557185859955;"0";"MONITOR"
"M";299.3;308.5;1404;49.4;93;"0";0.989970920952573;0.010029079047427607;"0";"MONITOR"
"L";299.1;308.2;1493;34.9;119;"0";0.9896484428141403;0.010351557185859955;"0";"MONITOR"
"L";299.1;308.2;1568;33.3;123;"0";0.9896484428141403;0.010351557185859955;"0";"MONITOR"
"L";299.1;308.3;1524;34.1;128;"0";0.9896484428141403;0.010351557185859955;"0";"MONITOR"
"L";299.2;308.5;1487;41.2;140;"0";0.9896484428141403;0.010351557185859955;"0";"MONITOR"
"L";299.2;308.5;1340;50.0;144;"0";0.9628727476118519;0.037127252388147985;"0";"MONITOR"
"L";299.2;308.5;1488;40.3;148;"0";0.9896484428141403;0.010351557185859955;"0";"MONITOR"
"L";299.2;308.6;1582;38.8;156;"0";0.9896484428141403;0.010351557185859955;"0";"MONITOR"
"M";299.2;308.5;1594;35.8;160;"0";0.9909386628880569;0.00906133711194374;"0";"MONITOR"
"H";299.2;308.6;1462;55.0;163;"0";0.9885178088467935;0.011482191153206757;"0";"MONITOR"
"M";299.2;308.6;1367;47.6;168;"0";0.967886634982642;0.03211336501735822;"0";"MONITOR"
"L";299.2;308.7;1325;51.0;171;"0";0.9628727476118519;0.037127252388147985;"0";"MONITOR"
"L";299.0;308.4;1356;52.6;188;"0";0.9628727476118519;0.037127252388147985;"0";"MONITOR"
"L";299.1;308.6;1408;46.7;196;"0";0.9893069679511829;0.010693032048817393;"0";"MONITOR"
"L";299.0;308.4;1571;38.6;5;"0";0.9896484428141403;0.010351557185859955;"0";"MONITOR"
"L";298.9;308.3;1576;36.6;7;"0";0.9896484428141403;0.010351557185859955;"0";"MONITOR"
"M";298.9;308.2;2022;20.0;23;"0";0.9894488653272877;0.01055113467271291;"0";"MONITOR"
"L";299.1;308.5;1676;31.0;69;"0";0.9895770946139897;0.010422905386010603;"0";"MONITOR"
"M";299.1;308.4;1332;51.7;71;"0";0.9675447546407616;0.03245524535923856;"0";"MONITOR"
"L";299.3;308.8;1772;25.2;89;"0";0.9895770946139897;0.010422905386010603;"0";"MONITOR"
"L";299.0;308.6;1648;30.8;98;"0";0.9896484428141403;0.010351557185859955;"0";"MONITOR"
"L";299.0;308.6;1653;31.7;100;"0";0.9896484428141403;0.010351557185859955;"0";"MONITOR"
"L";299.0;308.6;1297;54.2;110;"0";0.9602464609035387;0.039753539096461024;"0";"MONITOR"
"M";298.9;308.5;1534;42.9;121;"0";0.9909386628880569;0.00906133711194374;"0";"MONITOR"
"L";298.9;308.6;1481;40.7;124;"0";0.9896484428141403;0.010351557185859955;"0";"MONITOR"
"L";299.0;308.6;1429;37.7;126;"0";0.9896484428141403;0.010351557185859955;"0";"MONITOR"
"L";298.9;308.5;1467;44.7;136;"0";0.9896484428141403;0.010351557185859955;"0";"MONITOR"
"L";298.9;308.5;1503;40.6;145;"0";0.9896484428141403;0.010351557185859955;"0";"MONITOR"
"M";298.9;308.5;1456;50.0;156;"0";0.9909386628880569;0.00906133711194374;"0";"MONITOR"
"L";299.0;308.6;1734;32.4;161;"0";0.9895770946139897;0.010422905386010603;"0";"MONITOR"
"M";298.9;308.7;1402;49.8;167;"0";0.9907661698345636;0.009233830165436926;"0";"MONITOR"
"H";298.8;308.6;1524;37.7;170;"0";0.9908818682048762;0.00911813179512417;"0";"MONITOR"
"H";298.9;308.6;1623;31.0;180;"0";0.9909847138835626;0.009015286116437725;"0";"MONITOR"
"L";298.9;308.7;1356;50.7;185;"0";0.9628727476118519;0.037127252388147985;"0";"MONITOR"
"H";298.9;308.7;1500;41.6;187;"0";0.9909847138835626;0.009015286116437725;"0";"MONITOR"
"H";299.0;308.8;1382;58.5;199;"0";0.9865129289329421;0.01348707106705831;"0";"MONITOR"
"M";299.1;308.8;1491;41.0;209;"0";0.9710589796849272;0.02894102031507362;"0";"MONITOR"
"L";299.1;308.9;1467;47.2;218;"0";0.9324606145105342;0.06753938548946589;"0";"SCHEDULE"
"M";299.1;308.9;1325;48.4;220;"0";0.8662227145640645;0.13377728543593556;"0";"SCHEDULE"
"L";299.2;309.0;1515;48.9;228;"1";0.8823910516122936;0.11760894838770661;"0";"SCHEDULE"
"L";299.0;308.9;1615;30.6;14;"0";0.9896484428141403;0.010351557185859955;"0";"MONITOR"
"L";298.9;308.8;1530;38.3;23;"0";0.9896484428141403;0.010351557185859955;"0";"MONITOR"
"L";298.8;308.5;1490;35.0;29;"0";0.9896484428141403;0.010351557185859955;"0";"MONITOR"
"M";298.9;308.6;1425;49.6;35;"0";0.9909386628880569;0.00906133711194374;"0";"MONITOR"
"M";298.8;308.6;1598;35.1;52;"0";0.9909386628880569;0.00906133711194374;"0";"MONITOR"
"L";298.8;308.6;1501;35.0;55;"0";0.9896484428141403;0.010351557185859955;"0";"MONITOR"
"L";298.9;308.7;1438;51.7;64;"0";0.9892694903908705;0.010730509609129744;"0";"MONITOR"
"L";298.8;308.7;1490;33.6;71;"0";0.9896484428141403;0.010351557185859955;"0";"MONITOR"
"L";298.9;308.8;1281;53.9;77;"0";0.9588925211751449;0.04110747882485491;"0";"SCHEDULE"
"L";299.1;308.8;1429;50.1;84;"0";0.9892694903908705;0.010730509609129744;"0";"MONITOR"
"L";299.1;308.8;1413;42.1;86;"0";0.9896484428141403;0.010351557185859955;"0";"MONITOR"
"H";299.1;308.8;1553;32.6;90;"0";0.9909847138835626;0.009015286116437725;"0";"MONITOR"
"L";299.4;309.2;1489;42.3;114;"0";0.9896229046893683;0.010377095310631934;"0";"MONITOR"
"L";299.3;309.2;1541;37.2;118;"0";0.9896229046893683;0.010377095310631934;"0";"MONITOR"
"H";299.3;309.1;1552;40.7;120;"0";0.9909847138835626;0.009015286116437725;"0";"MONITOR"
"M";299.4;309.1;1440;50.0;134;"0";0.9908818447062387;0.00911815529376192;"0";"MONITOR"
"H";299.5;309.2;1872;22.6;162;"0";0.9905592455144597;0.009440754485540588;"0";"MONITOR"
"L";299.5;309.3;1972;19.3;177;"0";0.9892229744450374;0.010777025554962818;"0";"MONITOR"
"L";299.5;309.3;1422;49.2;179;"0";0.9896229046893683;0.010377095310631934;"0";"MONITOR"
"L";299.4;309.3;1391;46.6;185;"0";0.989450411635875;0.010549588364125123;"0";"MONITOR"
"L";299.3;309.1;1293;53.7;189;"0";0.9500675876665976;0.04993241233340223;"0";"SCHEDULE"
"L";299.2;309.1;1345;60.7;191;"1";0.8900630373753513;0.10993696262464846;"0";"SCHEDULE"
"L";299.2;308.9;1342;50.8;195;"0";0.9625312727488945;0.03746872725110542;"0";"MONITOR"
"M";298.8;308.6;1486;41.1;13;"0";0.9909386628880569;0.00906133711194374;"0";"MONITOR"
"L";299.0;308.7;1449;38.9;18;"0";0.9896484428141403;0.010351557185859955;"0";"MONITOR"
"L";299.1;308.8;1320;67.5;20;"1";0.05738517551093202;0.9426148244890681;"1";"STOP"
"M";299.3;309.2;1334;46.3;31;"0";0.9674338127892815;0.03256618721071862;"0";"MONITOR"
"L";299.5;309.3;1409;44.7;46;"0";0.9896229046893683;0.010377095310631934;"0";"MONITOR"
"H";299.4;309.1;1547;40.9;50;"0";0.9909847138835626;0.009015286116437725;"0";"MONITOR"
"L";299.4;309.1;1957;22.1;55;"0";0.9892485125698094;0.010751487430190837;"0";"MONITOR"
"M";299.3;309.1;1571;38.3;59;"0";0.989970920952573;0.010029079047427607;"0";"MONITOR"
"L";299.3;309.1;1634;36.8;62;"0";0.9896484428141403;0.010351557185859955;"0";"MONITOR"
"L";299.4;309.1;1207;66.5;66;"0";0.7335986225251816;0.26640137747481835;"0";"STOP"
"M";299.4;309.1;1461;48.6;70;"0";0.9908818447062387;0.00911815529376192;"0";"MONITOR"
"L";299.4;309.2;1556;35.7;75;"0";0.9896229046893683;0.010377095310631934;"0";"MONITOR"
"M";299.5;309.3;1506;41.5;77;"0";0.9907709028547587;0.009229097145241975;"0";"MONITOR"
"M";299.6;309.4;1642;30.3;80;"0";0.9907709028547587;0.009229097145241975;"0";"MONITOR"
"M";299.6;309.4;1283;62.1;83;"0";0.924246578429194;0.07575342157080639;"0";"SCHEDULE"
"H";299.9;309.6;1410;51.2;98;"0";0.990897447363729;0.009102552636271433;"0";"MONITOR"
"L";299.9;309.6;1294;49.7;126;"0";0.9603141020908232;0.03968589790917656;"0";"MONITOR"
"M";299.8;309.4;1412;47.8;130;"0";0.9907709028547587;0.009229097145241975;"0";"MONITOR"
"H";299.8;309.5;1420;46.7;136;"0";0.990897447363729;0.009102552636271433;"0";"MONITOR"
"M";299.8;309.4;1401;48.1;143;"0";0.9905984098012653;0.009401590198735163;"0";"MONITOR"
"L";299.9;309.6;1280;59.3;163;"0";0.9574772242941064;0.04252277570589345;"0";"SCHEDULE"
"L";299.9;309.5;1772;23.5;167;"0";0.9895515564892176;0.010448443510782583;"0";"MONITOR"
"L";299.9;309.5;1567;35.5;171;"0";0.9896229046893683;0.010377095310631934;"0";"MONITOR"
"M";299.8;309.4;1751;27.0;173;"0";0.9905592991662862;0.009440700833714412;"0";"MONITOR"
"L";300.0;309.4;1395;44.5;181;"0";0.989450411635875;0.010549588364125123;"0";"MONITOR"
"L";299.9;309.3;1620;31.1;196;"0";0.9892814298264109;0.01071857017358937;"0";"MONITOR"
"L";299.8;309.4;2256;15.9;201;"0";0.9713612607957194;0.028638739204281047;"0";"MONITOR"
"M";299.8;309.3;1663;35.2;208;"0";0.9709167577764007;0.029083242223599877;"0";"MONITOR"
"L";299.8;309.4;1467;46.2;219;"0";0.9354065137200205;0.06459348627997973;"0";"SCHEDULE"
"M";299.7;309.3;1399;41.9;221;"1";0.9388780953039734;0.06112190469602707;"0";"SCHEDULE"
"L";299.8;309.4;1480;40.9;2;"0";0.9896229046893683;0.010377095310631934;"0";"MONITOR"
"L";299.7;309.3;1574;35.8;6;"0";0.9896229046893683;0.010377095310631934;"0";"MONITOR"
"L";299.8;309.4;1460;37.4;25;"0";0.9896229046893683;0.010377095310631934;"0";"MONITOR"
"L";299.8;309.4;1609;32.5;27;"0";0.9896229046893683;0.010377095310631934;"0";"MONITOR"
"L";299.9;309.4;1348;52.8;31;"0";0.9628472094870798;0.03715279051291997;"0";"MONITOR"
"L";299.9;309.4;1322;53.9;33;"0";0.9628472094870798;0.03715279051291997;"0";"MONITOR"
"M";300.1;309.6;1625;38.0;46;"0";0.9907709028547587;0.009229097145241975;"0";"MONITOR"
"L";300.0;309.6;1452;46.0;51;"0";0.9893371315781551;0.010662868421845278;"0";"MONITOR"
"L";300.0;309.4;2010;20.0;55;"0";0.9892229744450374;0.010777025554962818;"0";"MONITOR"
"M";299.7;309.2;1608;34.4;68;"0";0.9907709028547587;0.009229097145241975;"0";"MONITOR"
"L";299.6;309.1;1641;35.8;81;"0";0.9896484428141403;0.010351557185859955;"0";"MONITOR"
"L";299.6;309.1;1407;50.6;85;"0";0.9892694903908705;0.010730509609129744;"0";"MONITOR"
"L";299.5;309.0;1498;44.6;101;"0";0.9896484428141403;0.010351557185859955;"0";"MONITOR"
"L";299.5;309.1;1357;47.3;106;"0";0.9632517000351217;0.03674829996487819;"0";"MONITOR"
"L";299.5;309.2;1690;29.2;108;"0";0.9895515564892176;0.010448443510782583;"0";"MONITOR"
"L";299.6;309.2;1559;39.1;110;"0";0.9896229046893683;0.010377095310631934;"0";"MONITOR"
"M";299.6;309.3;1553;32.4;112;"0";0.9907709028547587;0.009229097145241975;"0";"MONITOR"
"L";299.6;309.3;1558;34.8;115;"0";0.9896229046893683;0.010377095310631934;"0";"MONITOR"
"M";299.8;309.3;1470;42.7;119;"0";0.9907709028547587;0.009229097145241975;"0";"MONITOR"
"L";299.7;309.3;1434;38.5;127;"0";0.9896229046893683;0.010377095310631934;"0";"MONITOR"
"L";299.7;309.2;1412;45.4;147;"0";0.9896229046893683;0.010377095310631934;"0";"MONITOR"
"L";299.8;309.2;1572;35.4;158;"0";0.9896229046893683;0.010377095310631934;"0";"MONITOR"
"L";299.6;309.0;1525;42.8;160;"0";0.9896484428141403;0.010351557185859955;"0";"MONITOR"
"L";299.7;309.2;1631;35.1;177;"0";0.9896229046893683;0.010377095310631934;"0";"MONITOR"
"L";299.7;309.1;1417;50.1;187;"0";0.9892694903908705;0.010730509609129744;"0";"MONITOR"
"L";299.7;309.2;1478;38.8;199;"0";0.9888810030178871;0.01111899698211317;"0";"MONITOR"
"M";299.7;309.2;1412;45.3;205;"0";0.9742061348673622;0.02579386513263856;"0";"MONITOR"
"L";299.8;309.3;1299;65.1;212;"1";0.2862600045779804;0.7137399954220197;"1";"STOP"
"L";299.8;309.2;1479;44.4;214;"0";0.9571681550297132;0.04283184497028702;"0";"SCHEDULE"
"M";299.9;309.4;1399;54.8;3;"0";0.9898079011192142;0.010192098880786213;"0";"MONITOR"
"L";300.0;309.5;1925;21.9;9;"0";0.9892229744450374;0.010777025554962818;"0";"MONITOR"
"L";300.0;309.6;1364;45.9;16;"0";0.9629403887991365;0.03705961120086352;"0";"MONITOR"
"L";299.9;309.4;1467;41.2;20;"0";0.9896229046893683;0.010377095310631934;"0";"MONITOR"
"L";300.1;309.4;1559;39.7;24;"0";0.9896229046893683;0.010377095310631934;"0";"MONITOR"
"L";300.1;309.4;1453;47.6;28;"0";0.9896229046893683;0.010377095310631934;"0";"MONITOR"
"L";300.0;309.4;1308;50.2;32;"0";0.9602209227787667;0.03977907722123301;"0";"MONITOR"
"L";300.2;309.5;2183;17.8;39;"0";0.9892229744450374;0.010777025554962818;"0";"MONITOR"
"M";300.2;309.6;1491;41.8;41;"0";0.9907709028547587;0.009229097145241975;"0";"MONITOR"
"L";300.2;309.6;1430;52.7;47;"0";0.9893371315781551;0.010662868421845278;"0";"MONITOR"
"M";300.2;309.5;1630;28.3;51;"0";0.9907709028547587;0.009229097145241975;"0";"MONITOR"
"L";300.4;309.7;1584;32.6;71;"0";0.9893371315781551;0.010662868421845278;"0";"MONITOR"
"L";300.4;309.6;1553;43.9;75;"0";0.9893371315781551;0.010662868421845278;"0";"MONITOR"
"L";300.2;309.5;1539;35.3;80;"0";0.9896229046893683;0.010377095310631934;"0";"MONITOR"
"M";300.3;309.6;1509;46.6;95;"0";0.9907709028547587;0.009229097145241975;"0";"MONITOR"
"L";300.0;309.4;1460;43.5;102;"0";0.9896229046893683;0.010377095310631934;"0";"MONITOR"
"L";299.9;309.3;1471;41.8;109;"0";0.9896229046893683;0.010377095310631934;"0";"MONITOR"
"L";299.8;309.1;1772;24.8;113;"0";0.9895770946139897;0.010422905386010603;"0";"MONITOR"
"M";300.1;309.4;1569;31.6;124;"0";0.9907709028547587;0.009229097145241975;"0";"MONITOR"
"L";300.2;309.5;1729;28.4;131;"0";0.9895515564892176;0.010448443510782583;"0";"MONITOR"
"M";300.3;309.6;1419;42.5;137;"0";0.9907709028547587;0.009229097145241975;"0";"MONITOR"
"M";300.3;309.5;1320;62.2;142;"0";0.9168715620659097;0.08312843793409064;"0";"SCHEDULE"
"M";300.3;309.4;1612;33.1;150;"0";0.9907709028547587;0.009229097145241975;"0";"MONITOR"
"M";300.4;309.4;1875;23.9;155;"0";0.9903788652702541;0.009621134729746496;"0";"MONITOR"
"L";300.3;309.3;1612;36.0;158;"0";0.9896229046893683;0.010377095310631934;"0";"MONITOR"
"M";300.4;309.3;1411;41.6;160;"0";0.9907709028547587;0.009229097145241975;"0";"MONITOR"
"M";300.4;309.3;1467;40.3;166;"0";0.9907709028547587;0.009229097145241975;"0";"MONITOR"
"L";300.3;309.2;1572;32.0;173;"0";0.9896229046893683;0.010377095310631934;"0";"MONITOR"
"M";300.3;309.1;1458;44.3;175;"0";0.9908818447062387;0.00911815529376192;"0";"MONITOR"
"M";300.4;309.4;1362;42.1;182;"0";0.9677188749493437;0.03228112505065646;"0";"MONITOR"
"L";300.3;309.2;1532;40.2;194;"0";0.9892814298264109;0.01071857017358937;"0";"MONITOR"
"L";300.3;309.2;1412;44.8;200;"0";0.9858317261822733;0.01416827381772694;"0";"MONITOR"
"M";300.3;309.3;1391;57.9;204;"0";0.9224712854286083;0.07752871457139231;"0";"SCHEDULE"
"L";300.5;309.3;1470;40.8;219;"0";0.9354065137200205;0.06459348627997973;"0";"SCHEDULE"
"L";300.5;309.3;1528;37.0;221;"0";0.9354065137200205;0.06459348627997973;"0";"SCHEDULE"
"H";300.5;309.3;1471;45.2;223;"0";0.9456851936263315;0.05431480637366857;"0";"SCHEDULE"
"L";300.7;309.5;1479;43.6;240;"0";0.9301171767959641;0.06988282320403628;"0";"SCHEDULE"
"H";300.6;309.4;1380;47.6;246;"1";0.4311625155955657;0.5688374844044344;"1";"STOP"
"L";300.8;309.7;1997;20.7;5;"0";0.9889290976061095;0.011070902393890912;"0";"MONITOR"
"M";300.7;309.6;1536;37.2;19;"0";0.9907627991270439;0.009237200872956725;"0";"MONITOR"
"H";300.6;309.4;1555;37.9;24;"0";0.9909510720310759;0.009048927968924455;"0";"MONITOR"
"H";300.5;309.4;1502;34.3;40;"0";0.9909510720310759;0.009048927968924455;"0";"MONITOR"
"L";300.6;309.5;1437;40.0;55;"0";0.9896148009616536;0.010385199038346685;"0";"MONITOR"
"M";300.5;309.5;1320;49.9;59;"0";0.9674338127892815;0.03256618721071862;"0";"MONITOR"
"M";300.7;309.7;1523;38.2;73;"0";0.9907627991270439;0.009237200872956725;"0";"MONITOR"
"L";300.6;309.6;1682;30.7;78;"0";0.9892576796502897;0.010742320349710677;"0";"MONITOR"
"L";300.7;309.6;1329;54.3;80;"0";0.9629403887991365;0.03705961120086352;"0";"MONITOR"
"L";300.7;309.6;1733;24.8;85;"0";0.9892576796502897;0.010742320349710677;"0";"MONITOR"
"M";300.6;309.5;1530;40.2;93;"0";0.9907627991270439;0.009237200872956725;"0";"MONITOR"
"M";300.7;309.5;1733;26.7;108;"0";0.9905511954385715;0.00944880456142916;"0";"MONITOR"
"L";300.6;309.4;1552;36.4;113;"0";0.9896148009616536;0.010385199038346685;"0";"MONITOR"
"H";300.6;309.6;1888;20.5;133;"0";0.990551141786745;0.009448858213255336;"0";"MONITOR"
"L";300.5;309.5;1255;62.1;138;"0";0.9270722574077966;0.07292774259220368;"0";"SCHEDULE"
"L";300.8;309.7;1481;38.1;153;"0";0.9893290278504403;0.010670972149560027;"0";"MONITOR"
"H";300.7;309.6;1403;51.3;174;"0";0.990716850582521;0.00928314941747937;"0";"MONITOR"
"M";300.8;309.7;1680;28.2;189;"0";0.9903499760639359;0.009650023936064811;"0";"MONITOR"
"L";300.7;309.5;1461;49.9;0;"0";0.9892358485383838;0.010764151461616476;"0";"MONITOR"
"H";300.7;309.5;2007;19.7;2;"0";0.990551141786745;0.009448858213255336;"0";"MONITOR"
"M";300.7;309.5;1622;30.5;14;"0";0.9907627991270439;0.009237200872956725;"0";"MONITOR"
"M";300.7;309.4;1589;35.0;52;"0";0.9907627991270439;0.009237200872956725;"0";"MONITOR"
"L";300.7;309.5;1508;39.9;59;"0";0.9896148009616536;0.010385199038346685;"0";"MONITOR"
"M";300.7;309.5;1838;24.9;66;"0";0.9905511954385715;0.00944880456142916;"0";"MONITOR"
"H";300.5;309.4;1360;46.2;93;"0";0.9671144698615731;0.03288553013842673;"0";"MONITOR"
"M";300.5;309.3;1881;25.5;98;"0";0.9903707615425393;0.009629238457461246;"0";"MONITOR"
"H";300.5;309.4;1642;36.2;103;"0";0.9909510720310759;0.009048927968924455;"0";"MONITOR"
"L";300.6;309.8;1455;48.0;125;"0";0.9888720454361746;0.011127954563825765;"0";"MONITOR"
"M";300.6;309.8;1532;42.5;130;"0";0.9903058167127782;0.009694183287222458;"0";"MONITOR"
"M";300.6;309.9;1449;42.4;169;"0";0.9903058167127782;0.009694183287222458;"0";"MONITOR"
"M";300.2;309.5;1434;51.5;189;"0";0.9904294279918012;0.009570572008199413;"0";"MONITOR"
"L";300.5;309.7;1589;30.5;198;"0";0.988987552987483;0.011012447012517463;"0";"MONITOR"
"L";300.5;309.6;1760;30.6;213;"0";0.959227517059034;0.040772482940966366;"0";"SCHEDULE"
"L";300.5;309.6;1366;50.2;219;"0";0.8429754348006813;0.15702456519931857;"0";"STOP"
"L";300.5;309.5;1379;55.6;2;"0";0.9660424511190249;0.03395754888097491;"0";"MONITOR"
"M";300.3;309.5;1665;31.4;32;"0";0.9906995546546079;0.009300445345392625;"0";"MONITOR"
"L";300.3;309.5;1474;38.7;35;"0";0.9896229046893683;0.010377095310631934;"0";"MONITOR"
"L";300.3;309.5;1551;37.9;42;"0";0.9896229046893683;0.010377095310631934;"0";"MONITOR"
"M";300.2;309.4;1501;40.0;48;"0";0.9907709028547587;0.009229097145241975;"0";"MONITOR"
"L";300.2;309.4;1558;38.3;51;"0";0.9896229046893683;0.010377095310631934;"0";"MONITOR"
"L";300.1;309.1;1400;46.7;77;"0";0.9894759497606471;0.01052405023935314;"0";"MONITOR"
"L";300.1;309.1;1353;58.7;86;"0";0.9625670520669877;0.03743294793301216;"0";"MONITOR"
"L";300.0;309.1;1431;45.4;90;"0";0.9896484428141403;0.010351557185859955;"0";"MONITOR"
"H";300.0;309.0;1622;31.8;103;"0";0.9909847138835626;0.009015286116437725;"0";"MONITOR"
"L";300.0;309.1;1631;28.3;110;"0";0.9896484428141403;0.010351557185859955;"0";"MONITOR"
"M";300.0;309.3;1932;21.8;135;"0";0.9903788652702541;0.009621134729746496;"0";"MONITOR"
"M";300.0;309.3;1407;43.9;138;"0";0.9907709028547587;0.009229097145241975;"0";"MONITOR"
"L";300.1;309.2;1441;42.9;148;"0";0.9896229046893683;0.010377095310631934;"0";"MONITOR"
"M";300.0;309.1;1474;45.2;152;"0";0.9908818447062387;0.00911815529376192;"0";"MONITOR"
"M";300.0;309.1;1624;30.8;155;"0";0.9908818447062387;0.00911815529376192;"0";"MONITOR"
"L";300.0;309.3;1972;22.0;175;"0";0.9892229744450374;0.010777025554962818;"0";"MONITOR"
"M";299.9;309.1;1513;43.8;188;"0";0.9908818447062387;0.00911815529376192;"0";"MONITOR"
"H";299.8;309.0;1467;37.3;193;"0";0.9906432390206052;0.009356760979395161;"0";"MONITOR"
"M";300.1;309.3;1469;43.9;20;"0";0.9907709028547587;0.009229097145241975;"0";"MONITOR"
"M";300.2;309.5;1458;46.9;23;"0";0.9907709028547587;0.009229097145241975;"0";"MONITOR"
"L";300.1;309.4;1858;23.6;26;"0";0.9895515564892176;0.010448443510782583;"0";"MONITOR"
"L";300.4;309.9;1567;36.5;72;"0";0.9888801491638892;0.011119850836111014;"0";"MONITOR"
"L";300.4;309.9;1376;43.5;74;"0";0.9617189047955766;0.03828109520442346;"0";"MONITOR"
"M";300.5;309.9;1780;26.5;101;"0";0.9900942130243057;0.009905786975694893;"0";"MONITOR"
"L";300.4;309.7;1467;36.9;131;"0";0.9893371315781551;0.010662868421845278;"0";"MONITOR"
"L";300.5;309.9;1480;40.0;148;"0";0.9888720454361746;0.011127954563825765;"0";"MONITOR"
"M";300.4;309.7;1539;37.7;156;"0";0.9907709028547587;0.009229097145241975;"0";"MONITOR"
"M";300.4;309.6;1614;30.3;161;"0";0.9907709028547587;0.009229097145241975;"0";"MONITOR"
"L";300.4;309.6;1386;56.9;170;"0";0.9888589429797976;0.01114105702020265;"0";"MONITOR"
"L";300.3;309.6;1624;32.6;175;"0";0.9893371315781551;0.010662868421845278;"0";"MONITOR"
"L";300.1;309.3;1570;36.8;189;"0";0.9892814298264109;0.01071857017358937;"0";"MONITOR"
"M";300.2;309.4;1433;48.8;191;"0";0.9904294279918012;0.009570572008199413;"0";"MONITOR"
"M";300.1;309.3;1443;50.3;196;"0";0.9904294279918012;0.009570572008199413;"0";"MONITOR"
"L";300.1;309.3;1685;27.1;203;"0";0.976188744625934;0.02381125537406636;"0";"MONITOR"
"L";300.1;309.1;1551;33.7;214;"0";0.9571681550297132;0.04283184497028702;"0";"SCHEDULE"
"M";300.1;309.2;1418;39.8;221;"0";0.9469707677177666;0.053029232282233954;"0";"SCHEDULE"
"M";300.0;309.2;1635;32.4;4;"0";0.9907709028547587;0.009229097145241975;"0";"MONITOR"
"M";300.0;309.1;1463;45.7;11;"0";0.9908818447062387;0.00911815529376192;"0";"MONITOR"
"M";300.1;309.2;1454;44.4;19;"0";0.9907709028547587;0.009229097145241975;"0";"MONITOR"
"L";300.2;309.1;1479;47.0;22;"0";0.9896484428141403;0.010351557185859955;"0";"MONITOR"
"M";300.1;309.1;1533;38.0;26;"0";0.9908818447062387;0.00911815529376192;"0";"MONITOR"
"L";300.1;309.0;1404;54.8;29;"0";0.9892694903908705;0.010730509609129744;"0";"MONITOR"
"M";300.2;309.0;1642;31.2;37;"0";0.9908818447062387;0.00911815529376192;"0";"MONITOR"
"L";300.3;309.2;1462;51.4;48;"0";0.9892439522660985;0.010756047733901725;"0";"MONITOR"
"L";300.4;309.2;1752;29.0;52;"0";0.9895515564892176;0.010448443510782583;"0";"MONITOR"
"H";300.4;309.3;1396;51.2;54;"0";0.9907249543102357;0.009275045689764621;"0";"MONITOR"
"L";300.6;309.6;1426;53.6;66;"0";0.9893290278504403;0.010670972149560027;"0";"MONITOR"
"M";300.7;309.6;1525;36.5;71;"0";0.9907627991270439;0.009237200872956725;"0";"MONITOR"
"L";300.6;309.6;1423;49.1;74;"0";0.9893290278504403;0.010670972149560027;"0";"MONITOR"
"M";300.7;309.7;1435;44.7;76;"0";0.9907627991270439;0.009237200872956725;"0";"MONITOR"
"M";300.5;309.3;1589;34.9;91;"0";0.9907627991270439;0.009237200872956725;"0";"MONITOR"
"L";300.5;309.3;1475;46.8;94;"0";0.9896148009616536;0.010385199038346685;"0";"MONITOR"
"L";300.7;309.3;1580;38.3;102;"0";0.9896148009616536;0.010385199038346685;"0";"MONITOR"
"L";301.0;309.6;1724;28.1;133;"0";0.9893062233396102;0.010693776660390291;"0";"MONITOR"
"M";301.0;309.6;1588;32.7;138;"0";0.9908113428163644;0.009188657183636336;"0";"MONITOR"
"M";301.0;309.8;1594;31.1;143;"0";0.9903543604020986;0.009645639597902069;"0";"MONITOR"
"M";301.0;309.7;1511;39.3;146;"0";0.9908113428163644;0.009188657183636336;"0";"MONITOR"
"L";301.1;309.8;1493;38.9;149;"0";0.988920589125495;0.011079410874505374;"0";"MONITOR"
"L";301.1;309.6;1502;48.9;160;"0";0.9893775715397608;0.010622428460239641;"0";"MONITOR"
"M";301.3;310.0;2068;17.8;176;"0";0.9893649224748207;0.010635077525180052;"0";"MONITOR"
"L";301.3;310.1;1558;36.3;184;"0";0.9890923667148059;0.010907633285194418;"0";"MONITOR"
"L";301.3;310.0;1550;41.5;197;"0";0.9887508918518486;0.011249108148151854;"0";"MONITOR"
"M";301.3;309.9;1565;36.0;213;"0";0.9638868323323224;0.03611316766767796;"0";"MONITOR"
"M";301.2;310.0;1445;45.6;18;"0";0.9905261379914095;0.009473862008591113;"0";"MONITOR"
"L";301.2;309.9;1449;45.5;23;"0";0.988920589125495;0.011079410874505374;"0";"MONITOR"
"L";301.2;310.0;1618;37.6;32;"0";0.9890923667148059;0.010907633285194418;"0";"MONITOR"
"L";301.2;310.2;1385;42.3;42;"0";0.9889198736613127;0.011080126338687607;"0";"MONITOR"
"L";301.3;310.3;1400;44.3;47;"0";0.9889198736613127;0.011080126338687607;"0";"MONITOR"
"L";301.1;310.2;1496;43.4;54;"0";0.9890923667148059;0.010907633285194418;"0";"MONITOR"
"L";301.2;310.3;1499;38.1;61;"0";0.9890923667148059;0.010907633285194418;"0";"MONITOR"
"H";301.3;310.4;1538;38.4;65;"0";0.9906545306559207;0.009345469344079801;"0";"MONITOR"
"L";301.3;310.5;1365;47.7;70;"0";0.9579043367436385;0.042095663256361354;"0";"SCHEDULE"
"L";301.3;310.4;1384;50.1;88;"0";0.9889198736613127;0.011080126338687607;"0";"MONITOR"
"L";301.3;310.4;1346;46.7;90;"0";0.9579043367436385;0.042095663256361354;"0";"SCHEDULE"
"L";301.4;310.4;1436;49.7;108;"0";0.9890923667148059;0.010907633285194418;"0";"MONITOR"
"L";301.4;310.4;1689;30.6;110;"0";0.9890210185146553;0.010978981485345067;"0";"MONITOR"
"L";301.5;310.6;1522;41.0;114;"0";0.9890923667148059;0.010907633285194418;"0";"MONITOR"
"L";301.5;310.5;1351;52.9;116;"0";0.9579043367436385;0.042095663256361354;"0";"SCHEDULE"
"L";301.5;310.6;1578;34.1;120;"0";0.9890923667148059;0.010907633285194418;"0";"MONITOR"
"L";301.5;310.6;1587;33.7;122;"0";0.9890923667148059;0.010907633285194418;"0";"MONITOR"
"L";301.6;310.6;1418;43.9;129;"0";0.9878621618979919;0.012137838102008778;"0";"MONITOR"
"L";301.7;310.8;1385;50.7;133;"0";0.9867629731650664;0.013237026834934216;"0";"MONITOR"
"L";301.7;310.9;1705;31.2;146;"0";0.986864118018409;0.013135881981591678;"0";"MONITOR"
"M";301.6;310.9;1510;40.9;152;"0";0.9892549609255346;0.010745039074466424;"0";"MONITOR"
"L";301.5;310.8;1382;52.4;165;"0";0.9889198736613127;0.011080126338687607;"0";"MONITOR"
"M";301.5;310.8;1628;36.4;167;"0";0.9905340306512359;0.009465969348764753;"0";"MONITOR"
"L";301.3;310.7;1594;34.1;172;"0";0.9890923667148059;0.010907633285194418;"0";"MONITOR"
"M";301.3;310.7;1532;40.7;178;"0";0.9905261379914095;0.009473862008591113;"0";"MONITOR"
"L";301.4;310.8;1680;31.4;185;"0";0.9890210185146553;0.010978981485345067;"0";"MONITOR"
"L";301.6;310.9;1632;31.6;189;"0";0.9878621618979919;0.012137838102008778;"0";"MONITOR"
"L";301.5;310.8;1367;49.0;193;"0";0.9575628618806812;0.0424371381193188;"0";"SCHEDULE"
"L";301.6;310.8;1355;57.8;195;"1";0.9342810990045182;0.06571890099548189;"0";"SCHEDULE"
"L";301.5;310.6;1519;40.7;208;"0";0.9697357213581402;0.030264278641860064;"0";"MONITOR"
"L";301.4;310.5;1633;39.5;0;"0";0.9890923667148059;0.010907633285194418;"0";"MONITOR"
"M";301.4;310.7;1692;32.3;5;"0";0.9901685648040264;0.009831435195974226;"0";"MONITOR"
"L";301.4;310.7;1584;32.2;17;"0";0.9890923667148059;0.010907633285194418;"0";"MONITOR"
"L";301.4;310.7;1568;35.2;23;"0";0.9890923667148059;0.010907633285194418;"0";"MONITOR"
"M";301.5;310.8;1385;47.5;30;"0";0.9903615375977427;0.009638462402257941;"0";"MONITOR"
"L";301.3;310.6;1376;47.6;45;"0";0.9617189047955766;0.03828109520442346;"0";"MONITOR"
"M";301.7;310.9;1435;48.0;66;"0";0.9882892915533449;0.01171070844665606;"0";"MONITOR"
"L";301.5;310.6;1490;48.1;81;"0";0.9890923667148059;0.010907633285194418;"0";"MONITOR"
"M";301.4;310.6;1459;35.0;87;"0";0.9905340306512359;0.009465969348764753;"0";"MONITOR"
"L";301.3;310.5;1337;52.7;106;"0";0.9579043367436385;0.042095663256361354;"0";"SCHEDULE"
"L";301.2;310.4;1381;49.8;115;"0";0.9866727676883841;0.013327232311616432;"0";"MONITOR"
"L";301.3;310.3;1313;55.6;127;"0";0.9549723544904611;0.045027645509538576;"0";"SCHEDULE"
"L";301.3;310.3;1560;36.3;129;"0";0.9890923667148059;0.010907633285194418;"0";"MONITOR"
"L";301.6;310.6;1621;33.7;137;"0";0.9878621618979919;0.012137838102008778;"0";"MONITOR"
"M";301.5;310.5;1623;33.5;157;"0";0.9905340306512359;0.009465969348764753;"0";"MONITOR"
"L";301.6;310.6;1562;34.4;162;"0";0.9878621618979919;0.012137838102008778;"0";"MONITOR"
"L";301.6;310.6;1391;49.4;164;"0";0.9876896688444987;0.01231033115550197;"0";"MONITOR"
"L";301.6;310.7;1429;43.6;176;"0";0.9878621618979919;0.012137838102008778;"0";"MONITOR"
"M";301.6;310.7;2012;20.7;178;"0";0.9880858527491192;0.011914147250881722;"0";"MONITOR"
"L";301.5;310.5;1535;39.0;204;"0";0.9756663103790864;0.024333689620914093;"0";"MONITOR"
"M";301.6;310.6;1599;36.1;208;"0";0.9703674275380167;0.02963257246198398;"0";"MONITOR"
"L";301.7;310.6;1624;34.5;216;"0";0.9255455161632133;0.07445448383678702;"0";"SCHEDULE"
"L";301.7;310.7;1605;33.3;220;"0";0.9236640149275059;0.07633598507249448;"0";"SCHEDULE"
"H";301.4;310.3;1611;41.5;11;"0";0.9906545306559207;0.009345469344079801;"0";"MONITOR"
"H";301.4;310.4;1610;38.6;16;"0";0.9906545306559207;0.009345469344079801;"0";"MONITOR"
"L";301.7;310.6;1303;59.7;42;"0";0.8941314722659444;0.10586852773405543;"0";"SCHEDULE"
"L";301.8;310.8;1736;26.5;56;"0";0.9853814506028116;0.014618549397189196;"0";"MONITOR"
"L";301.8;310.7;1441;49.3;58;"0";0.9854527988029622;0.014547201197038546;"0";"MONITOR"
"L";301.8;310.7;1523;43.3;60;"0";0.9854527988029622;0.014547201197038546;"0";"MONITOR"
"M";301.8;310.8;1691;33.4;62;"0";0.9858277615491149;0.014172238450886148;"0";"MONITOR"
"M";301.9;310.8;1557;35.3;65;"0";0.9846742116881102;0.015325788311890694;"0";"MONITOR"
"L";301.9;310.8;1650;29.8;94;"0";0.9851495276950689;0.014850472304931805;"0";"MONITOR"
"M";301.9;311.0;1384;47.4;121;"0";0.9832517186346169;0.016748281365383887;"0";"MONITOR"
"L";301.9;310.9;1309;48.0;124;"0";0.8632228270715153;0.13677717292848462;"0";"SCHEDULE"
"L";301.9;311.0;1642;33.1;126;"0";0.9851495276950689;0.014850472304931805;"0";"MONITOR"
"L";301.9;311.0;1353;43.8;130;"0";0.8625796873891223;0.13742031261087762;"0";"SCHEDULE"
"H";301.9;311.0;1871;26.0;132;"0";0.986552504834388;0.013447495165612538;"0";"MONITOR"
"L";301.6;310.8;1726;26.7;150;"0";0.9877908136978413;0.012209186302159432;"0";"MONITOR"
"H";301.6;310.8;1435;47.2;152;"0";0.9893137325351574;0.010686267464843201;"0";"MONITOR"
"M";301.7;310.8;1502;34.4;157;"0";0.9882892915533449;0.01171070844665606;"0";"MONITOR"
"L";301.8;311.0;1771;27.2;162;"0";0.9853814506028116;0.014618549397189196;"0";"MONITOR"
"M";301.8;311.0;1393;49.5;168;"0";0.9844766166957721;0.01552338330422869;"0";"MONITOR"
"L";301.9;310.9;1567;39.0;214;"1";0.9508274831264769;0.04917251687352345;"0";"SCHEDULE"
"M";302.0;311.0;1980;21.5;20;"0";0.9815135267509888;0.01848647324901208;"0";"MONITOR"
"L";302.0;311.0;1686;32.5;25;"0";0.9831221342202554;0.01687786577974533;"0";"MONITOR"
"L";301.9;310.9;1574;31.4;27;"0";0.9851495276950689;0.014850472304931805;"0";"MONITOR"
"L";301.8;310.8;1546;43.4;29;"0";0.9854527988029622;0.014547201197038546;"0";"MONITOR"
"L";301.8;310.9;1449;36.5;33;"0";0.9854527988029622;0.014547201197038546;"0";"MONITOR"
"M";301.9;310.9;1317;51.9;40;"0";0.8671904803476882;0.132809519652312;"0";"SCHEDULE"
"M";301.8;310.9;1299;60.4;48;"0";0.8742374642050601;0.1257625357949401;"0";"SCHEDULE"
"L";301.9;310.9;1799;24.2;54;"0";0.9850781794949183;0.014921820505082456;"0";"MONITOR"
"L";301.9;310.8;1525;43.2;62;"0";0.9851495276950689;0.014850472304931805;"0";"MONITOR"
"L";301.8;310.7;1551;37.7;64;"0";0.9854527988029622;0.014547201197038546;"0";"MONITOR"
"M";301.8;310.7;1309;43.3;68;"0";0.8875511375421649;0.11244886245783549;"0";"SCHEDULE"
"L";301.8;310.7;1680;32.4;76;"0";0.9853814506028116;0.014618549397189196;"0";"MONITOR"
"L";301.7;310.6;1486;38.5;78;"0";0.9869354662185598;0.013064533781441028;"0";"MONITOR"
"M";301.8;310.7;1465;35.8;82;"0";0.9858991097492655;0.014100890250735498;"0";"MONITOR"
"M";301.7;310.6;1492;42.2;85;"0";0.9882892915533449;0.01171070844665606;"0";"MONITOR"
"M";301.8;310.7;1420;52.0;88;"0";0.9777115081601252;0.0222884918398757;"0";"MONITOR"
"L";301.8;310.6;1295;62.3;91;"0";0.8431947159450576;0.1568052840549424;"0";"STOP"
"L";301.8;310.5;1548;34.1;93;"0";0.9854527988029622;0.014547201197038546;"0";"MONITOR"
"L";301.8;310.6;1452;48.4;110;"0";0.9854527988029622;0.014547201197038546;"0";"MONITOR"
"L";301.6;310.4;1599;41.7;116;"0";0.9878621618979919;0.012137838102008778;"0";"MONITOR"
"M";301.7;310.5;1625;35.9;121;"0";0.9882892915533449;0.01171070844665606;"0";"MONITOR"
"L";301.8;310.7;1751;29.3;133;"0";0.9853814506028116;0.014618549397189196;"0";"MONITOR"
"L";301.9;310.7;1947;25.0;137;"0";0.9850781794949183;0.014921820505082456;"0";"MONITOR"
"H";301.6;310.4;1369;45.4;156;"0";0.9322739368321606;0.0677260631678394;"0";"SCHEDULE"
"M";301.6;310.4;1377;44.9;161;"0";0.9330605747580993;0.06693942524190125;"0";"SCHEDULE"
"M";301.6;310.4;1452;45.7;164;"0";0.9892549609255346;0.010745039074466424;"0";"MONITOR"
"L";301.6;310.4;1517;41.1;167;"0";0.9878621618979919;0.012137838102008778;"0";"MONITOR"
"M";301.7;310.5;1724;33.0;171;"0";0.9882179433531942;0.01178205664680671;"0";"MONITOR"
"M";301.7;310.6;1417;45.2;185;"0";0.9882892915533449;0.01171070844665606;"0";"MONITOR"
"L";301.8;310.8;1557;33.3;190;"0";0.9854527988029622;0.014547201197038546;"0";"MONITOR"
"L";301.6;310.7;1638;33.8;196;"0";0.9878621618979919;0.012137838102008778;"0";"MONITOR"
"L";301.9;311.2;1435;44.2;16;"0";0.9851495276950689;0.014850472304931805;"0";"MONITOR"
"M";302.2;311.5;1360;53.0;36;"0";0.8531049826826567;0.1468950173173435;"0";"SCHEDULE"
"L";302.1;311.3;1415;44.1;43;"0";0.983193482420406;0.01680651757959468;"0";"MONITOR"
"L";302.2;311.4;1499;37.7;55;"0";0.9846616429080011;0.015338357091999558;"0";"MONITOR"
"L";302.2;311.4;1449;46.5;60;"0";0.9846616429080011;0.015338357091999558;"0";"MONITOR"
"M";302.3;311.5;1445;44.8;65;"0";0.9834694617815093;0.01653053821849159;"0";"MONITOR"
"L";302.3;311.6;1784;26.4;79;"0";0.9847126034035664;0.01528739659643431;"0";"MONITOR"
"M";302.2;311.5;1863;25.7;85;"0";0.9832758048856428;0.016724195114358135;"0";"MONITOR"
"L";302.2;311.5;1427;43.8;88;"0";0.9846616429080011;0.015338357091999558;"0";"MONITOR"
"L";302.1;311.5;1444;44.9;97;"0";0.983193482420406;0.01680651757959468;"0";"MONITOR"
"M";302.2;311.5;1734;25.0;116;"0";0.9832758048856428;0.016724195114358135;"0";"MONITOR"
"L";302.3;311.6;1398;49.1;119;"0";0.9846114585502238;0.01538854144977685;"0";"MONITOR"
"M";302.3;311.7;1517;37.6;124;"0";0.9834694617815093;0.01653053821849159;"0";"MONITOR"
"M";302.4;311.8;1358;50.6;133;"0";0.8506844456826623;0.14931555431733778;"0";"SCHEDULE"
"L";302.4;311.8;1465;40.2;143;"0";0.9847027007972768;0.015297299202723746;"0";"MONITOR"
"M";302.3;311.7;1486;39.6;147;"0";0.9834694617815093;0.01653053821849159;"0";"MONITOR"
"M";302.1;311.5;1866;23.1;159;"0";0.9818076443980476;0.01819235560195326;"0";"MONITOR"
"L";302.2;311.5;1744;31.2;172;"0";0.9845902947078504;0.015409705292150206;"0";"MONITOR"
"M";301.9;311.1;1380;51.6;184;"0";0.9694288622269376;0.030571137773063296;"0";"MONITOR"
"L";302.0;311.1;1406;50.5;187;"0";0.9804966055067501;0.01950339449325053;"0";"MONITOR"
"M";302.1;311.3;1511;45.0;204;"0";0.9732552913577824;0.026744708642218472;"0";"MONITOR"
"L";302.2;311.2;1928;23.1;2;"0";0.9845902947078504;0.015409705292150206;"0";"MONITOR"
"H";302.2;311.3;1758;26.4;4;"0";0.9858523173799278;0.014147682620072774;"0";"MONITOR"
"L";302.1;311.2;1447;50.3;11;"0";0.983193482420406;0.01680651757959468;"0";"MONITOR"
"L";302.1;311.2;1417;48.0;13;"0";0.983193482420406;0.01680651757959468;"0";"MONITOR"
"M";302.0;311.3;1725;27.7;23;"0";0.9818076443980476;0.01819235560195326;"0";"MONITOR"
"M";302.1;311.3;1497;38.4;28;"0";0.9818789925981983;0.01812100740180261;"0";"MONITOR"
"L";302.1;311.4;1549;44.6;31;"0";0.983193482420406;0.01680651757959468;"0";"MONITOR"
"L";302.2;311.4;1754;26.9;33;"0";0.9845902947078504;0.015409705292150206;"0";"MONITOR"
"L";302.3;311.5;1543;33.1;39;"0";0.984783951603717;0.015216048396283662;"0";"MONITOR"
"L";302.4;311.5;1590;39.9;58;"0";0.9847027007972768;0.015297299202723746;"0";"MONITOR"
"L";302.3;311.2;1758;24.4;68;"0";0.9847126034035664;0.01528739659643431;"0";"MONITOR"
"L";302.3;311.3;1457;44.5;83;"0";0.984783951603717;0.015216048396283662;"0";"MONITOR"
"M";302.4;311.3;1312;61.5;85;"0";0.7687832410752846;0.23121675892471535;"0";"STOP"
"M";302.2;311.2;1347;49.8;94;"0";0.860042584271797;0.13995741572820333;"0";"SCHEDULE"
"L";302.2;311.1;1470;39.6;97;"0";0.9846616429080011;0.015338357091999558;"0";"MONITOR"
"M";302.2;311.2;1873;24.0;99;"0";0.9832758048856428;0.016724195114358135;"0";"MONITOR"
"M";302.2;311.1;1434;58.6;102;"0";0.9725520588548585;0.027447941145142388;"0";"MONITOR"
"M";302.3;311.2;1454;43.8;112;"0";0.9834694617815093;0.01653053821849159;"0";"MONITOR"
"L";302.3;311.2;1401;49.7;118;"0";0.9846114585502238;0.01538854144977685;"0";"MONITOR"
"L";302.4;311.3;1503;38.2;120;"0";0.9847027007972768;0.015297299202723746;"0";"MONITOR"
"L";302.5;311.4;1409;53.1;126;"0";0.9737611205479233;0.0262388794520773;"0";"MONITOR"
"L";302.4;311.1;1652;33.9;139;"0";0.9847027007972768;0.015297299202723746;"0";"MONITOR"
"L";302.2;311.0;1463;46.8;150;"0";0.9846616429080011;0.015338357091999558;"0";"MONITOR"
"L";302.3;311.0;1412;47.0;164;"0";0.984783951603717;0.015216048396283662;"0";"MONITOR"
"L";302.3;311.1;1630;35.6;183;"0";0.984783951603717;0.015216048396283662;"0";"MONITOR"
"M";302.3;311.0;1384;49.7;192;"0";0.9832969687280161;0.01670303127198478;"0";"MONITOR"
"M";302.4;311.1;1480;45.7;200;"0";0.9815244712399986;0.018475528760002254;"0";"MONITOR"
"L";302.5;311.1;1538;36.8;208;"0";0.9681108506445446;0.03188914935545599;"0";"MONITOR"
"L";302.4;311.1;1446;42.9;5;"0";0.9847027007972768;0.015297299202723746;"0";"MONITOR"
"L";302.3;310.8;1377;47.3;22;"1";0.8615236614833468;0.1384763385166532;"0";"SCHEDULE"
"L";302.3;310.8;1511;48.1;24;"0";0.9850055582519165;0.014994441748084217;"0";"MONITOR"
"L";302.3;310.9;1412;48.9;28;"0";0.9850055582519165;0.014994441748084217;"0";"MONITOR"
"L";302.3;310.9;1459;35.0;32;"0";0.9850055582519165;0.014994441748084217;"0";"MONITOR"
"M";302.2;310.8;1356;48.3;36;"0";0.860042584271797;0.13995741572820333;"0";"SCHEDULE"
"L";302.1;310.8;1786;25.7;47;"0";0.9831221342202554;0.01687786577974533;"0";"MONITOR"
"M";302.1;310.9;1916;23.1;51;"0";0.9818076443980476;0.01819235560195326;"0";"MONITOR"
"M";302.2;310.9;1771;27.6;54;"0";0.9832758048856428;0.016724195114358135;"0";"MONITOR"
"M";302.3;311.0;1546;35.5;70;"0";0.9834694617815093;0.01653053821849159;"0";"MONITOR"
"M";302.1;310.7;1608;30.3;81;"0";0.9818789925981983;0.01812100740180261;"0";"MONITOR"
"L";302.1;310.6;1459;47.6;93;"0";0.983193482420406;0.01680651757959468;"0";"MONITOR"
"L";302.3;310.8;1421;41.4;102;"0";0.9850055582519165;0.014994441748084217;"0";"MONITOR"
"M";302.4;311.0;1464;44.2;106;"0";0.9833882109750692;0.01661178902493167;"0";"MONITOR"
"L";302.3;310.9;1620;30.3;112;"0";0.9850055582519165;0.014994441748084217;"0";"MONITOR"
"H";302.3;310.8;1438;43.8;119;"0";0.9862058525289321;0.01379414747106851;"0";"MONITOR"
"M";302.3;310.8;1762;27.8;127;"0";0.983619720229558;0.01638027977044279;"0";"MONITOR"
"M";302.3;310.9;1742;29.7;137;"0";0.983619720229558;0.01638027977044279;"0";"MONITOR"
"M";302.3;311.1;1435;43.1;149;"0";0.9834694617815093;0.01653053821849159;"0";"MONITOR"
"L";302.4;311.0;1610;33.1;161;"0";0.9847027007972768;0.015297299202723746;"0";"MONITOR"
"L";302.5;311.2;1227;60.1;167;"0";0.6189597430708028;0.3810402569291972;"0";"STOP"
"L";302.4;311.1;1484;45.9;169;"0";0.9847027007972768;0.015297299202723746;"0";"MONITOR"
"L";302.3;310.9;1720;28.1;178;"0";0.9849342100517658;0.015065789948234867;"0";"MONITOR"
"L";302.3;311.0;1561;37.2;180;"0";0.984783951603717;0.015216048396283662;"0";"MONITOR"
"L";302.4;311.0;1486;40.4;192;"0";0.9847027007972768;0.015297299202723746;"0";"MONITOR"
"H";302.4;311.1;1578;32.3;196;"0";0.9859647234693543;0.014035276530646311;"0";"MONITOR"
"L";302.6;311.6;1311;53.2;0;"0";0.8177139306025203;0.18228606939747938;"0";"STOP"
"L";302.7;311.9;1389;46.5;15;"0";0.9845302077437836;0.015469792256216934;"0";"MONITOR"
"L";302.6;311.8;1627;31.8;23;"0";0.9847027007972768;0.015297299202723746;"0";"MONITOR"
"H";302.6;311.7;1471;48.3;25;"0";0.9859647234693543;0.014035276530646311;"0";"MONITOR"
"L";302.5;311.6;1595;29.5;35;"0";0.9847027007972768;0.015297299202723746;"0";"MONITOR"
"M";302.4;311.4;1534;40.1;41;"0";0.9833882109750692;0.01661178902493167;"0";"MONITOR"
"L";302.5;311.5;1677;29.2;49;"0";0.9846313525971262;0.015368647402874396;"0";"MONITOR"
"L";302.3;311.2;1903;22.9;55;"0";0.9847126034035664;0.01528739659643431;"0";"MONITOR"
"L";302.4;311.2;1404;52.0;57;"0";0.9743871933601679;0.025612806639832727;"0";"MONITOR"
"L";302.3;311.2;1549;40.6;66;"0";0.984783951603717;0.015216048396283662;"0";"MONITOR"
"M";302.2;311.2;1627;33.2;74;"0";0.9833471530857935;0.016652846914207486;"0";"MONITOR"
"H";302.2;311.1;1476;39.6;96;"0";0.9859236655800785;0.014076334419922126;"0";"MONITOR"
"L";302.4;311.4;1831;26.9;121;"0";0.9846313525971262;0.015368647402874396;"0";"MONITOR"
"L";302.6;311.5;1885;27.5;147;"0";0.9846313525971262;0.015368647402874396;"0";"MONITOR"
"M";302.6;311.4;1718;31.2;154;"0";0.9833168627749186;0.01668313722508232;"0";"MONITOR"
"L";302.6;311.5;1442;59.8;169;"1";0.942666204395848;0.05733379560415247;"0";"SCHEDULE"
"L";302.6;311.6;1576;34.7;182;"0";0.9847027007972768;0.015297299202723746;"0";"MONITOR"
"M";302.6;311.6;1518;39.0;184;"0";0.9833882109750692;0.01661178902493167;"0";"MONITOR"
"M";302.6;311.6;1227;68.2;187;"1";0.27671972828798663;0.7232802717120134;"1";"STOP"
"L";302.2;311.3;1570;36.1;0;"0";0.9846616429080011;0.015338357091999558;"0";"MONITOR"
"L";302.3;311.4;1570;37.2;15;"0";0.984783951603717;0.015216048396283662;"0";"MONITOR"
"M";302.3;311.4;1571;32.7;17;"0";0.9831753441344504;0.016824655865550413;"0";"MONITOR"
"L";302.3;311.5;1448;49.6;28;"0";0.984783951603717;0.015216048396283662;"0";"MONITOR"
"M";302.2;311.4;1538;37.4;37;"0";0.9833471530857935;0.016652846914207486;"0";"MONITOR"
"L";302.4;311.5;1785;24.8;45;"0";0.9846313525971262;0.015368647402874396;"0";"MONITOR"
"H";302.3;311.5;1526;38.2;47;"0";0.9860459742757943;0.01395402572420623;"0";"MONITOR"
"M";302.3;311.6;1668;33.2;52;"0";0.9833981135813586;0.01660188641864224;"0";"MONITOR"
"M";302.3;311.4;1479;45.6;59;"0";0.9834694617815093;0.01653053821849159;"0";"MONITOR"
"H";302.4;311.5;1540;43.7;81;"0";0.9859647234693543;0.014035276530646311;"0";"MONITOR"
"H";302.3;311.4;1372;46.0;86;"0";0.8688449007319599;0.13115509926804012;"0";"SCHEDULE"
"M";302.2;311.3;1375;47.0;98;"0";0.8776900234608686;0.12230997653913189;"0";"SCHEDULE"
"L";302.3;311.4;1434;40.3;133;"0";0.984783951603717;0.015216048396283662;"0";"MONITOR"
"L";302.3;311.3;1621;31.6;135;"0";0.984783951603717;0.015216048396283662;"0";"MONITOR"
"M";302.3;311.3;1625;33.1;137;"0";0.9834694617815093;0.01653053821849159;"0";"MONITOR"
"L";302.1;311.0;1586;35.1;142;"0";0.983193482420406;0.01680651757959468;"0";"MONITOR"
"H";302.1;311.2;1598;37.9;148;"0";0.9844555050924833;0.015544494907517243;"0";"MONITOR"
"L";302.1;311.2;1454;59.2;153;"1";0.9530231051390526;0.046976894860947846;"0";"SCHEDULE"
"L";302.1;311.2;1369;50.8;164;"0";0.8497093237819071;0.1502906762180927;"0";"STOP"
"M";302.2;311.2;1360;52.8;176;"0";0.8531049826826567;0.1468950173173435;"0";"SCHEDULE"
"M";302.2;311.1;1728;34.0;179;"0";0.9832758048856428;0.016724195114358135;"0";"MONITOR"
"M";302.0;310.8;1783;23.1;190;"0";0.9818076443980476;0.01819235560195326;"0";"MONITOR"
"M";302.0;310.9;1558;45.3;193;"0";0.9818789925981983;0.01812100740180261;"0";"MONITOR"
"L";302.1;310.9;1666;30.7;203;"0";0.9753155874303778;0.02468441256962279;"0";"MONITOR"
"M";302.1;311.0;1574;34.1;215;"0";0.956035743117974;0.043964256882026743;"0";"SCHEDULE"
"L";302.0;310.8;2143;17.3;227;"0";0.8503118778508477;0.1496881221491526;"0";"SCHEDULE"
"L";302.0;310.8;1454;36.6;0;"0";0.983193482420406;0.01680651757959468;"0";"MONITOR"
"L";302.0;310.9;1539;34.2;13;"0";0.983193482420406;0.01680651757959468;"0";"MONITOR"
"M";302.0;310.8;1445;46.3;17;"0";0.9815848749511394;0.018415125048861433;"0";"MONITOR"
"M";301.8;310.9;1881;20.9;23;"0";0.9858277615491149;0.014172238450886148;"0";"MONITOR"
"L";301.9;311.0;1455;46.0;29;"0";0.9851495276950689;0.014850472304931805;"0";"MONITOR"
"L";301.9;311.0;2691;12.1;31;"1";0.07703824655479943;0.9229617534452007;"1";"STOP"
"M";301.9;310.8;1563;39.2;39;"0";0.9846742116881102;0.015325788311890694;"0";"MONITOR"
"M";301.9;310.9;2305;16.1;42;"0";0.9639789679427544;0.036021032057246466;"0";"MONITOR"
"L";302.0;311.0;1865;22.7;48;"0";0.9831221342202554;0.01687786577974533;"0";"MONITOR"
"L";302.0;310.9;1495;38.6;52;"0";0.983193482420406;0.01680651757959468;"0";"MONITOR"
"M";302.0;310.9;1456;47.2;54;"0";0.9818789925981983;0.01812100740180261;"0";"MONITOR"
"L";302.0;310.9;1446;44.0;64;"0";0.983193482420406;0.01680651757959468;"0";"MONITOR"
"L";302.0;310.8;1948;19.7;66;"0";0.9831221342202554;0.01687786577974533;"0";"MONITOR"
"M";301.9;310.7;1511;37.6;70;"0";0.9846742116881102;0.015325788311890694;"0";"MONITOR"
"L";301.9;310.7;1405;48.8;78;"0";0.9838995276950687;0.01610047230493181;"0";"MONITOR"
"M";301.9;310.7;1405;47.9;80;"0";0.9834242116881101;0.0165757883118907;"0";"MONITOR"
"L";302.0;310.7;1453;42.7;92;"0";0.983193482420406;0.01680651757959468;"0";"MONITOR"
"L";302.0;310.4;1357;58.0;108;"1";0.7594283848779547;0.24057161512204528;"0";"STOP"
"L";302.0;310.4;1336;58.2;110;"1";0.757449218211288;0.24255078178871195;"0";"STOP"
"L";302.0;310.4;1611;35.6;117;"0";0.983193482420406;0.01680651757959468;"0";"MONITOR"
"L";302.0;310.5;2197;15.8;133;"0";0.9831221342202554;0.01687786577974533;"0";"MONITOR"
"H";302.0;310.5;1812;24.4;138;"0";0.9843841568923325;0.015615843107667893;"0";"MONITOR"
"L";301.9;310.4;1370;51.7;153;"1";0.8057661144859948;0.19423388551400528;"0";"STOP"
"L";301.9;310.4;1518;34.1;155;"0";0.9836421202876615;0.016357879712339218;"0";"MONITOR"
"L";302.0;310.4;1464;47.2;159;"0";0.983193482420406;0.01680651757959468;"0";"MONITOR"
"L";301.9;310.4;1884;23.4;163;"0";0.9835707720875108;0.016429227912489866;"0";"MONITOR"
"L";302.0;310.4;1448;43.4;167;"0";0.983193482420406;0.01680651757959468;"0";"MONITOR"
"L";302.0;310.6;1583;35.2;171;"0";0.983193482420406;0.01680651757959468;"0";"MONITOR"
"L";302.0;310.6;1361;46.7;182;"0";0.852406200695563;0.14759379930443686;"0";"SCHEDULE"
"H";301.9;310.5;1472;39.7;187;"0";0.9866238530345387;0.013376146965461888;"0";"MONITOR"
"L";301.9;310.5;1340;55.7;204;"1";0.8088702062028149;0.19112979379718495;"0";"STOP"
"L";302.0;310.6;1366;47.7;206;"0";0.8387284160753797;0.16127158392461996;"0";"STOP"
"L";302.1;310.7;1325;45.1;208;"1";0.7994689778033698;0.20053102219663027;"0";"STOP"
"M";302.1;310.7;1364;47.8;213;"1";0.8132712956863741;0.18672870431362598;"0";"STOP"
"L";302.1;310.6;1385;53.6;5;"0";0.9759643483349961;0.024035651665004383;"0";"MONITOR"
"L";301.9;310.4;1708;24.8;17;"0";0.9835707720875108;0.016429227912489866;"0";"MONITOR"
"L";301.9;310.4;1286;62.8;22;"1";0.7617777497440715;0.23822225025592872;"0";"STOP"
"L";301.8;310.3;1688;28.8;31;"0";0.9838903564091072;0.01610964359089351;"0";"MONITOR"
"M";301.7;310.3;1787;26.7;33;"0";0.9882342565668973;0.011765743433103609;"0";"MONITOR"
"L";301.7;310.1;1424;50.2;54;"0";0.9804865278983955;0.019513472101605207;"0";"MONITOR"
"L";301.7;310.1;1500;39.6;56;"0";0.9847920834539511;0.015207916546049652;"0";"MONITOR"
"L";301.9;310.3;1398;44.0;65;"0";0.9822359404478713;0.017764059552129306;"0";"MONITOR"
"L";301.9;310.3;1972;21.3;67;"0";0.9835870853012139;0.01641291469878677;"0";"MONITOR"
"L";301.9;310.4;1603;37.6;69;"0";0.9836421202876615;0.016357879712339218;"0";"MONITOR"
"L";301.9;310.4;1610;34.8;71;"0";0.9836421202876615;0.016357879712339218;"0";"MONITOR"
"M";301.9;310.4;1373;48.0;73;"1";0.8304542153916222;0.16954578460837808;"0";"STOP"
"M";302.0;310.5;1425;44.7;76;"0";0.9818789925981983;0.01812100740180261;"0";"MONITOR"
"L";301.9;310.4;1889;21.5;92;"0";0.9835707720875108;0.016429227912489866;"0";"MONITOR"
"M";302.0;310.4;1608;33.1;97;"0";0.9818789925981983;0.01812100740180261;"0";"MONITOR"
"L";302.0;310.4;1591;29.8;105;"0";0.983193482420406;0.01680651757959468;"0";"MONITOR"
"M";302.3;310.7;1559;33.9;119;"0";0.9836910684297087;0.016308931570292142;"0";"MONITOR"
"M";302.2;310.6;1355;51.5;126;"1";0.8549880574275095;0.14501194257249067;"0";"SCHEDULE"
"L";302.2;310.6;1386;50.0;132;"0";0.9844891498545079;0.015510850145492744;"0";"MONITOR"
"M";302.2;310.6;1346;49.2;134;"1";0.860042584271797;0.13995741572820333;"0";"SCHEDULE"
"L";302.3;310.7;1612;33.4;139;"0";0.9850055582519165;0.014994441748084217;"0";"MONITOR"
"M";302.3;310.7;1544;39.7;141;"0";0.9836910684297087;0.016308931570292142;"0";"MONITOR"
"L";302.2;310.6;1334;53.2;159;"1";0.8436401247568216;0.15635987524317818;"0";"STOP"
"L";302.4;311.1;1634;34.2;184;"0";0.9847027007972768;0.015297299202723746;"0";"MONITOR"
"M";302.4;311.1;1432;44.5;195;"0";0.9833882109750692;0.01661178902493167;"0";"MONITOR"
"M";302.5;311.1;1638;32.0;198;"0";0.9833882109750692;0.01661178902493167;"0";"MONITOR"
"L";302.3;310.8;1723;26.3;213;"0";0.9446150378467142;0.055384962153286255;"0";"SCHEDULE"
"M";302.3;310.8;1721;28.4;215;"0";0.9504782625799281;0.04952173742007264;"0";"SCHEDULE"
"M";302.3;310.9;1710;30.4;218;"1";0.9448913319681251;0.05510866803187561;"0";"SCHEDULE"
"M";302.0;310.6;1392;60.5;10;"0";0.8962025547386442;0.10379744526135636;"0";"SCHEDULE"
"L";301.9;310.6;1573;36.6;15;"0";0.9851495276950689;0.014850472304931805;"0";"MONITOR"
"M";302.0;310.6;1479;40.5;24;"0";0.9818789925981983;0.01812100740180261;"0";"MONITOR"
"M";301.9;310.6;1260;65.9;29;"0";0.41476959044053124;0.5852304095594687;"1";"STOP"
"L";302.1;310.7;1359;49.3;41;"1";0.852406200695563;0.14759379930443686;"0";"SCHEDULE"
"L";302.2;310.9;1452;42.3;56;"0";0.9846616429080011;0.015338357091999558;"0";"MONITOR"
"H";302.2;310.9;1522;35.9;61;"0";0.9859236655800785;0.014076334419922126;"0";"MONITOR"
"L";302.2;310.8;1438;41.4;66;"0";0.9846616429080011;0.015338357091999558;"0";"MONITOR"
"L";302.2;310.9;1604;40.5;68;"0";0.9846616429080011;0.015338357091999558;"0";"MONITOR"
"L";302.4;310.9;1469;39.6;86;"0";0.9849243074454763;0.015075692554524298;"0";"MONITOR"
"L";302.6;311.0;1537;35.5;91;"0";0.9847027007972768;0.015297299202723746;"0";"MONITOR"
"L";302.6;311.0;1506;37.2;95;"0";0.9847027007972768;0.015297299202723746;"0";"MONITOR"
"M";302.5;311.0;1387;52.1;116;"0";0.972749848855232;0.02725015114476871;"0";"MONITOR"
"H";302.7;311.1;1418;43.4;130;"0";0.9859029950742925;0.01409700492570804;"0";"MONITOR"
"L";302.6;311.0;1424;38.0;144;"0";0.9847027007972768;0.015297299202723746;"0";"MONITOR"
"L";302.6;311.0;1520;42.8;148;"0";0.9847027007972768;0.015297299202723746;"0";"MONITOR"
"L";302.5;310.8;1577;36.9;158;"0";0.9849243074454763;0.015075692554524298;"0";"MONITOR"
"M";302.4;310.5;1500;36.7;164;"0";0.9834969339749245;0.01650306602507625;"0";"MONITOR"
"M";302.2;310.4;1456;47.5;167;"0";0.9833471530857935;0.016652846914207486;"0";"MONITOR"
"M";301.7;310.0;1391;50.6;195;"0";0.9793179539883178;0.020682046011683032;"0";"MONITOR"
"M";301.8;310.0;1781;23.9;198;"0";0.9798270651857292;0.020172934814271785;"0";"MONITOR"
"L";301.8;310.0;2032;19.0;203;"0";0.9700960729798576;0.029903927020143148;"0";"MONITOR"
"L";301.6;310.1;1694;26.3;14;"0";0.9875505371204859;0.012449462879514659;"0";"MONITOR"
"L";301.6;310.1;1687;26.6;16;"0";0.9875505371204859;0.012449462879514659;"0";"MONITOR"
"M";301.4;310.0;1651;29.8;44;"0";0.9905340306512359;0.009465969348764753;"0";"MONITOR"
"L";301.5;310.1;1541;42.2;52;"0";0.9890923667148059;0.010907633285194418;"0";"MONITOR"
"M";301.6;310.2;1411;45.1;54;"0";0.9892549609255346;0.010745039074466424;"0";"MONITOR"
"L";301.7;310.3;1397;44.6;57;"0";0.9867792863787695;0.013220713621231119;"0";"MONITOR"
"L";301.6;310.2;1384;57.1;68;"0";0.9851766849982379;0.01482331500176281;"0";"MONITOR"
"L";301.6;310.1;1362;55.8;70;"1";0.9074332729175616;0.09256672708243847;"0";"SCHEDULE"
"H";301.7;310.1;1660;29.3;72;"0";0.9862664087934209;0.013733591206579725;"0";"MONITOR"
"L";301.6;310.0;1566;30.3;79;"0";0.9876218853206367;0.01237811467936401;"0";"MONITOR"
"L";301.6;309.8;1588;33.9;89;"0";0.9878280507300865;0.012171949269914122;"0";"MONITOR"
"L";301.6;309.8;1472;42.5;91;"0";0.9878280507300865;0.012171949269914122;"0";"MONITOR"
"M";301.7;309.9;1533;40.9;106;"0";0.9840021680068165;0.0159978319931844;"0";"MONITOR"
"L";301.7;309.8;1398;46.0;109;"0";0.9824758496185381;0.017524150381462558;"0";"MONITOR"
"M";301.7;309.8;1284;68.2;111;"1";0.03698578173034695;0.963014218269653;"1";"STOP"
"L";301.7;309.8;1491;39.3;114;"0";0.9826483426720313;0.01735165732796937;"0";"MONITOR"
"H";301.8;309.9;1418;51.3;116;"0";0.9731589681860523;0.026841031813948382;"0";"MONITOR"
"M";301.9;309.7;1568;37.5;135;"0";0.9590271651001708;0.04097283489982998;"0";"SCHEDULE"
"L";301.8;309.6;1432;43.7;138;"0";0.9802995299656209;0.019700470034379768;"0";"MONITOR"
"L";302.0;309.8;1456;58.1;145;"0";0.9462633215924423;0.0537366784075583;"0";"SCHEDULE"
"L";302.0;309.9;1407;52.8;154;"0";0.9652389193853237;0.034761080614676816;"0";"MONITOR"
"L";302.1;310.1;1543;35.8;164;"0";0.9793738296664443;0.02062617033355637;"0";"MONITOR"
"L";302.0;309.7;1414;36.3;209;"0";0.9193185880925482;0.08068141190745226;"0";"SCHEDULE"
"M";301.9;309.6;1551;34.6;211;"0";0.9346380543945275;0.06536194560547336;"0";"SCHEDULE"
"M";301.8;309.6;1436;49.0;214;"0";0.9193389931541667;0.08066100684583385;"0";"SCHEDULE"
"M";301.8;309.5;1732;30.1;220;"0";0.8783913310098626;0.12160866899013804;"0";"SCHEDULE"
"L";301.8;309.5;1525;39.6;227;"0";0.8551011412233384;0.14489885877666211;"0";"SCHEDULE"
"L";301.8;309.7;1442;45.3;233;"1";0.8173367203936018;0.18266327960639855;"0";"STOP"
"L";301.9;309.7;1719;31.9;0;"0";0.9785876237190714;0.02141237628092929;"0";"MONITOR"
"M";302.2;310.1;1572;34.6;17;"0";0.9785953355467256;0.021404664453275143;"0";"MONITOR"
"L";302.3;310.1;1513;40.4;22;"0";0.9815478583599077;0.01845214164009305;"0";"MONITOR"
"L";302.5;310.3;1326;58.5;55;"1";0.7048849665268494;0.2951150334731507;"0";"STOP"
"M";302.7;310.5;1398;47.3;70;"0";0.9833244409214313;0.01667555907856944;"0";"MONITOR"
"L";302.6;310.3;1642;33.2;82;"0";0.9851896898727882;0.014810310127212366;"0";"MONITOR"
"L";302.6;310.2;1325;62.4;92;"1";0.6365312162973246;0.3634687837026756;"0";"STOP"
"M";302.6;310.2;1563;39.0;97;"0";0.9841952696789026;0.015804730321098234;"0";"MONITOR"
"L";302.6;310.3;1479;40.4;105;"0";0.9851896898727882;0.014810310127212366;"0";"MONITOR"
"L";302.3;310.1;1321;52.7;134;"1";0.7272628517385997;0.2727371482614004;"0";"STOP"
"L";302.4;310.2;1578;31.2;139;"0";0.9855097595011104;0.01449024049889031;"0";"MONITOR"
"L";302.4;310.1;1418;52.3;141;"0";0.9612663325923018;0.03873366740769876;"0";"MONITOR"
"M";302.4;310.2;1392;55.8;143;"0";0.9647970129922436;0.03520298700775719;"0";"MONITOR"
"L";302.5;310.3;1446;44.0;146;"0";0.9851896898727882;0.014810310127212366;"0";"MONITOR"
"L";302.5;310.3;1405;57.4;152;"0";0.963811978122724;0.036188021877276495;"0";"MONITOR"
"L";302.4;310.2;2224;16.0;154;"0";0.9854384113009597;0.014561588699040959;"0";"MONITOR"
"L";302.5;310.2;1716;29.9;156;"0";0.9854384113009597;0.014561588699040959;"0";"MONITOR"
"M";302.5;310.3;1488;41.8;160;"0";0.9838752000505805;0.01612479994942029;"0";"MONITOR"
"L";302.4;310.3;1374;51.2;163;"1";0.7346601627580543;0.26533983724194576;"0";"STOP"
"L";302.5;310.3;1549;40.9;170;"0";0.9851896898727882;0.014810310127212366;"0";"MONITOR"
"L";302.4;310.1;1401;48.8;177;"0";0.9788077209596574;0.021192279040343143;"0";"MONITOR"
"L";302.7;310.5;1551;35.9;6;"0";0.9848114237971324;0.015188576202868325;"0";"MONITOR"
"L";302.7;310.5;1563;35.0;8;"0";0.9848114237971324;0.015188576202868325;"0";"MONITOR"
"L";302.6;310.2;1923;21.5;18;"0";0.9854384113009597;0.014561588699040959;"0";"MONITOR"
"M";302.6;310.5;1420;56.4;57;"0";0.9683073248253032;0.031692675174697656;"0";"MONITOR"
"L";302.5;310.3;1523;36.0;72;"0";0.9851896898727882;0.014810310127212366;"0";"MONITOR"
"L";302.4;310.2;1642;28.3;88;"0";0.9855097595011104;0.01449024049889031;"0";"MONITOR"
"L";302.4;310.1;1426;46.8;95;"0";0.9832857695687062;0.0167142304312944;"0";"MONITOR"
"M";302.4;310.1;1520;36.6;97;"0";0.9809712797464986;0.019028720253502326;"0";"MONITOR"
"M";302.5;310.3;1411;49.5;110;"0";0.9838752000505805;0.01612479994942029;"0";"MONITOR"
"L";302.4;310.3;1480;45.8;123;"0";0.9851896898727882;0.014810310127212366;"0";"MONITOR"
"L";302.4;310.4;1865;23.9;129;"0";0.9847400755969816;0.015259924403018973;"0";"MONITOR"
"L";302.5;310.4;1488;48.4;134;"0";0.9848114237971324;0.015188576202868325;"0";"MONITOR"
"M";302.5;310.5;1527;38.8;136;"0";0.9834969339749245;0.01650306602507625;"0";"MONITOR"
"L";302.4;310.4;1521;38.5;142;"0";0.9848114237971324;0.015188576202868325;"0";"MONITOR"
"L";302.5;310.5;1507;39.5;147;"0";0.9848114237971324;0.015188576202868325;"0";"MONITOR"
"M";302.6;310.5;1542;39.9;184;"0";0.9834969339749245;0.01650306602507625;"0";"MONITOR"
"L";302.6;310.6;1549;37.5;199;"0";0.9849243074454763;0.015075692554524298;"0";"MONITOR"
"L";302.6;310.5;1461;45.4;0;"0";0.9848114237971324;0.015188576202868325;"0";"MONITOR"
"L";302.6;310.5;1748;28.2;2;"0";0.9847400755969816;0.015259924403018973;"0";"MONITOR"
"L";302.7;310.7;1433;43.7;13;"0";0.9849243074454763;0.015075692554524298;"0";"MONITOR"
"L";302.7;310.7;1597;41.9;15;"0";0.9849243074454763;0.015075692554524298;"0";"MONITOR"
"L";302.9;310.8;1610;32.2;17;"0";0.9849243074454763;0.015075692554524298;"0";"MONITOR"
"L";302.8;310.9;1636;35.0;38;"0";0.9849243074454763;0.015075692554524298;"0";"MONITOR"
"L";302.8;310.9;1708;29.8;42;"0";0.9848529592453257;0.015147040754674948;"0";"MONITOR"
"L";302.9;311.2;1634;36.9;71;"0";0.9847027007972768;0.015297299202723746;"0";"MONITOR"
"M";302.8;311.0;1507;33.4;82;"0";0.9833882109750692;0.01661178902493167;"0";"MONITOR"
"L";302.8;311.1;1721;30.0;87;"0";0.9846313525971262;0.015368647402874396;"0";"MONITOR"
"L";303.0;311.2;1409;41.9;98;"0";0.9841848453107932;0.015815154689207463;"0";"MONITOR"
"M";303.0;311.2;1460;43.9;103;"0";0.9827650239101056;0.01723497608989529;"0";"MONITOR"
"M";303.0;311.0;1409;41.7;120;"0";0.9827650239101056;0.01723497608989529;"0";"MONITOR"
"H";302.9;311.0;1469;48.7;130;"0";0.9859647234693543;0.014035276530646311;"0";"MONITOR"
"L";302.9;311.1;1556;45.3;135;"0";0.9847027007972768;0.015297299202723746;"0";"MONITOR"
"L";303.0;311.3;2194;16.5;148;"0";0.9841134971106424;0.015886502889358115;"0";"MONITOR"
"M";303.0;311.3;1335;53.6;164;"1";0.8260555130487042;0.17394448695129586;"0";"STOP"
"L";303.0;311.1;1525;40.7;179;"0";0.9841848453107932;0.015815154689207463;"0";"MONITOR"
"M";303.0;311.1;1428;39.8;181;"0";0.9827650239101056;0.01723497608989529;"0";"MONITOR"
"L";303.0;311.2;1664;29.8;186;"0";0.9841134971106424;0.015886502889358115;"0";"MONITOR"
"L";303.0;311.2;1735;26.1;194;"0";0.9841134971106424;0.015886502889358115;"0";"MONITOR"
"L";303.0;311.2;1383;44.6;198;"0";0.9840123522572999;0.01598764774270065;"0";"MONITOR"
"M";303.0;311.2;1614;35.7;207;"0";0.9660683931480112;0.03393160685198966;"0";"MONITOR"
"L";303.1;311.3;1474;34.8;215;"0";0.9453208170578649;0.05467918294213556;"0";"SCHEDULE"
"L";303.1;311.2;1435;40.1;219;"0";0.9430214768075078;0.056978523192492754;"0";"SCHEDULE"
"L";303.2;311.4;1514;41.2;230;"0";0.882987462128045;0.11701253787195523;"0";"SCHEDULE"
"L";303.3;311.4;1958;21.5;0;"0";0.9841134971106424;0.015886502889358115;"0";"MONITOR"
"L";303.3;311.4;1658;30.5;7;"0";0.9841848453107932;0.015815154689207463;"0";"MONITOR"
"L";303.1;311.2;1452;52.9;11;"0";0.9735126661334508;0.02648733386654983;"0";"MONITOR"
"M";303.1;311.1;1594;35.5;13;"0";0.9824709062630467;0.017529093736954115;"0";"MONITOR"
"M";303.1;311.0;1510;47.6;16;"0";0.9824709062630467;0.017529093736954115;"0";"MONITOR"
"L";303.1;311.2;1679;34.8;25;"0";0.9841134971106424;0.015886502889358115;"0";"MONITOR"
"H";303.3;311.2;1607;31.7;34;"0";0.9853415364043907;0.014658463595609928;"0";"MONITOR"
"L";303.3;311.3;1389;53.9;39;"0";0.9730707720079463;0.0269292279920542;"0";"MONITOR"
"M";303.4;311.4;1307;54.0;44;"1";0.8228185144322321;0.177181485567768;"0";"STOP"
"M";303.3;311.5;1569;36.6;47;"0";0.9827650239101056;0.01723497608989529;"0";"MONITOR"
"H";303.3;311.4;1692;27.9;55;"0";0.9852701882042401;0.014729811795760576;"0";"MONITOR"
"L";303.3;311.5;1412;55.6;67;"0";0.9698232228241136;0.030176777175886974;"0";"MONITOR"
"H";303.6;311.7;1476;40.1;85;"0";0.9853582508265493;0.01464174917345138;"0";"MONITOR"
"L";303.6;311.7;1491;39.8;92;"0";0.9842015597329516;0.015798440267048918;"0";"MONITOR"
"M";303.6;311.8;1421;44.8;101;"1";0.9833372938878197;0.01666270611218119;"0";"MONITOR"
"L";303.5;311.6;1577;38.1;112;"0";0.9842015597329516;0.015798440267048918;"0";"MONITOR"
"L";303.4;311.5;1424;50.8;128;"0";0.9814879683971373;0.01851203160286332;"0";"MONITOR"
"H";303.5;311.7;1584;32.7;143;"0";0.9853582508265493;0.01464174917345138;"0";"MONITOR"
"L";303.6;311.8;1222;66.8;148;"1";0.5405729572623216;0.45942704273767837;"0";"STOP"
"M";303.6;311.8;1432;42.5;150;"0";0.9833372938878197;0.01666270611218119;"0";"MONITOR"
"L";303.6;311.8;1614;33.2;155;"0";0.9842015597329516;0.015798440267048918;"0";"MONITOR"
"M";303.4;311.6;1446;50.0;163;"0";0.9827650239101056;0.01723497608989529;"0";"MONITOR"
"L";303.4;311.6;1712;30.1;182;"0";0.9841134971106424;0.015886502889358115;"0";"MONITOR"
"M";303.4;311.6;1425;45.4;184;"0";0.9827650239101056;0.01723497608989529;"0";"MONITOR"
"M";303.4;311.7;1690;34.9;189;"0";0.9826936757099548;0.017306324290045944;"0";"MONITOR"
"M";303.4;311.7;1353;44.1;192;"1";0.8304477624831463;0.16955223751685392;"0";"STOP"
"M";303.4;311.8;1391;42.7;197;"0";0.9825925308566122;0.01740746914338848;"0";"MONITOR"
"L";303.4;311.9;1771;31.6;202;"0";0.9789461092417584;0.021053890758242332;"0";"MONITOR"
"M";303.4;311.8;2133;18.3;207;"0";0.9539091718685464;0.04609082813145448;"0";"SCHEDULE"
"L";303.3;311.7;1508;35.5;217;"0";0.9386209799685341;0.06137902003146646;"0";"SCHEDULE"
"L";303.3;311.7;1539;38.5;221;"0";0.9366691936879223;0.06333080631207824;"0";"SCHEDULE"
"L";303.2;311.5;1507;39.2;225;"0";0.9261486034314214;0.07385139656857913;"0";"SCHEDULE"
"L";303.2;311.5;1513;37.9;0;"0";0.9841848453107932;0.015815154689207463;"0";"MONITOR"
"M";303.2;311.4;2102;19.0;5;"0";0.9815406256402963;0.01845937435970442;"0";"MONITOR"
"L";303.2;311.4;1351;53.8;8;"1";0.8059129227209767;0.1940870772790231;"0";"STOP"
"L";303.2;311.2;1427;45.6;25;"0";0.9841848453107932;0.015815154689207463;"0";"MONITOR"
"M";303.3;311.5;1384;54.8;48;"0";0.9672900380586469;0.0327099619413539;"0";"MONITOR"
"H";303.4;311.7;1991;19.0;53;"0";0.9852701882042401;0.014729811795760576;"0";"MONITOR"
"M";303.6;312.0;1645;35.7;81;"0";0.9836150599824214;0.016384940017579345;"0";"MONITOR"
"M";303.6;311.9;1617;36.0;95;"0";0.9833372938878197;0.01666270611218119;"0";"MONITOR"
"M";303.6;312.0;1435;37.9;98;"0";0.9836150599824214;0.016384940017579345;"0";"MONITOR"
"L";303.6;312.0;1391;50.3;101;"0";0.9843068327740602;0.015693167225940264;"0";"MONITOR"
"L";303.9;312.6;1642;32.3;127;"0";0.9858564004934185;0.014143599506582111;"0";"MONITOR"
"H";303.6;312.6;1498;40.2;155;"0";0.9860398473555192;0.013960152644481234;"0";"MONITOR"
"L";303.7;312.6;1621;38.8;182;"0";0.9848831562619218;0.015116843738078771;"0";"MONITOR"
"L";303.6;312.6;1606;33.6;184;"0";0.9848831562619218;0.015116843738078771;"0";"MONITOR"
"M";303.4;312.1;1499;39.4;197;"0";0.9834466204390756;0.016553379560925147;"0";"MONITOR"
"L";303.4;311.9;1531;37.9;203;"0";0.9752668917061698;0.024733108293830824;"0";"MONITOR"
"L";303.6;312.2;1696;30.7;5;"0";0.9848831562619218;0.015116843738078771;"0";"MONITOR"
"M";303.6;312.1;1627;32.5;7;"0";0.9837247727697309;0.016275227230269865;"0";"MONITOR"
"L";303.5;311.9;1405;45.6;10;"0";0.9842015597329516;0.015798440267048918;"0";"MONITOR"
"L";303.5;311.9;1493;38.7;14;"0";0.9842015597329516;0.015798440267048918;"0";"MONITOR"
"L";303.5;311.9;1515;39.2;24;"0";0.9842015597329516;0.015798440267048918;"0";"MONITOR"
"L";303.5;312.0;1756;29.7;28;"0";0.9844793258275534;0.015520674172447076;"0";"MONITOR"
"L";303.3;311.8;1315;62.0;42;"1";0.760447663815571;0.2395523361844289;"0";"STOP"
"H";303.4;311.9;1402;50.0;54;"0";0.9851073149558357;0.014892685044164845;"0";"MONITOR"
"M";303.5;312.0;1475;42.9;85;"0";0.9836150599824214;0.016384940017579345;"0";"MONITOR"
"L";303.7;312.2;1568;33.8;96;"0";0.9848831562619218;0.015116843738078771;"0";"MONITOR"
"L";303.7;312.3;1606;37.4;103;"0";0.9848831562619218;0.015116843738078771;"0";"MONITOR"
"L";303.5;312.3;1946;21.1;112;"0";0.9848831562619218;0.015116843738078771;"0";"MONITOR"
"L";303.6;312.3;1451;43.4;119;"0";0.9848831562619218;0.015116843738078771;"0";"MONITOR"
"L";303.6;312.5;1345;54.1;126;"0";0.844974501660791;0.15502549833920862;"0";"STOP"
"M";303.7;312.4;1631;28.5;132;"0";0.9840188904167897;0.01598110958321104;"0";"MONITOR"
"L";303.7;312.4;1316;59.3;137;"0";0.8424227997823784;0.15757720021762128;"0";"STOP"
"L";303.7;312.4;1702;31.2;144;"0";0.9848831562619218;0.015116843738078771;"0";"MONITOR"
"L";303.7;312.4;1348;51.0;152;"0";0.8514803712460316;0.14851962875396807;"0";"SCHEDULE"
"H";303.7;312.5;1520;35.6;154;"0";0.9860398473555192;0.013960152644481234;"0";"MONITOR"
"M";303.8;312.6;1406;47.1;162;"0";0.9840188904167897;0.01598110958321104;"0";"MONITOR"
"M";303.8;312.6;1684;29.3;167;"0";0.9840188904167897;0.01598110958321104;"0";"MONITOR"
"H";303.8;312.5;1748;25.1;175;"0";0.9860398473555192;0.013960152644481234;"0";"MONITOR"
"L";303.8;312.5;1372;45.7;180;"0";0.8444550259374652;0.15554497406253445;"0";"STOP"
"L";303.7;312.5;1481;33.3;182;"0";0.9848831562619218;0.015116843738078771;"0";"MONITOR"
"L";303.7;312.4;1512;39.2;184;"0";0.9848831562619218;0.015116843738078771;"0";"MONITOR"
"L";303.7;312.4;1525;43.9;188;"0";0.9848831562619218;0.015116843738078771;"0";"MONITOR"
"L";303.7;312.3;1922;23.1;193;"0";0.9848831562619218;0.015116843738078771;"0";"MONITOR"
"H";303.6;312.4;1460;53.7;214;"0";0.8199018308480123;0.18009816915198779;"0";"STOP"
"L";303.6;312.4;1388;41.9;221;"0";0.9393571604781573;0.06064283952184327;"0";"SCHEDULE"
"M";303.6;312.5;1459;48.2;17;"0";0.9837247727697309;0.016275227230269865;"0";"MONITOR"
"L";303.5;312.4;1481;43.7;20;"0";0.9848831562619218;0.015116843738078771;"0";"MONITOR"
"M";303.5;312.4;1606;31.7;22;"0";0.9840188904167897;0.01598110958321104;"0";"MONITOR"
"M";303.4;312.2;1561;38.2;45;"0";0.9834466204390756;0.016553379560925147;"0";"MONITOR"
"L";303.3;312.2;1506;40.0;50;"0";0.9848664418397632;0.015133558160237317;"0";"MONITOR"
"L";303.4;312.2;1337;69.4;52;"1";0.01607361963190184;0.9839263803680981;"1";"STOP"
"M";303.4;312.2;1972;23.5;59;"0";0.983375272238925;0.016624727761075795;"0";"MONITOR"
"L";303.4;312.3;1680;30.6;67;"0";0.9847950936396126;0.015204906360387967;"0";"MONITOR"
"L";303.5;312.3;1584;35.2;74;"0";0.9848831562619218;0.015116843738078771;"0";"MONITOR"
"L";303.5;312.4;1340;44.5;76;"0";0.8471559715639428;0.1528440284360569;"0";"STOP"
"H";303.6;312.6;1436;42.0;110;"0";0.9859781189604575;0.014021881039542963;"0";"MONITOR"
"M";303.8;312.7;1555;33.4;128;"0";0.9840188904167897;0.01598110958321104;"0";"MONITOR"
"M";303.8;312.7;1919;20.2;131;"0";0.9840188904167897;0.01598110958321104;"0";"MONITOR"
"M";303.8;312.7;1374;53.6;136;"0";0.8517625006265511;0.148237499373449;"0";"SCHEDULE"
"L";303.7;312.5;1670;26.1;139;"0";0.9848831562619218;0.015116843738078771;"0";"MONITOR"
"M";303.8;312.5;2344;15.2;146;"0";0.9633949948715845;0.03660500512841616;"0";"MONITOR"
"L";303.8;312.5;1523;47.0;152;"0";0.9848831562619218;0.015116843738078771;"0";"MONITOR"
"L";303.8;312.6;1735;25.9;154;"0";0.9848831562619218;0.015116843738078771;"0";"MONITOR"
"L";303.9;312.7;1800;24.3;158;"0";0.9858564004934185;0.014143599506582111;"0";"MONITOR"
"L";303.9;312.6;1426;53.4;172;"0";0.9806503760226651;0.019349623977335344;"0";"MONITOR"
"H";303.8;312.6;1811;24.9;183;"0";0.9860398473555192;0.013960152644481234;"0";"MONITOR"
"M";303.7;312.8;1558;37.7;206;"0";0.9708647788686298;0.029135221131371056;"0";"MONITOR"
"L";303.8;313.1;1869;25.8;211;"0";0.960332935884433;0.03966706411556753;"0";"MONITOR"
"L";303.8;313.1;2497;13.0;5;"1";0.7492369623759647;0.25076303762403546;"0";"STOP"
"L";303.9;313.2;1393;46.5;9;"0";0.986695313800626;0.013304686199374227;"0";"MONITOR"
"M";303.9;313.0;1475;41.0;11;"0";0.9849511261776337;0.015048873822366969;"0";"MONITOR"
"M";303.5;312.6;1642;29.4;18;"0";0.9837247727697309;0.016275227230269865;"0";"MONITOR"
"M";303.6;312.8;1400;43.2;23;"0";0.983902527866717;0.016097472133283774;"0";"MONITOR"
"M";303.6;312.8;1825;25.2;29;"0";0.9840750209202102;0.015924979079790586;"0";"MONITOR"
"L";303.7;312.8;1627;31.7;40;"0";0.9849392867653423;0.015060713234658317;"0";"MONITOR"
"M";303.7;312.8;1366;47.3;49;"0";0.8674771158463079;0.13252288415369232;"0";"SCHEDULE"
"L";303.8;313.0;1452;38.6;72;"0";0.985136265438328;0.014863734561672535;"0";"MONITOR"
"L";303.9;313.0;1408;47.5;76;"0";0.9861095096698247;0.01389049033017588;"0";"MONITOR"
"L";304.0;313.1;1404;47.1;90;"0";0.9864976804342308;0.013502319565769725;"0";"MONITOR"
"L";303.9;313.1;1639;29.0;95;"0";0.9864976804342308;0.013502319565769725;"0";"MONITOR"
"L";304.0;313.3;1294;54.6;102;"0";0.856297865984486;0.14370213401551354;"0";"SCHEDULE"
"M";303.9;313.2;1630;29.3;104;"0";0.9860035410089875;0.01399645899101331;"0";"MONITOR"
"M";303.9;313.1;1437;48.3;110;"0";0.9856334145890987;0.01436658541090199;"0";"MONITOR"
"M";303.8;313.0;1514;45.0;113;"0";0.9842719995931959;0.015728000406804804;"0";"MONITOR"
"M";304.0;313.2;1500;40.6;124;"0";0.9860035410089875;0.01399645899101331;"0";"MONITOR"
"L";304.1;313.2;1412;47.5;150;"0";0.9899226022516793;0.010077397748321117;"0";"MONITOR"
"H";304.0;313.0;1701;30.4;171;"0";0.9872662007634222;0.012733799236578348;"0";"MONITOR"
"L";303.9;313.0;1433;48.4;178;"0";0.9861095096698247;0.01389049033017588;"0";"MONITOR"
"L";303.8;312.9;1619;35.7;182;"0";0.9849392867653423;0.015060713234658317;"0";"MONITOR"
"L";304.0;312.8;1542;42.7;198;"0";0.9861095096698247;0.01389049033017588;"0";"MONITOR"
"L";304.1;313.1;1550;30.9;9;"0";0.9895524758317906;0.010447524168209803;"0";"MONITOR"
"M";304.2;313.2;1396;50.5;11;"0";0.9885917257059951;0.011408274294005389;"0";"MONITOR"
"H";304.2;313.0;1442;40.9;23;"0";0.9903209961609819;0.009679003839018424;"0";"MONITOR"
"M";304.0;313.0;1454;46.8;30;"0";0.9852452438246927;0.014754756175308146;"0";"MONITOR"
"L";304.2;313.2;1464;44.9;37;"0";0.9899226022516793;0.010077397748321117;"0";"MONITOR"
"L";304.3;313.3;1775;24.9;39;"0";0.9905826513379309;0.0094173486620694;"0";"MONITOR"
"L";304.0;313.0;1541;45.9;64;"0";0.9861095096698247;0.01389049033017588;"0";"MONITOR"
"M";304.0;313.0;1685;28.2;66;"0";0.9852452438246927;0.014754756175308146;"0";"MONITOR"
"L";303.9;313.2;1345;48.2;77;"0";0.8705328685604363;0.12946713143956354;"0";"SCHEDULE"
"L";304.2;313.4;1457;49.4;96;"0";0.9905826513379309;0.0094173486620694;"0";"MONITOR"
"L";304.2;313.5;1438;50.1;100;"0";0.9905826513379309;0.0094173486620694;"0";"MONITOR"
"L";304.1;313.4;1374;56.6;115;"0";0.8728560025657991;0.12714399743420043;"0";"SCHEDULE"
"L";303.9;313.3;1394;51.6;121;"0";0.9846584859732219;0.015341514026778358;"0";"MONITOR"
"M";304.0;313.4;1389;45.8;123;"0";0.9864910970417458;0.013508902958254777;"0";"MONITOR"
"M";304.1;313.6;1441;43.7;131;"0";0.9897183854927988;0.010281614507201659;"0";"MONITOR"
"M";304.2;313.8;1481;44.9;136;"0";0.9897183854927988;0.010281614507201659;"0";"MONITOR"
"L";304.2;313.8;1401;53.9;142;"0";0.9879010107273402;0.012098989272659968;"0";"MONITOR"
"M";304.2;313.6;1512;33.4;146;"0";0.9897183854927988;0.010281614507201659;"0";"MONITOR"
"M";304.2;313.6;1424;43.7;151;"0";0.9897183854927988;0.010281614507201659;"0";"MONITOR"
"L";304.2;313.6;1469;40.0;154;"0";0.9905826513379309;0.0094173486620694;"0";"MONITOR"
"M";304.2;313.5;1532;41.3;161;"0";0.9897183854927988;0.010281614507201659;"0";"MONITOR"
"M";304.2;313.5;1557;37.3;164;"0";0.9897183854927988;0.010281614507201659;"0";"MONITOR"
"L";304.2;313.4;1735;28.9;192;"0";0.9905826513379309;0.0094173486620694;"0";"MONITOR"
"M";304.3;313.6;1489;40.3;196;"0";0.9897183854927988;0.010281614507201659;"0";"MONITOR"
"L";304.4;313.7;1509;35.0;205;"1";0.9812330082310851;0.018766991768915272;"0";"MONITOR"
"L";304.2;313.4;1568;37.6;25;"0";0.9905826513379309;0.0094173486620694;"0";"MONITOR"
"M";304.1;313.2;2028;18.9;45;"0";0.9890583364065472;0.01094166359345338;"0";"MONITOR"
"M";304.2;313.4;1329;54.5;75;"0";0.8803186756769733;0.11968132432302667;"0";"SCHEDULE"
"L";304.2;313.4;1740;28.2;78;"0";0.9905826513379309;0.0094173486620694;"0";"MONITOR"
"L";304.2;313.4;1740;23.7;86;"0";0.9905826513379309;0.0094173486620694;"0";"MONITOR"
"H";304.0;313.2;1517;43.1;96;"0";0.9880244979477169;0.011975502052283506;"0";"MONITOR"
"L";304.0;313.2;1584;38.7;104;"0";0.9868678068541193;0.013132193145881038;"0";"MONITOR"
"L";303.9;313.1;1586;31.9;108;"0";0.9864976804342308;0.013502319565769725;"0";"MONITOR"
"L";304.0;313.0;2012;21.1;115;"0";0.9861095096698247;0.01389049033017588;"0";"MONITOR"
"L";304.0;313.2;1632;30.6;121;"0";0.9868678068541193;0.013132193145881038;"0";"MONITOR"
"L";303.9;313.1;1310;62.9;130;"0";0.802735800685617;0.19726419931438305;"0";"STOP"
"L";303.9;313.0;1551;36.8;140;"0";0.9861095096698247;0.01389049033017588;"0";"MONITOR"
"L";303.8;312.8;1428;53.3;152;"0";0.9762049948173853;0.023795005182615202;"0";"MONITOR"
"L";303.8;312.8;1503;40.0;154;"0";0.9849392867653423;0.015060713234658317;"0";"MONITOR"
"L";303.8;312.8;1416;58.7;156;"0";0.9708057859133926;0.029194214086607828;"0";"MONITOR"
"L";303.7;312.7;1468;43.3;168;"0";0.9848831562619218;0.015116843738078771;"0";"MONITOR"
"L";303.8;312.7;1664;29.3;178;"0";0.9848831562619218;0.015116843738078771;"0";"MONITOR"
"L";303.8;313.0;1633;32.9;207;"0";0.9661057735400164;0.033894226459984196;"0";"MONITOR"
"L";303.9;313.1;1440;41.1;12;"0";0.9864976804342308;0.013502319565769725;"0";"MONITOR"
"H";303.9;313.1;1790;26.7;17;"0";0.9876543715278282;0.012345628472172188;"0";"MONITOR"
"M";303.7;312.9;1511;41.0;33;"0";0.9840750209202102;0.015924979079790586;"0";"MONITOR"
"L";303.7;313.0;1457;44.1;40;"0";0.985136265438328;0.014863734561672535;"0";"MONITOR"
"L";303.7;313.0;1753;29.0;42;"0";0.985136265438328;0.014863734561672535;"0";"MONITOR"
"L";303.7;313.0;1694;28.0;44;"0";0.985136265438328;0.014863734561672535;"0";"MONITOR"
"L";303.6;313.0;1593;31.6;52;"0";0.985136265438328;0.014863734561672535;"0";"MONITOR"
"L";303.6;313.1;1405;38.3;58;"0";0.9855244362027341;0.01447556379726638;"0";"MONITOR"
"L";303.5;312.9;1332;52.9;66;"0";0.8473203891980774;0.15267961080192227;"0";"STOP"
"M";303.4;312.9;1307;54.3;68;"0";0.8562054082688239;0.14379459173117623;"0";"SCHEDULE"
"L";303.5;313.0;1482;38.5;82;"0";0.985136265438328;0.014863734561672535;"0";"MONITOR"
"M";303.5;312.9;1572;44.7;84;"0";0.9840750209202102;0.015924979079790586;"0";"MONITOR"
"M";303.5;313.0;1492;46.1;89;"0";0.9842719995931959;0.015728000406804804;"0";"MONITOR"
"L";303.4;312.8;1449;43.9;94;"0";0.9849225723431837;0.015077427656816866;"0";"MONITOR"
"L";303.5;312.8;1877;22.3;96;"0";0.9849392867653423;0.015060713234658317;"0";"MONITOR"
"L";303.4;312.8;1376;53.4;98;"0";0.8679801780281893;0.13201982197181056;"0";"SCHEDULE"
"M";303.7;313.0;1469;39.9;137;"0";0.9842719995931959;0.015728000406804804;"0";"MONITOR"
"H";303.8;313.2;1381;52.4;140;"0";0.9775854397839838;0.022414560216016403;"0";"MONITOR"
"L";303.8;313.2;1525;41.9;145;"0";0.9858945626226228;0.014105437377377699;"0";"MONITOR"
"L";303.8;313.1;1523;39.8;150;"0";0.9855244362027341;0.01447556379726638;"0";"MONITOR"
"M";303.9;313.3;1567;35.0;168;"0";0.986663590095239;0.01333640990476159;"0";"MONITOR"
"M";303.9;313.4;1464;49.1;171;"0";0.986663590095239;0.01333640990476159;"0";"MONITOR"
"L";303.9;313.4;1442;48.5;174;"0";0.987527855940371;0.01247214405962932;"0";"MONITOR"
"L";303.8;313.2;1336;47.8;176;"0";0.8656202303895456;0.13437976961045411;"0";"SCHEDULE"
"L";303.8;313.1;1309;55.8;193;"0";0.8486913091463144;0.15130869085368512;"0";"STOP"
"H";303.9;313.2;1680;29.1;201;"0";0.9866547617422379;0.013345238257762633;"0";"MONITOR"
"M";303.9;313.2;1422;48.0;215;"1";0.9387183763166455;0.061281623683355144;"0";"SCHEDULE"
"L";303.6;312.9;1873;23.5;7;"0";0.9849392867653423;0.015060713234658317;"0";"MONITOR"
"M";303.7;312.9;1566;32.6;9;"0";0.9837809032731514;0.01621909672684941;"0";"MONITOR"
"M";303.5;312.7;1402;47.0;23;"0";0.9838463973632965;0.016153602636704224;"0";"MONITOR"
"M";303.4;312.8;1526;30.8;37;"0";0.9835027509424961;0.01649724905750469;"0";"MONITOR"
"L";303.5;312.7;1694;27.3;40;"0";0.9848831562619218;0.015116843738078771;"0";"MONITOR"
"M";303.4;312.6;2706;9.8;65;"1";0.0;1.0;"1";"STOP"
"L";303.2;312.4;1663;33.7;71;"0";0.9847950936396126;0.015204906360387967;"0";"MONITOR"
"H";303.5;312.8;1404;55.8;84;"0";0.952432485115761;0.04756751488423941;"0";"SCHEDULE"
"L";303.5;312.8;1607;38.4;92;"0";0.9849392867653423;0.015060713234658317;"0";"MONITOR"
"L";303.4;312.8;1360;50.8;94;"0";0.8527317314201339;0.14726826857986577;"0";"SCHEDULE"
"L";303.4;312.7;1534;35.5;98;"0";0.9848664418397632;0.015133558160237317;"0";"MONITOR"
"L";303.3;312.6;1623;34.6;102;"0";0.9848664418397632;0.015133558160237317;"0";"MONITOR"
"M";303.4;312.8;1622;35.1;107;"0";0.9835027509424961;0.01649724905750469;"0";"MONITOR"
"H";303.3;312.6;1827;24.2;132;"0";0.98595178473321;0.014048215266790433;"0";"MONITOR"
"M";303.3;312.6;1397;47.1;137;"0";0.9832741273855824;0.016725872614418335;"0";"MONITOR"
"L";303.3;312.6;1463;44.0;140;"0";0.9848664418397632;0.015133558160237317;"0";"MONITOR"
"L";303.2;312.6;1601;35.3;148;"0";0.9848664418397632;0.015133558160237317;"0";"MONITOR"
"H";303.0;312.5;1507;37.9;163;"0";0.9860231329333606;0.013976867066639784;"0";"MONITOR"
"H";303.0;312.4;1627;37.1;168;"0";0.9860231329333606;0.013976867066639784;"0";"MONITOR"
"L";302.9;312.3;1435;47.7;173;"0";0.9853842973262469;0.0146157026737536;"0";"MONITOR"
"H";302.9;312.3;1509;46.8;175;"0";0.9866463199983244;0.013353680001676168;"0";"MONITOR"
"L";302.9;312.3;1515;40.8;183;"0";0.9853842973262469;0.0146157026737536;"0";"MONITOR"
"H";302.8;312.3;1336;57.5;187;"0";0.8512367754121597;0.1487632245878402;"0";"SCHEDULE"
"L";302.9;312.4;1446;41.7;196;"0";0.9853842973262469;0.0146157026737536;"0";"MONITOR"
"L";302.8;312.4;1651;27.0;200;"0";0.9837657320809551;0.01623426791904537;"0";"MONITOR"
"L";302.8;312.3;1504;40.3;204;"0";0.979223855599379;0.020776144400621536;"0";"MONITOR"
"H";302.9;312.3;1754;26.9;209;"0";0.9718074373418637;0.028192562658136747;"0";"MONITOR"
"L";302.9;312.2;1469;42.0;214;"0";0.9496772288913802;0.050322771108620275;"0";"SCHEDULE"
"L";302.8;312.2;1433;50.0;216;"0";0.9205643421568847;0.0794356578431157;"0";"SCHEDULE"
"H";302.8;312.3;1483;47.2;223;"0";0.9469269352368157;0.05307306476318455;"0";"SCHEDULE"
"L";302.8;312.4;1529;36.8;237;"0";0.7835658574851843;0.21643414251481569;"0";"STOP"
"L";302.8;312.4;1523;39.7;239;"0";0.7845289722392826;0.21547102776071733;"0";"STOP"
"L";302.6;312.4;1628;33.0;15;"0";0.9853842973262469;0.0146157026737536;"0";"MONITOR"
"L";302.7;312.4;1433;44.2;17;"0";0.9853842973262469;0.0146157026737536;"0";"MONITOR"
"H";302.7;312.5;1527;36.4;26;"0";0.9866463199983244;0.013353680001676168;"0";"MONITOR"
"L";302.6;312.3;1534;34.3;31;"0";0.9853842973262469;0.0146157026737536;"0";"MONITOR"
"L";302.6;312.3;1321;53.4;42;"0";0.8485699484908312;0.15143005150916838;"0";"STOP"
"L";302.6;312.3;1512;34.2;44;"0";0.9853842973262469;0.0146157026737536;"0";"MONITOR"
"M";302.7;312.4;1422;44.5;49;"0";0.9840698075040392;0.015930192495961525;"0";"MONITOR"
"L";302.5;312.2;1775;27.9;56;"0";0.9853129491260962;0.014687050873904248;"0";"MONITOR"
"L";302.6;312.3;1554;42.0;58;"0";0.9853842973262469;0.0146157026737536;"0";"MONITOR"
"L";302.7;312.4;1423;51.9;60;"0";0.9808043456677383;0.019195654332262262;"0";"MONITOR"
"L";302.8;312.5;1694;28.4;66;"0";0.9853129491260962;0.014687050873904248;"0";"MONITOR"
"L";302.9;312.5;1550;45.5;72;"0";0.9853842973262469;0.0146157026737536;"0";"MONITOR"
"M";303.0;312.5;1524;42.1;76;"0";0.9834466204390756;0.016553379560925147;"0";"MONITOR"
"L";302.9;312.5;1683;32.1;85;"0";0.9853129491260962;0.014687050873904248;"0";"MONITOR"
"M";303.0;312.6;1392;42.9;94;"0";0.9832741273855824;0.016725872614418335;"0";"MONITOR"
"L";303.0;312.7;2024;19.9;102;"0";0.9847950936396126;0.015204906360387967;"0";"MONITOR"
"M";303.0;312.8;1648;32.1;104;"0";0.9835027509424961;0.01649724905750469;"0";"MONITOR"
"L";303.1;312.9;1511;40.1;107;"0";0.9849225723431837;0.015077427656816866;"0";"MONITOR"
"L";303.0;312.7;1551;41.8;111;"0";0.9848664418397632;0.015133558160237317;"0";"MONITOR"
"L";303.1;312.8;2329;15.1;113;"0";0.9742273285978278;0.025772671402172653;"0";"MONITOR"
"M";303.0;312.7;1553;35.8;122;"0";0.9834466204390756;0.016553379560925147;"0";"MONITOR"
"L";303.1;312.5;1453;49.1;140;"0";0.9848664418397632;0.015133558160237317;"0";"MONITOR"
"M";302.9;312.3;1339;52.1;145;"0";0.8580348064166664;0.14196519358333373;"0";"SCHEDULE"
"M";302.9;312.3;1426;44.7;157;"0";0.9840698075040392;0.015930192495961525;"0";"MONITOR"
"L";302.8;312.3;1764;29.9;162;"0";0.9853129491260962;0.014687050873904248;"0";"MONITOR"
"M";302.7;312.2;1439;42.5;164;"0";0.9840698075040392;0.015930192495961525;"0";"MONITOR"
"L";302.7;312.2;1369;51.8;174;"0";0.8397743677295526;0.1602256322704471;"0";"STOP"
"M";302.6;312.1;1445;42.0;181;"0";0.9840698075040392;0.015930192495961525;"0";"MONITOR"
"L";302.7;312.2;1611;34.1;186;"0";0.9853842973262469;0.0146157026737536;"0";"MONITOR"
"L";302.7;312.2;1450;52.1;213;"1";0.9130980518579423;0.08690194814205811;"0";"SCHEDULE"
"L";302.8;312.4;1368;49.5;10;"0";0.8566781676265437;0.14332183237345608;"0";"SCHEDULE"
"M";302.9;312.5;1924;24.0;17;"0";0.9837043416568296;0.016295658343171;"0";"MONITOR"
"M";302.9;312.5;1903;21.2;23;"0";0.9839984593038885;0.016001540696112173;"0";"MONITOR"
"L";302.7;312.1;1601;35.2;31;"0";0.9853842973262469;0.0146157026737536;"0";"MONITOR"
"L";302.8;312.1;1520;39.9;48;"0";0.9853842973262469;0.0146157026737536;"0";"MONITOR"
"L";302.8;312.2;1682;30.9;58;"0";0.9853129491260962;0.014687050873904248;"0";"MONITOR"
"L";302.7;312.0;1828;24.0;63;"0";0.984909118691728;0.015090881308272552;"0";"MONITOR"
"L";302.6;311.9;1397;46.9;82;"0";0.9845302077437836;0.015469792256216934;"0";"MONITOR"
"L";302.6;311.9;1453;39.1;84;"0";0.9847027007972768;0.015297299202723746;"0";"MONITOR"
"M";302.6;312.0;1363;45.7;91;"0";0.8494328462888145;0.1505671537111855;"0";"STOP"
"L";302.5;311.9;1520;44.9;94;"0";0.9847027007972768;0.015297299202723746;"0";"MONITOR"
"M";302.4;311.8;1539;39.9;101;"0";0.9833882109750692;0.01661178902493167;"0";"MONITOR"
"M";302.3;311.8;1879;23.0;124;"0";0.9833981135813586;0.01660188641864224;"0";"MONITOR"
"H";302.3;311.7;1482;39.0;127;"0";0.9860459742757943;0.01395402572420623;"0";"MONITOR"
"L";302.3;311.7;1453;41.2;147;"0";0.984783951603717;0.015216048396283662;"0";"MONITOR"
"H";302.5;312.0;1579;35.7;167;"0";0.986242489563956;0.013757510436044472;"0";"MONITOR"
"L";302.5;311.9;1306;59.7;172;"0";0.8210622223191575;0.17893777768084226;"0";"STOP"
"L";302.5;312.0;1411;44.2;177;"0";0.9849804668918787;0.015019533108121904;"0";"MONITOR"
"M";302.5;312.0;1451;43.2;189;"0";0.983665977069671;0.016334022930329827;"0";"MONITOR"
"L";302.4;311.9;1541;37.9;192;"0";0.9847027007972768;0.015297299202723746;"0";"MONITOR"
"L";302.4;311.8;1416;46.1;202;"0";0.9814402266059975;0.018559773394003186;"0";"MONITOR"
"L";302.4;312.0;1457;45.5;206;"0";0.9752902573905999;0.02470974260940064;"0";"MONITOR"
"L";302.5;312.2;1738;25.3;14;"0";0.9853129491260962;0.014687050873904248;"0";"MONITOR"
"H";302.4;312.0;1457;43.4;23;"0";0.986242489563956;0.013757510436044472;"0";"MONITOR"
"L";302.6;312.2;1695;27.1;32;"0";0.9853129491260962;0.014687050873904248;"0";"MONITOR"
"M";302.5;312.1;1454;47.6;37;"0";0.9840698075040392;0.015930192495961525;"0";"MONITOR"
"L";302.4;311.9;1578;29.9;44;"0";0.9847027007972768;0.015297299202723746;"0";"MONITOR"
"M";302.4;311.8;1557;31.5;49;"0";0.9833882109750692;0.01661178902493167;"0";"MONITOR"
"L";302.5;311.9;1481;42.9;52;"0";0.9847027007972768;0.015297299202723746;"0";"MONITOR"
"M";302.5;311.9;1298;57.5;57;"0";0.8432098699184881;0.15679013008151188;"0";"STOP"
"M";302.5;311.9;1340;59.4;60;"0";0.8138753679935496;0.18612463200645057;"0";"STOP"
"L";302.5;311.9;1437;46.7;65;"0";0.9847027007972768;0.015297299202723746;"0";"MONITOR"
"L";302.7;312.0;1501;37.0;77;"0";0.9849804668918787;0.015019533108121904;"0";"MONITOR"
"M";302.7;312.0;1652;31.0;81;"0";0.983665977069671;0.016334022930329827;"0";"MONITOR"
"L";302.8;312.1;1487;36.6;84;"0";0.9853842973262469;0.0146157026737536;"0";"MONITOR"
"L";302.9;312.2;1510;41.4;94;"0";0.9853842973262469;0.0146157026737536;"0";"MONITOR"
"M";303.0;312.3;1674;29.5;109;"0";0.983375272238925;0.016624727761075795;"0";"MONITOR"
"L";303.0;312.3;1486;42.4;112;"0";0.9848664418397632;0.015133558160237317;"0";"MONITOR"
"M";303.0;312.3;1483;38.8;114;"0";0.9834466204390756;0.016553379560925147;"0";"MONITOR"
"M";303.0;312.2;1257;71.3;122;"1";0.01607361963190184;0.9839263803680981;"1";"STOP"
"L";303.1;312.4;1404;61.5;127;"1";0.733446016781189;0.26655398321881113;"0";"STOP"
"M";303.0;312.4;1645;29.6;129;"0";0.9834466204390756;0.016553379560925147;"0";"MONITOR"
"L";303.0;312.3;1533;38.5;134;"0";0.9848664418397632;0.015133558160237317;"0";"MONITOR"
"L";302.6;312.1;1519;38.1;178;"0";0.9853842973262469;0.0146157026737536;"0";"MONITOR"
"L";302.6;312.1;1420;51.6;182;"0";0.9800857943963308;0.01991420560366961;"0";"MONITOR"
"L";302.5;311.9;1401;44.9;203;"0";0.9785422590704088;0.021457740929591677;"0";"MONITOR"
"L";302.3;311.6;1544;34.3;0;"0";0.984783951603717;0.015216048396283662;"0";"MONITOR"
"L";302.3;311.5;1387;47.3;2;"0";0.9846114585502238;0.01538854144977685;"0";"MONITOR"
"M";302.3;311.5;1316;47.2;4;"0";0.8473221298418079;0.1526778701581922;"0";"STOP"
"L";302.3;311.5;1794;26.1;7;"0";0.9847126034035664;0.01528739659643431;"0";"MONITOR"
"M";302.3;311.5;1674;30.0;12;"0";0.9831039959342998;0.016896004065701062;"0";"MONITOR"
"L";302.2;311.4;1477;41.7;15;"0";0.9846616429080011;0.015338357091999558;"0";"MONITOR"
"M";302.3;311.5;1530;42.3;21;"0";0.9831753441344504;0.016824655865550413;"0";"MONITOR"
"L";302.3;311.4;1845;21.9;27;"0";0.9847126034035664;0.01528739659643431;"0";"MONITOR"
"L";302.2;311.4;2080;19.2;31;"0";0.9845902947078504;0.015409705292150206;"0";"MONITOR"
"H";302.1;311.6;1701;26.2;46;"0";0.9843841568923325;0.015615843107667893;"0";"MONITOR"
"L";302.2;311.6;1462;50.0;51;"0";0.9846616429080011;0.015338357091999558;"0";"MONITOR"
"L";302.3;311.8;1565;37.8;59;"0";0.984783951603717;0.015216048396283662;"0";"MONITOR"
"M";302.2;311.7;1466;49.0;66;"0";0.9833471530857935;0.016652846914207486;"0";"MONITOR"
"L";302.2;311.6;1383;44.3;72;"0";0.9844891498545079;0.015510850145492744;"0";"MONITOR"
"L";302.2;311.5;1482;45.6;87;"0";0.9846616429080011;0.015338357091999558;"0";"MONITOR"
"M";302.3;311.7;1423;44.6;93;"0";0.9834694617815093;0.01653053821849159;"0";"MONITOR"
"M";302.4;311.8;1453;42.1;105;"0";0.9833882109750692;0.01661178902493167;"0";"MONITOR"
"L";302.5;311.9;1497;41.6;123;"0";0.9847027007972768;0.015297299202723746;"0";"MONITOR"
"L";302.3;311.7;1544;43.2;128;"0";0.984783951603717;0.015216048396283662;"0";"MONITOR"
"L";302.5;311.8;1335;52.7;135;"0";0.8336009572333741;0.1663990427666256;"0";"STOP"
"L";302.4;311.9;1290;70.0;139;"1";0.04819483175311397;0.951805168246886;"1";"STOP"
"L";302.4;311.8;1448;43.4;141;"0";0.9847027007972768;0.015297299202723746;"0";"MONITOR"
"L";302.3;311.7;1611;38.6;143;"0";0.984783951603717;0.015216048396283662;"0";"MONITOR"
"H";302.2;311.7;1413;46.5;147;"0";0.9858619371850168;0.014138062814983855;"0";"MONITOR"
"L";302.2;311.7;1330;54.6;154;"0";0.8433250247531285;0.1566749752468713;"0";"STOP"
"L";302.2;311.9;1596;38.0;156;"0";0.9846616429080011;0.015338357091999558;"0";"MONITOR"
"L";302.4;312.0;1621;32.5;169;"0";0.9849804668918787;0.015019533108121904;"0";"MONITOR"
"L";302.2;311.7;1488;44.6;178;"0";0.9846616429080011;0.015338357091999558;"0";"MONITOR"
"M";302.3;311.8;1475;48.0;180;"0";0.9834694617815093;0.01653053821849159;"0";"MONITOR"
"M";302.4;311.9;1398;50.1;188;"0";0.983215717921576;0.016784282078424858;"0";"MONITOR"
"M";302.3;311.8;1559;34.4;191;"0";0.9834694617815093;0.01653053821849159;"0";"MONITOR"
"M";302.4;311.9;1422;46.4;194;"0";0.9833882109750692;0.01661178902493167;"0";"MONITOR"
"L";302.2;311.6;1872;20.4;202;"0";0.9804629654535614;0.01953703454643919;"0";"MONITOR"
"L";302.2;311.7;1412;44.5;204;"0";0.9767837479179728;0.023216252082027676;"0";"MONITOR"
"M";302.4;311.9;1439;36.6;212;"0";0.9470009859606426;0.05299901403935818;"0";"SCHEDULE"
"L";302.3;311.8;1574;42.8;215;"0";0.9332371101183397;0.06676288988166085;"0";"SCHEDULE"
"L";302.3;311.7;1281;48.8;0;"0";0.8393228874207819;0.16067711257921805;"0";"STOP"
"L";302.3;311.7;1414;47.0;11;"0";0.984783951603717;0.015216048396283662;"0";"MONITOR"
"L";302.1;311.5;1533;39.4;26;"0";0.983193482420406;0.01680651757959468;"0";"MONITOR"
"M";302.2;311.7;1576;34.0;28;"0";0.9833471530857935;0.016652846914207486;"0";"MONITOR"
"L";302.1;311.4;1391;49.2;52;"0";0.9830209893669128;0.016979010633087866;"0";"MONITOR"
"L";301.9;311.3;1366;55.6;57;"0";0.8685722436531704;0.13142775634682952;"0";"SCHEDULE"
"L";301.9;311.3;1501;40.8;59;"0";0.9851495276950689;0.014850472304931805;"0";"MONITOR"
"L";301.8;311.3;1551;35.8;61;"0";0.9854527988029622;0.014547201197038546;"0";"MONITOR"
"M";301.9;311.3;1522;35.6;63;"0";0.9846742116881102;0.015325788311890694;"0";"MONITOR"
"L";301.8;311.2;1334;52.3;68;"0";0.8870680542259762;0.11293194577402367;"0";"SCHEDULE"
"L";301.7;311.3;1708;30.5;77;"0";0.986864118018409;0.013135881981591678;"0";"MONITOR"
"L";301.7;311.3;1421;45.9;85;"0";0.9869354662185598;0.013064533781441028;"0";"MONITOR"
"L";301.6;311.2;1525;43.7;91;"0";0.9878621618979919;0.012137838102008778;"0";"MONITOR"
"H";301.6;311.2;1395;46.8;95;"0";0.9891412394816642;0.010858760518336391;"0";"MONITOR"
"L";301.6;311.1;1907;21.5;102;"0";0.9877908136978413;0.012209186302159432;"0";"MONITOR"
"L";301.6;311.1;1325;49.2;104;"0";0.9341924568345189;0.06580754316548122;"0";"SCHEDULE"
"M";301.7;311.1;1489;41.4;108;"0";0.9882892915533449;0.01171070844665606;"0";"MONITOR"
"L";301.6;311.1;1680;29.2;111;"0";0.9877908136978413;0.012209186302159432;"0";"MONITOR"
"M";301.8;311.1;1399;41.8;125;"0";0.9844766166957721;0.01552338330422869;"0";"MONITOR"
"M";301.7;311.2;1563;34.5;139;"0";0.9882892915533449;0.01171070844665606;"0";"MONITOR"
"L";301.6;311.0;1431;42.6;158;"0";0.9878621618979919;0.012137838102008778;"0";"MONITOR"
"L";301.5;310.9;1365;46.5;172;"0";0.9579043367436385;0.042095663256361354;"0";"SCHEDULE"
"L";301.4;311.0;1733;25.7;182;"0";0.9890210185146553;0.010978981485345067;"0";"MONITOR"
"H";301.3;311.0;1580;36.6;184;"0";0.9906545306559207;0.009345469344079801;"0";"MONITOR"
"M";301.3;311.0;1402;47.5;197;"0";0.990012170074959;0.00998782992504174;"0";"MONITOR"
"L";301.3;311.0;1542;35.1;204;"0";0.9756663103790864;0.024333689620914093;"0";"MONITOR"
"L";301.3;311.0;1539;36.9;206;"0";0.9715138319819648;0.028486168018035527;"0";"MONITOR"
"L";301.3;311.0;1418;41.9;208;"0";0.9697357213581402;0.030264278641860064;"0";"MONITOR"
"L";301.3;311.1;1303;49.2;212;"0";0.88640851714757;0.11359148285242998;"0";"SCHEDULE"
"M";301.3;311.1;1492;41.2;223;"0";0.9494755041175017;0.050524495882498736;"0";"SCHEDULE"
"L";301.3;311.1;1624;40.9;0;"0";0.9890923667148059;0.010907633285194418;"0";"MONITOR"
"L";301.3;311.1;1504;39.1;2;"0";0.9890923667148059;0.010907633285194418;"0";"MONITOR"
"L";301.3;311.3;1434;49.8;16;"0";0.9890923667148059;0.010907633285194418;"0";"MONITOR"
"L";301.2;311.1;1550;39.7;20;"0";0.9890923667148059;0.010907633285194418;"0";"MONITOR"
"M";301.4;311.2;1541;36.3;28;"0";0.9905340306512359;0.009465969348764753;"0";"MONITOR"
"M";301.3;311.1;1581;30.9;31;"0";0.9905261379914095;0.009473862008591113;"0";"MONITOR"
"L";301.3;311.1;1560;35.3;55;"0";0.9890923667148059;0.010907633285194418;"0";"MONITOR"
"H";301.2;310.9;1798;22.3;59;"0";0.99058318245577;0.009416817544230452;"0";"MONITOR"
"M";301.2;310.9;1424;45.2;68;"0";0.9905261379914095;0.009473862008591113;"0";"MONITOR"
"L";301.3;311.0;1348;44.5;78;"0";0.9579043367436385;0.042095663256361354;"0";"SCHEDULE"
"L";301.3;311.0;1554;47.7;84;"0";0.9890923667148059;0.010907633285194418;"0";"MONITOR"
"M";301.5;311.1;1402;40.0;94;"0";0.9903615375977427;0.009638462402257941;"0";"MONITOR"
"L";301.5;311.0;1494;45.3;99;"0";0.9890923667148059;0.010907633285194418;"0";"MONITOR"
"L";301.5;311.1;1731;27.9;101;"0";0.9890210185146553;0.010978981485345067;"0";"MONITOR"
"M";301.5;311.1;1396;43.5;112;"0";0.9903615375977427;0.009638462402257941;"0";"MONITOR"
"M";301.5;311.1;1660;33.8;115;"0";0.9905340306512359;0.009465969348764753;"0";"MONITOR"
"M";301.5;311.0;1577;39.7;118;"0";0.9905340306512359;0.009465969348764753;"0";"MONITOR"
"L";301.4;311.1;1952;22.7;131;"0";0.9890210185146553;0.010978981485345067;"0";"MONITOR"
"L";301.4;311.1;1469;36.9;133;"0";0.9890923667148059;0.010907633285194418;"0";"MONITOR"
"L";301.4;311.1;1800;26.0;135;"0";0.9890210185146553;0.010978981485345067;"0";"MONITOR"
"M";301.3;311.1;1438;43.0;137;"0";0.9905261379914095;0.009473862008591113;"0";"MONITOR"
"L";301.3;311.1;1647;28.2;140;"0";0.9890923667148059;0.010907633285194418;"0";"MONITOR"
"H";301.4;311.1;1445;41.4;144;"0";0.9906545306559207;0.009345469344079801;"0";"MONITOR"
"M";301.5;311.1;1507;38.6;149;"0";0.9905340306512359;0.009465969348764753;"0";"MONITOR"
"L";301.4;311.0;1634;32.6;155;"0";0.9890923667148059;0.010907633285194418;"0";"MONITOR"
"L";301.2;310.9;1597;37.9;164;"0";0.9890923667148059;0.010907633285194418;"0";"MONITOR"
"M";301.2;310.9;1460;46.7;166;"0";0.9905261379914095;0.009473862008591113;"0";"MONITOR"
"L";301.0;310.7;1300;57.2;174;"0";0.953596494578016;0.046403505421983855;"0";"SCHEDULE"
"M";300.9;310.7;1485;41.0;181;"0";0.9905261379914095;0.009473862008591113;"0";"MONITOR"
"H";300.8;310.5;1582;31.1;193;"0";0.9902645121036429;0.009735487896357628;"0";"MONITOR"
"M";300.7;310.3;1659;29.8;6;"0";0.9904775943020891;0.009522405697911502;"0";"MONITOR"
"L";300.7;310.3;1592;36.0;14;"0";0.9890438230254855;0.010956176974514804;"0";"MONITOR"
"L";300.6;310.2;1555;41.9;19;"0";0.9890438230254855;0.010956176974514804;"0";"MONITOR"
"L";300.6;310.1;1541;42.0;23;"0";0.9890438230254855;0.010956176974514804;"0";"MONITOR"
"L";300.5;310.2;1764;25.9;27;"0";0.9889724748253349;0.011027525174665454;"0";"MONITOR"
"L";300.3;310.2;1369;48.8;36;"0";0.9579043367436385;0.042095663256361354;"0";"SCHEDULE"
"M";300.2;310.1;1619;31.3;38;"0";0.9904856980298038;0.009514301970196754;"0";"MONITOR"
"L";300.2;310.1;1649;30.5;43;"0";0.9890519267532002;0.010948073246800053;"0";"MONITOR"
"L";300.3;310.2;1471;45.2;48;"0";0.9890519267532002;0.010948073246800053;"0";"MONITOR"
"L";300.3;310.3;1483;51.6;50;"0";0.9890519267532002;0.010948073246800053;"0";"MONITOR"
"L";300.3;310.4;1336;54.4;52;"0";0.9579043367436385;0.042095663256361354;"0";"SCHEDULE"
"M";300.6;310.5;1462;41.3;68;"0";0.9904775943020891;0.009522405697911502;"0";"MONITOR"
"L";300.5;310.4;1702;33.1;71;"0";0.9889724748253349;0.011027525174665454;"0";"MONITOR"
"M";300.8;310.8;1415;44.5;87;"0";0.9904775943020891;0.009522405697911502;"0";"MONITOR"
"L";300.7;310.8;1689;28.9;100;"0";0.9889724748253349;0.011027525174665454;"0";"MONITOR"
"L";300.8;310.9;1732;25.7;109;"0";0.9889724748253349;0.011027525174665454;"0";"MONITOR"
"L";300.7;310.8;1653;31.6;111;"0";0.9890438230254855;0.010956176974514804;"0";"MONITOR"
"L";300.6;310.8;1533;38.5;117;"0";0.9890438230254855;0.010956176974514804;"0";"MONITOR"
"L";300.5;310.7;1606;33.5;121;"0";0.9890438230254855;0.010956176974514804;"0";"MONITOR"
"H";300.4;310.7;1656;36.3;127;"0";0.9906140906943149;0.009385909305685442;"0";"MONITOR"
"H";300.5;310.9;1447;46.5;137;"0";0.9906059869666002;0.00939401303340019;"0";"MONITOR"
"L";300.4;310.8;1520;37.6;151;"0";0.9890519267532002;0.010948073246800053;"0";"MONITOR"
"L";300.5;310.8;1354;51.8;157;"0";0.9579043367436385;0.042095663256361354;"0";"SCHEDULE"
"L";300.5;310.7;1488;39.4;159;"0";0.9890438230254855;0.010956176974514804;"0";"MONITOR"
"H";300.5;310.6;1378;51.5;166;"0";0.9663656425168204;0.033634357483179514;"0";"MONITOR"
"L";300.6;310.7;1750;30.6;171;"0";0.9889724748253349;0.011027525174665454;"0";"MONITOR"
"H";300.6;310.7;1501;45.3;175;"0";0.9906059869666002;0.00939401303340019;"0";"MONITOR"
"L";300.7;310.8;1486;37.1;186;"0";0.9890438230254855;0.010956176974514804;"0";"MONITOR"
"M";300.7;310.7;1343;51.6;211;"0";0.9160196066052942;0.08398039339470616;"0";"SCHEDULE"
"H";300.4;310.2;1431;43.2;0;"0";0.9905523622992531;0.009447637700747169;"0";"MONITOR"
"L";300.6;310.5;1570;38.3;14;"0";0.9890438230254855;0.010956176974514804;"0";"MONITOR"
"H";300.7;310.7;1428;43.4;26;"0";0.9905442585715385;0.009455741428461917;"0";"MONITOR"
"L";300.7;310.9;1521;39.4;61;"0";0.9890438230254855;0.010956176974514804;"0";"MONITOR"
"L";300.7;311.0;1336;53.3;68;"0";0.9579043367436385;0.042095663256361354;"0";"SCHEDULE"
"L";300.7;311.0;1403;48.3;70;"0";0.9888713299719923;0.011128670028007992;"0";"MONITOR"
"M";300.7;311.0;1413;44.3;72;"0";0.9904775943020891;0.009522405697911502;"0";"MONITOR"
"M";300.7;310.8;1452;47.9;77;"0";0.9904775943020891;0.009522405697911502;"0";"MONITOR"
"H";300.9;311.0;1853;23.6;122;"0";0.99058318245577;0.009416817544230452;"0";"MONITOR"
"M";300.9;311.0;1556;38.8;127;"0";0.9905261379914095;0.009473862008591113;"0";"MONITOR"
"L";300.7;310.8;1475;42.0;147;"0";0.9890438230254855;0.010956176974514804;"0";"MONITOR"
"L";300.8;310.8;1634;29.2;149;"0";0.9890438230254855;0.010956176974514804;"0";"MONITOR"
"L";300.8;310.8;1689;32.9;151;"0";0.9889724748253349;0.011027525174665454;"0";"MONITOR"
"H";301.1;311.1;1618;29.5;160;"0";0.9906545306559207;0.009345469344079801;"0";"MONITOR"
"L";301.0;310.9;1568;38.2;172;"0";0.9890923667148059;0.010907633285194418;"0";"MONITOR"
"L";301.0;311.0;1804;25.8;174;"0";0.9890210185146553;0.010978981485345067;"0";"MONITOR"
"L";301.0;311.0;1582;37.5;176;"0";0.9890923667148059;0.010907633285194418;"0";"MONITOR"
"M";300.9;310.8;1452;43.6;185;"0";0.9905261379914095;0.009473862008591113;"0";"MONITOR"
"M";300.9;310.8;1695;30.2;188;"0";0.9903145343029371;0.00968546569706355;"0";"MONITOR"
"M";300.9;310.8;1790;26.2;191;"0";0.9899730594399797;0.010026940560020988;"0";"MONITOR"
"L";301.0;310.9;1492;36.7;199;"0";0.9883504650433248;0.011649534956675653;"0";"MONITOR"
"L";300.9;310.7;1389;50.0;214;"0";0.938349579696782;0.061650420303218205;"0";"SCHEDULE"
"L";300.9;310.6;1538;36.7;3;"0";0.9890923667148059;0.010907633285194418;"0";"MONITOR"
"L";300.9;310.8;1476;39.0;10;"0";0.9890923667148059;0.010907633285194418;"0";"MONITOR"
"L";300.9;310.7;1658;28.5;18;"0";0.9890923667148059;0.010907633285194418;"0";"MONITOR"
"M";300.9;310.8;1402;48.1;22;"0";0.9903536449379163;0.009646355062084302;"0";"MONITOR"
"M";300.8;310.7;1483;40.8;28;"0";0.9904775943020891;0.009522405697911502;"0";"MONITOR"
"M";300.8;310.7;1924;22.4;36;"0";0.9904141387617648;0.009585861238235792;"0";"MONITOR"
"H";300.9;310.7;1609;28.7;39;"0";0.9906545306559207;0.009345469344079801;"0";"MONITOR"
"L";300.9;311.0;1438;49.0;61;"0";0.9890923667148059;0.010907633285194418;"0";"MONITOR"
"M";300.8;310.9;1678;28.1;63;"0";0.9904062461019385;0.009593753898062152;"0";"MONITOR"
"M";300.7;310.8;1486;41.2;71;"0";0.9904775943020891;0.009522405697911502;"0";"MONITOR"
"M";300.9;311.2;1472;40.0;93;"0";0.9905261379914095;0.009473862008591113;"0";"MONITOR"
"L";300.9;311.0;1499;38.0;111;"0";0.9890923667148059;0.010907633285194418;"0";"MONITOR"
"H";301.0;311.0;1640;37.6;118;"0";0.9906545306559207;0.009345469344079801;"0";"MONITOR"
"L";301.1;311.1;1470;40.9;125;"0";0.9890923667148059;0.010907633285194418;"0";"MONITOR"
"H";300.9;310.8;1390;40.6;131;"0";0.98986475365181;0.010135246348190272;"0";"MONITOR"
"L";300.8;310.8;1486;45.7;146;"0";0.9890438230254855;0.010956176974514804;"0";"MONITOR"
"M";301.1;311.1;2089;19.8;162;"0";0.9893649224748207;0.010635077525180052;"0";"MONITOR"
"L";301.1;311.2;1555;35.3;172;"0";0.9890923667148059;0.010907633285194418;"0";"MONITOR"
"L";301.1;311.1;1508;41.5;184;"0";0.9890923667148059;0.010907633285194418;"0";"MONITOR"
"L";301.1;311.2;1774;29.6;186;"0";0.9890210185146553;0.010978981485345067;"0";"MONITOR"
"L";301.1;311.0;1677;29.1;188;"0";0.9890210185146553;0.010978981485345067;"0";"MONITOR"
"L";301.0;311.0;1399;58.0;190;"1";0.9882727032534911;0.01172729674650922;"0";"MONITOR"
"L";301.0;310.9;1570;34.0;192;"0";0.9887508918518486;0.011249108148151854;"0";"MONITOR"
"L";301.0;310.9;1479;44.3;194;"0";0.9887508918518486;0.011249108148151854;"0";"MONITOR"
"L";301.0;310.8;1558;34.9;196;"0";0.9887508918518486;0.011249108148151854;"0";"MONITOR"
"L";300.9;310.7;1523;35.8;205;"0";0.973281508705512;0.026718491294488486;"0";"MONITOR"
"L";300.7;310.5;1448;38.2;218;"0";0.9376398911946799;0.06236010880532038;"0";"SCHEDULE"
"L";300.8;310.7;1633;27.8;0;"0";0.9890438230254855;0.010956176974514804;"0";"MONITOR"
"L";300.9;310.8;1517;44.3;4;"0";0.9890923667148059;0.010907633285194418;"0";"MONITOR"
"L";301.0;310.8;1975;19.7;17;"0";0.9890210185146553;0.010978981485345067;"0";"MONITOR"
"L";301.1;311.0;1918;21.7;28;"0";0.9890210185146553;0.010978981485345067;"0";"MONITOR"
"M";301.1;311.0;1413;46.6;30;"0";0.9905261379914095;0.009473862008591113;"0";"MONITOR"
"L";301.0;310.9;1578;38.4;49;"0";0.9890923667148059;0.010907633285194418;"0";"MONITOR"
"L";300.9;310.8;1571;39.9;51;"0";0.9890923667148059;0.010907633285194418;"0";"MONITOR"
"L";300.9;310.8;1493;45.8;57;"0";0.9890923667148059;0.010907633285194418;"0";"MONITOR"
"L";300.9;310.9;1497;43.2;62;"0";0.9890923667148059;0.010907633285194418;"0";"MONITOR"
"M";300.8;310.6;1669;28.4;79;"0";0.9904062461019385;0.009593753898062152;"0";"MONITOR"
"L";300.8;310.6;1402;53.7;93;"0";0.9888713299719923;0.011128670028007992;"0";"MONITOR"
"L";300.9;310.7;1392;44.2;97;"0";0.9889198736613127;0.011080126338687607;"0";"MONITOR"
"H";301.0;310.6;1366;50.6;106;"0";0.9620185375665544;0.03798146243344552;"0";"MONITOR"
"L";301.1;310.8;1470;49.3;116;"0";0.9890923667148059;0.010907633285194418;"0";"MONITOR"
"H";301.1;310.8;1792;25.8;121;"0";0.99058318245577;0.009416817544230452;"0";"MONITOR"
"M";301.2;311.0;1424;41.4;131;"0";0.9905261379914095;0.009473862008591113;"0";"MONITOR"
"L";301.2;310.9;1467;37.1;153;"0";0.9890923667148059;0.010907633285194418;"0";"MONITOR"
"L";301.2;310.8;1479;41.2;155;"0";0.9890923667148059;0.010907633285194418;"0";"MONITOR"
"L";300.9;310.4;1615;30.9;200;"0";0.9853011882077111;0.014698811792289419;"0";"MONITOR"
"L";301.0;310.5;1379;57.3;204;"1";0.8985469021177789;0.10145309788222122;"0";"SCHEDULE"
"L";300.8;310.4;1368;46.8;21;"0";0.9579043367436385;0.042095663256361354;"0";"SCHEDULE"
"M";301.1;310.6;1429;52.7;35;"0";0.9905261379914095;0.009473862008591113;"0";"MONITOR"
"M";301.2;310.7;1543;32.9;40;"0";0.9905261379914095;0.009473862008591113;"0";"MONITOR"
"L";301.2;310.8;1233;64.6;45;"0";0.6944536588702238;0.30554634112977647;"0";"STOP"
"L";301.2;310.8;1461;40.6;47;"0";0.9890923667148059;0.010907633285194418;"0";"MONITOR"
"L";301.3;310.8;1432;54.4;51;"0";0.9890923667148059;0.010907633285194418;"0";"MONITOR"
"L";301.3;310.8;1719;29.5;62;"0";0.9890210185146553;0.010978981485345067;"0";"MONITOR"
"H";301.0;310.4;1512;44.9;86;"0";0.9906545306559207;0.009345469344079801;"0";"MONITOR"
"M";301.1;310.5;1309;60.7;100;"0";0.9373518004530452;0.06264819954695466;"0";"SCHEDULE"
"L";301.2;310.7;1517;39.4;107;"0";0.9890923667148059;0.010907633285194418;"0";"MONITOR"
"M";301.2;310.6;1576;39.6;109;"0";0.9905261379914095;0.009473862008591113;"0";"MONITOR"
"H";301.2;310.6;1457;50.5;114;"0";0.9906545306559207;0.009345469344079801;"0";"MONITOR"
"M";301.1;310.5;1603;32.6;121;"0";0.9905261379914095;0.009473862008591113;"0";"MONITOR"
"M";300.7;310.1;1483;40.2;162;"0";0.9904775943020891;0.009522405697911502;"0";"MONITOR"
"M";300.5;310.0;1580;37.0;181;"0";0.9904775943020891;0.009522405697911502;"0";"MONITOR"
"H";300.5;310.0;1495;47.4;184;"0";0.9906059869666002;0.00939401303340019;"0";"MONITOR"
"M";300.4;309.9;1415;31.8;192;"0";0.9899724455775355;0.010027554422465145;"0";"MONITOR"
"M";300.4;309.8;1725;30.4;195;"0";0.989760841889063;0.010239158110937584;"0";"MONITOR"
"H";300.5;309.9;1397;45.9;210;"1";0.9650610639674697;0.034938936032530614;"0";"MONITOR"
"M";300.3;309.8;1444;42.0;3;"0";0.9903139204404928;0.00968607955950771;"0";"MONITOR"
"H";300.2;309.8;1374;47.7;8;"0";0.9633281094206428;0.03667189057935698;"0";"MONITOR"
"L";300.2;309.8;1650;29.6;13;"0";0.9888801491638892;0.011119850836111014;"0";"MONITOR"
"L";300.2;309.7;1421;44.6;17;"0";0.9893371315781551;0.010662868421845278;"0";"MONITOR"
"L";300.2;309.8;1557;33.8;19;"0";0.9888801491638892;0.011119850836111014;"0";"MONITOR"
"L";300.1;309.8;1506;35.2;21;"0";0.9888801491638892;0.011119850836111014;"0";"MONITOR"
"L";300.1;309.7;1362;49.1;23;"0";0.9629403887991365;0.03705961120086352;"0";"MONITOR"
"L";300.2;309.8;1398;54.8;39;"0";0.988707656110396;0.011292343889604201;"0";"MONITOR"
"L";300.1;309.8;1430;56.7;44;"0";0.9885744536190251;0.011425546380975189;"0";"MONITOR"
"M";299.9;309.6;1489;41.7;56;"0";0.9907709028547587;0.009229097145241975;"0";"MONITOR"
"M";299.9;309.5;2065;18.1;62;"0";0.9892811052939894;0.010718894706011147;"0";"MONITOR"
"L";300.0;309.6;1571;33.1;65;"0";0.9893371315781551;0.010662868421845278;"0";"MONITOR"
"L";300.1;309.6;1321;46.9;75;"0";0.9629403887991365;0.03705961120086352;"0";"MONITOR"
"L";300.1;309.6;1546;36.7;77;"0";0.9893371315781551;0.010662868421845278;"0";"MONITOR"
"H";300.0;309.5;1735;28.9;82;"0";0.9908878275586399;0.009112172441360354;"0";"MONITOR"
"L";300.2;309.8;1430;55.0;102;"0";0.9888801491638892;0.011119850836111014;"0";"MONITOR"
"L";300.2;309.8;1481;41.9;106;"0";0.9888801491638892;0.011119850836111014;"0";"MONITOR"
"L";300.1;309.7;1410;48.3;118;"0";0.9893371315781551;0.010662868421845278;"0";"MONITOR"
"L";300.3;309.8;1450;55.0;135;"0";0.9888801491638892;0.011119850836111014;"0";"MONITOR"
"M";300.2;309.7;1413;43.0;137;"0";0.9907709028547587;0.009229097145241975;"0";"MONITOR"
"L";300.1;309.7;1680;33.8;140;"0";0.9892657833780043;0.010734216621995927;"0";"MONITOR"
"M";300.0;309.6;1587;32.6;152;"0";0.9907709028547587;0.009229097145241975;"0";"MONITOR"
"L";300.1;309.7;1351;58.2;155;"0";0.9626346932542722;0.0373653067457277;"0";"MONITOR"
"M";300.2;309.7;1183;61.4;170;"0";0.8398863546449022;0.16011364535509773;"0";"STOP"
"L";300.1;309.7;2151;17.5;173;"0";0.9889372013338241;0.011062798666176162;"0";"MONITOR"
"M";300.4;310.1;1457;35.1;193;"0";0.9901442231668465;0.00985577683315419;"0";"MONITOR"
"L";300.4;310.1;1503;42.2;196;"0";0.9887104518902429;0.011289548109757495;"0";"MONITOR"
"M";300.3;310.0;1537;37.5;6;"0";0.9904856980298038;0.009514301970196754;"0";"MONITOR"
"L";300.3;309.9;1393;56.1;12;"0";0.9884019605655319;0.01159803943446838;"0";"MONITOR"
"L";300.2;309.7;1448;36.8;14;"0";0.9893371315781551;0.010662868421845278;"0";"MONITOR"
"M";300.2;309.8;1743;24.1;18;"0";0.9901023167520203;0.009897683247980144;"0";"MONITOR"
"M";300.3;309.9;1494;38.5;33;"0";0.9903139204404928;0.00968607955950771;"0";"MONITOR"
"L";300.4;310.0;1282;66.1;40;"0";0.43401866270643175;0.5659813372935684;"1";"STOP"
"L";300.8;310.3;1537;33.3;52;"0";0.9890438230254855;0.010956176974514804;"0";"MONITOR"
"L";300.6;310.2;1378;47.3;71;"0";0.9617189047955766;0.03828109520442346;"0";"MONITOR"
"L";300.7;310.0;1395;48.0;85;"0";0.9888713299719923;0.011128670028007992;"0";"MONITOR"
"M";300.6;310.0;1397;55.2;90;"0";0.9895145925665448;0.01048540743345574;"0";"MONITOR"
"L";300.6;310.0;1505;35.9;95;"0";0.9890438230254855;0.010956176974514804;"0";"MONITOR"
"M";300.5;309.8;1416;48.5;110;"0";0.9903058167127782;0.009694183287222458;"0";"MONITOR"
"L";300.4;309.7;1740;31.1;113;"0";0.9892657833780043;0.010734216621995927;"0";"MONITOR"
"L";300.5;309.8;1507;42.5;117;"0";0.9888720454361746;0.011127954563825765;"0";"MONITOR"
"L";300.4;309.6;1379;54.5;122;"0";0.9664413259759457;0.033558674024054276;"0";"MONITOR"
"L";300.4;309.6;1523;38.5;124;"0";0.9893371315781551;0.010662868421845278;"0";"MONITOR"
"H";300.4;309.6;1571;33.6;126;"0";0.9909591757587906;0.009040824241209704;"0";"MONITOR"
"L";300.5;309.7;1560;30.2;139;"0";0.9893290278504403;0.010670972149560027;"0";"MONITOR"
"L";300.5;309.7;1384;48.6;141;"0";0.9889273007084899;0.011072699291510606;"0";"MONITOR"
"L";300.6;309.9;1480;43.7;153;"0";0.9888720454361746;0.011127954563825765;"0";"MONITOR"
"L";300.6;309.8;1629;37.6;162;"0";0.9888720454361746;0.011127954563825765;"0";"MONITOR"
"M";300.7;309.8;1490;38.8;173;"0";0.9903058167127782;0.009694183287222458;"0";"MONITOR"
"L";300.7;309.8;1363;53.1;183;"0";0.9596929200313066;0.040307079968693316;"0";"SCHEDULE"
"L";300.9;310.0;1671;26.8;199;"0";0.9882791168431742;0.011720883156826303;"0";"MONITOR"
"M";300.9;310.0;1416;46.6;201;"0";0.9864897849945358;0.013510215005464924;"0";"MONITOR"
"M";300.9;310.0;1600;36.0;204;"0";0.9763542754053023;0.02364572459469855;"0";"MONITOR"
"M";300.9;309.9;1465;42.9;209;"0";0.9702519087950452;0.029748091204955474;"0";"MONITOR"
"L";301.0;309.9;1507;41.8;19;"0";0.988920589125495;0.011079410874505374;"0";"MONITOR"
"L";301.1;310.1;1540;36.6;28;"0";0.9890923667148059;0.010907633285194418;"0";"MONITOR"
"L";301.3;310.6;1481;40.9;57;"0";0.9890923667148059;0.010907633285194418;"0";"MONITOR"
"L";301.3;310.7;1504;47.2;74;"0";0.9890923667148059;0.010907633285194418;"0";"MONITOR"
"L";301.3;310.5;1406;47.1;83;"0";0.9890923667148059;0.010907633285194418;"0";"MONITOR"
"L";301.4;310.7;1509;38.3;95;"0";0.9890923667148059;0.010907633285194418;"0";"MONITOR"
"L";301.4;310.8;1698;29.6;99;"0";0.9890210185146553;0.010978981485345067;"0";"MONITOR"
"H";301.3;310.6;1527;44.0;114;"0";0.9906545306559207;0.009345469344079801;"0";"MONITOR"
"H";301.5;310.7;1394;46.7;130;"0";0.9804203092073657;0.019579690792634715;"0";"MONITOR"
"M";301.5;310.6;1447;41.9;140;"0";0.9905340306512359;0.009465969348764753;"0";"MONITOR"
"L";301.5;310.7;1942;20.5;155;"0";0.9890210185146553;0.010978981485345067;"0";"MONITOR"
"L";301.4;310.6;1550;36.8;159;"0";0.9890923667148059;0.010907633285194418;"0";"MONITOR"
"L";301.3;310.6;1521;36.3;166;"0";0.9890923667148059;0.010907633285194418;"0";"MONITOR"
"M";301.4;310.7;1375;42.0;168;"0";0.9634749805753073;0.036525019424693064;"0";"MONITOR"
"M";301.4;310.6;1855;25.3;178;"0";0.9904626824510853;0.009537317548915403;"0";"MONITOR"
"L";301.4;310.4;1388;45.3;188;"0";0.9889198736613127;0.011080126338687607;"0";"MONITOR"
"L";301.3;310.4;1507;39.1;194;"0";0.9887508918518486;0.011249108148151854;"0";"MONITOR"
"L";301.4;310.4;1559;36.0;196;"0";0.9887508918518486;0.011249108148151854;"0";"MONITOR"
"M";301.6;310.7;1813;24.6;210;"0";0.968434998827105;0.03156500117289575;"0";"MONITOR"
"L";301.6;310.7;1457;40.4;213;"0";0.9587191590697108;0.041280840930289525;"0";"SCHEDULE"
"L";301.6;310.7;1679;29.5;10;"0";0.9877908136978413;0.012209186302159432;"0";"MONITOR"
"M";301.5;310.7;1460;38.6;14;"0";0.990239913004177;0.009760086995823574;"0";"MONITOR"
"L";301.5;310.6;1481;46.8;20;"0";0.9890923667148059;0.010907633285194418;"0";"MONITOR"
"L";301.5;310.7;1424;51.1;22;"0";0.9890923667148059;0.010907633285194418;"0";"MONITOR"
"M";301.5;310.7;1347;47.9;29;"0";0.9596604125233692;0.04033958747663096;"0";"SCHEDULE"
"M";301.6;310.6;1691;30.1;40;"0";0.9891836127253839;0.010816387274617074;"0";"MONITOR"
"L";301.5;310.4;1543;34.0;55;"0";0.9890923667148059;0.010907633285194418;"0";"MONITOR"
"L";301.6;310.6;1222;70.0;62;"0";0.14868686868686867;0.8513131313131314;"1";"STOP"
"L";301.6;310.6;1613;42.5;97;"0";0.9878621618979919;0.012137838102008778;"0";"MONITOR"
"M";301.6;310.5;1414;49.3;106;"0";0.9892549609255346;0.010745039074466424;"0";"MONITOR"
"M";301.5;310.4;1378;55.3;109;"0";0.955714774923559;0.04428522507644108;"0";"SCHEDULE"
"L";301.4;310.4;1301;51.2;112;"0";0.9552780500353254;0.04472194996467439;"0";"SCHEDULE"
"L";301.5;310.5;1396;44.5;117;"0";0.9889198736613127;0.011080126338687607;"0";"MONITOR"
"L";301.5;310.5;1534;39.3;119;"0";0.9890923667148059;0.010907633285194418;"0";"MONITOR"
"L";301.5;310.5;1453;44.2;129;"0";0.9890923667148059;0.010907633285194418;"0";"MONITOR"
"L";301.5;310.6;1565;43.9;142;"0";0.9890923667148059;0.010907633285194418;"0";"MONITOR"
"M";301.5;310.4;1486;39.6;144;"0";0.9905340306512359;0.009465969348764753;"0";"MONITOR"
"L";301.5;310.5;1927;22.4;149;"0";0.9890210185146553;0.010978981485345067;"0";"MONITOR"
"L";301.6;310.4;1561;35.3;156;"0";0.9878621618979919;0.012137838102008778;"0";"MONITOR"
"M";301.4;310.3;1610;29.1;166;"0";0.9905340306512359;0.009465969348764753;"0";"MONITOR"
"M";301.3;310.4;1501;39.8;187;"0";0.9905261379914095;0.009473862008591113;"0";"MONITOR"
"L";301.3;310.4;1538;38.4;195;"0";0.9887508918518486;0.011249108148151854;"0";"MONITOR"
"L";301.3;310.4;1440;41.5;197;"0";0.9887508918518486;0.011249108148151854;"0";"MONITOR"
"L";301.3;310.4;1414;51.4;199;"0";0.9883504650433248;0.011649534956675653;"0";"MONITOR"
"H";301.4;310.5;1536;39.9;201;"0";0.9868633521488257;0.013136647851174806;"0";"MONITOR"
"L";301.6;310.7;1380;51.8;216;"1";0.8672837918944125;0.1327162081055876;"0";"SCHEDULE"
"L";301.5;310.7;1423;44.0;222;"0";0.93743202462759;0.06256797537241025;"0";"SCHEDULE"
"L";301.5;310.9;1318;50.6;11;"0";0.9579043367436385;0.042095663256361354;"0";"SCHEDULE"
"L";301.7;311.0;1700;28.7;19;"0";0.986864118018409;0.013135881981591678;"0";"MONITOR"
"L";301.6;310.9;1643;34.1;44;"0";0.9878621618979919;0.012137838102008778;"0";"MONITOR"
"L";301.6;310.8;1418;44.7;46;"0";0.9878621618979919;0.012137838102008778;"0";"MONITOR"
"M";301.5;310.7;1510;36.0;64;"0";0.9905340306512359;0.009465969348764753;"0";"MONITOR"
"L";301.3;310.6;1556;39.0;72;"0";0.9890923667148059;0.010907633285194418;"0";"MONITOR"
"L";301.3;310.6;1458;48.0;104;"0";0.9890923667148059;0.010907633285194418;"0";"MONITOR"
"L";301.4;310.7;1657;28.7;108;"0";0.9890923667148059;0.010907633285194418;"0";"MONITOR"
"L";301.3;310.6;1560;36.8;113;"0";0.9890923667148059;0.010907633285194418;"0";"MONITOR"
"L";301.5;310.8;1785;25.5;120;"0";0.9890210185146553;0.010978981485345067;"0";"MONITOR"
"L";301.5;310.9;1891;23.2;122;"0";0.9890210185146553;0.010978981485345067;"0";"MONITOR"
"L";301.6;310.9;1385;51.2;132;"0";0.985482380543102;0.014517619456898632;"0";"MONITOR"
"M";301.6;310.9;1575;40.1;139;"0";0.9892549609255346;0.010745039074466424;"0";"MONITOR"
"L";301.6;311.0;1485;40.1;142;"0";0.9878621618979919;0.012137838102008778;"0";"MONITOR"
"L";301.7;311.0;1527;42.2;144;"0";0.9869354662185598;0.013064533781441028;"0";"MONITOR"
"L";301.7;311.2;1482;43.6;154;"0";0.9869354662185598;0.013064533781441028;"0";"MONITOR"
"H";301.7;311.0;2016;19.3;180;"0";0.9883384433578789;0.01166155664212176;"0";"MONITOR"
"L";301.8;311.2;1822;26.2;204;"0";0.9764910713375451;0.023508928662455526;"0";"MONITOR"
"L";301.7;311.1;1644;32.8;206;"0";0.9725629968318978;0.02743700316810274;"0";"MONITOR"
"L";301.7;311.0;1441;44.3;208;"1";0.9589084501882782;0.04109154981172224;"0";"SCHEDULE"
"L";301.5;310.9;1451;40.6;0;"0";0.9890923667148059;0.010907633285194418;"0";"MONITOR"
"M";301.4;310.8;1782;26.5;6;"0";0.9901685648040264;0.009831435195974226;"0";"MONITOR"
"L";301.5;310.9;1580;32.3;11;"0";0.9890923667148059;0.010907633285194418;"0";"MONITOR"
"L";301.2;310.8;1392;52.6;23;"0";0.9889198736613127;0.011080126338687607;"0";"MONITOR"
"L";301.3;310.6;1451;47.5;42;"0";0.9890923667148059;0.010907633285194418;"0";"MONITOR"
"L";301.3;310.8;1560;38.5;52;"0";0.9890923667148059;0.010907633285194418;"0";"MONITOR"
"M";301.3;310.8;1494;35.3;54;"0";0.9905261379914095;0.009473862008591113;"0";"MONITOR"
"L";301.3;310.8;1450;46.9;59;"0";0.9890923667148059;0.010907633285194418;"0";"MONITOR"
"L";301.2;310.6;1409;50.9;66;"0";0.9890923667148059;0.010907633285194418;"0";"MONITOR"
"H";301.1;310.6;1388;58.5;68;"0";0.9871538814652386;0.01284611853476176;"0";"MONITOR"
"M";301.1;310.5;1646;30.7;76;"0";0.9905261379914095;0.009473862008591113;"0";"MONITOR"
"M";301.1;310.7;1621;31.0;108;"0";0.9905261379914095;0.009473862008591113;"0";"MONITOR"
"M";301.0;310.7;1497;37.6;116;"0";0.9905261379914095;0.009473862008591113;"0";"MONITOR"
"L";301.1;310.8;1608;32.9;119;"0";0.9890923667148059;0.010907633285194418;"0";"MONITOR"
"L";300.9;310.6;1350;53.8;131;"0";0.9579043367436385;0.042095663256361354;"0";"SCHEDULE"
"M";300.9;310.7;1420;43.0;133;"0";0.9905261379914095;0.009473862008591113;"0";"MONITOR"
"H";300.8;310.6;1465;44.1;136;"0";0.9906059869666002;0.00939401303340019;"0";"MONITOR"
"M";301.0;310.7;1493;48.1;145;"0";0.9905261379914095;0.009473862008591113;"0";"MONITOR"
"M";301.0;310.7;1657;29.9;148;"0";0.9905261379914095;0.009473862008591113;"0";"MONITOR"
"M";300.9;310.6;1709;29.2;158;"0";0.9903145343029371;0.00968546569706355;"0";"MONITOR"
"M";300.9;310.7;1268;56.3;161;"0";0.9576721698253532;0.042327830174646974;"0";"SCHEDULE"
"L";301.0;310.9;1828;25.1;166;"0";0.9890210185146553;0.010978981485345067;"0";"MONITOR"
"L";301.0;310.9;1392;52.9;173;"0";0.9889198736613127;0.011080126338687607;"0";"MONITOR"
"H";300.9;310.9;1474;35.7;175;"0";0.9906545306559207;0.009345469344079801;"0";"MONITOR"
"L";301.1;311.1;1387;53.1;188;"0";0.9889198736613127;0.011080126338687607;"0";"MONITOR"
"M";301.0;311.0;1423;38.6;199;"0";0.9897842363199284;0.010215763680072352;"0";"MONITOR"
"L";301.2;311.2;1558;34.1;204;"0";0.9756663103790864;0.024333689620914093;"0";"MONITOR"
"M";301.1;311.2;1591;35.0;208;"0";0.9704236863843562;0.02957631361564452;"0";"MONITOR"
"M";301.1;311.3;1389;53.3;8;"0";0.9903536449379163;0.009646355062084302;"0";"MONITOR"
"M";301.1;311.3;1654;30.7;28;"0";0.9905261379914095;0.009473862008591113;"0";"MONITOR"
"M";301.1;311.2;1384;49.4;48;"0";0.9903536449379163;0.009646355062084302;"0";"MONITOR"
"L";301.1;311.3;1630;29.5;51;"0";0.9890923667148059;0.010907633285194418;"0";"MONITOR"
"M";301.0;311.3;1454;41.5;57;"0";0.9905261379914095;0.009473862008591113;"0";"MONITOR"
"L";301.0;311.2;1412;42.1;64;"0";0.9890923667148059;0.010907633285194418;"0";"MONITOR"
"L";301.0;311.3;1349;47.0;71;"0";0.9579043367436385;0.042095663256361354;"0";"SCHEDULE"
"H";300.8;311.2;2237;17.0;95;"0";0.9905346387664495;0.00946536123355084;"0";"MONITOR"
"L";301.0;311.4;1573;37.6;103;"0";0.9890923667148059;0.010907633285194418;"0";"MONITOR"
"L";300.9;311.4;2073;21.4;105;"0";0.9890210185146553;0.010978981485345067;"0";"MONITOR"
"L";300.8;311.2;1397;48.7;111;"0";0.9888713299719923;0.011128670028007992;"0";"MONITOR"
"M";300.8;311.3;1465;43.2;113;"0";0.9904775943020891;0.009522405697911502;"0";"MONITOR"
"L";300.8;311.3;1782;26.9;116;"0";0.9889724748253349;0.011027525174665454;"0";"MONITOR"
"M";300.9;311.4;1434;45.4;118;"0";0.9905261379914095;0.009473862008591113;"0";"MONITOR"
"M";300.9;311.4;1532;41.5;126;"0";0.9905261379914095;0.009473862008591113;"0";"MONITOR"
"L";300.9;311.5;1505;41.1;129;"0";0.9890923667148059;0.010907633285194418;"0";"MONITOR"
"L";301.1;311.7;1408;46.3;135;"0";0.9890923667148059;0.010907633285194418;"0";"MONITOR"
"M";301.0;311.6;1454;40.0;140;"0";0.9905261379914095;0.009473862008591113;"0";"MONITOR"
"L";300.9;311.6;1671;33.5;148;"0";0.9890210185146553;0.010978981485345067;"0";"MONITOR"
"L";301.0;311.7;1670;31.3;150;"0";0.9890210185146553;0.010978981485345067;"0";"MONITOR"
"M";300.9;311.5;1704;31.3;159;"0";0.9903145343029371;0.00968546569706355;"0";"MONITOR"
"L";300.9;311.3;1449;40.2;168;"0";0.9890923667148059;0.010907633285194418;"0";"MONITOR"
"L";300.8;311.2;1376;48.1;172;"0";0.9617189047955766;0.03828109520442346;"0";"MONITOR"
"L";300.8;311.1;1480;41.1;176;"0";0.9890438230254855;0.010956176974514804;"0";"MONITOR"
"L";300.8;311.2;1481;38.5;181;"0";0.9890438230254855;0.010956176974514804;"0";"MONITOR"
"M";300.9;311.3;1603;31.8;190;"0";0.9901846631284522;0.009815336871548551;"0";"MONITOR"
"L";301.0;311.4;1481;37.5;193;"0";0.9887508918518486;0.011249108148151854;"0";"MONITOR"
"L";301.0;311.5;1444;39.8;197;"0";0.9887508918518486;0.011249108148151854;"0";"MONITOR"
"L";301.2;311.7;1433;49.3;206;"0";0.9718796856405014;0.028120314359498938;"0";"MONITOR"
"L";301.2;311.6;1461;52.9;208;"1";0.890060891276557;0.109939108723443;"0";"SCHEDULE"
"L";301.1;311.7;1816;24.5;7;"0";0.9890210185146553;0.010978981485345067;"0";"MONITOR"
"M";300.9;311.5;1836;21.8;12;"0";0.9903145343029371;0.00968546569706355;"0";"MONITOR"
"M";300.8;311.4;1521;39.9;15;"0";0.9904775943020891;0.009522405697911502;"0";"MONITOR"
"L";300.6;311.1;1471;40.7;26;"0";0.9890438230254855;0.010956176974514804;"0";"MONITOR"
"H";300.6;311.1;1452;40.2;28;"0";0.9906059869666002;0.00939401303340019;"0";"MONITOR"
"M";300.7;311.3;1348;53.0;35;"0";0.9626828228938459;0.03731717710615429;"0";"MONITOR"
"L";300.7;311.2;1486;46.8;56;"0";0.9890438230254855;0.010956176974514804;"0";"MONITOR"
"M";300.7;311.3;1562;37.1;58;"0";0.9904775943020891;0.009522405697911502;"0";"MONITOR"
"L";300.7;311.2;1457;51.4;61;"0";0.9890438230254855;0.010956176974514804;"0";"MONITOR"
"M";300.7;311.2;1769;26.5;63;"0";0.9902659906136166;0.009734009386383939;"0";"MONITOR"
"L";300.8;311.3;1462;41.4;75;"0";0.9890438230254855;0.010956176974514804;"0";"MONITOR"
"L";300.7;311.2;1399;47.9;80;"0";0.9888713299719923;0.011128670028007992;"0";"MONITOR"
"L";300.6;311.0;1563;40.7;87;"0";0.9890438230254855;0.010956176974514804;"0";"MONITOR"
"M";300.8;311.2;1365;51.7;111;"0";0.9626828228938459;0.03731717710615429;"0";"MONITOR"
"M";300.8;311.1;1583;32.1;116;"0";0.9904775943020891;0.009522405697911502;"0";"MONITOR"
"L";300.7;311.0;1377;49.9;124;"0";0.9617189047955766;0.03828109520442346;"0";"MONITOR"
"L";300.7;311.0;1462;41.9;126;"0";0.9890438230254855;0.010956176974514804;"0";"MONITOR"
"L";300.7;311.1;2377;14.3;135;"0";0.9882097671973363;0.011790232802664002;"0";"MONITOR"
"L";300.9;311.2;1353;60.4;139;"0";0.9521276685506261;0.047872331449373855;"0";"SCHEDULE"
"M";300.7;311.0;1706;25.0;153;"0";0.9902659906136166;0.009734009386383939;"0";"MONITOR"
"H";300.8;311.1;1698;24.8;156;"0";0.9905346387664495;0.00946536123355084;"0";"MONITOR"
"L";300.7;311.1;1688;30.7;161;"0";0.9889724748253349;0.011027525174665454;"0";"MONITOR"
"M";300.7;311.0;1740;25.6;176;"0";0.9902659906136166;0.009734009386383939;"0";"MONITOR"
"M";300.6;310.6;1463;45.5;196;"0";0.9901361194391317;0.00986388056086894;"0";"MONITOR"
"L";300.5;310.6;1950;20.3;208;"0";0.9638048032912029;0.03619519670879759;"0";"MONITOR"
"M";300.4;310.4;1544;36.3;21;"0";0.9904856980298038;0.009514301970196754;"0";"MONITOR"
"M";300.7;310.7;1377;46.7;36;"0";0.9664973909457839;0.03350260905421639;"0";"MONITOR"
"L";300.8;310.8;1460;53.8;41;"0";0.9890438230254855;0.010956176974514804;"0";"MONITOR"
"H";300.7;310.6;1631;32.6;43;"0";0.9906059869666002;0.00939401303340019;"0";"MONITOR"
"L";300.7;310.5;1561;33.2;48;"0";0.9890438230254855;0.010956176974514804;"0";"MONITOR"
"L";300.6;310.6;2127;18.7;53;"0";0.9889724748253349;0.011027525174665454;"0";"MONITOR"
"M";300.7;310.8;1469;46.4;75;"0";0.9904775943020891;0.009522405697911502;"0";"MONITOR"
"H";300.6;310.6;1830;26.2;78;"0";0.9905346387664495;0.00946536123355084;"0";"MONITOR"
"L";300.6;310.6;1514;39.5;87;"0";0.9890438230254855;0.010956176974514804;"0";"MONITOR"
"L";300.7;310.6;1654;34.2;89;"0";0.9890438230254855;0.010956176974514804;"0";"MONITOR"
"H";300.6;310.5;1519;37.0;91;"0";0.9906059869666002;0.00939401303340019;"0";"MONITOR"
"L";300.6;310.5;1642;29.9;100;"0";0.9890438230254855;0.010956176974514804;"0";"MONITOR"
"M";300.7;310.6;2006;19.1;102;"0";0.9893163787855002;0.010683621214500439;"0";"MONITOR"
"H";300.6;310.4;1510;42.8;124;"0";0.9906059869666002;0.00939401303340019;"0";"MONITOR"
"H";300.7;310.5;1476;43.1;134;"0";0.9906059869666002;0.00939401303340019;"0";"MONITOR"
"M";300.8;310.5;1409;50.6;141;"0";0.9904775943020891;0.009522405697911502;"0";"MONITOR"
"M";300.8;310.7;1386;42.1;170;"0";0.9903051012485959;0.00969489875140469;"0";"MONITOR"
"H";300.7;310.6;1505;40.6;179;"0";0.9906059869666002;0.00939401303340019;"0";"MONITOR"
"L";300.7;310.6;1491;43.2;187;"0";0.9890438230254855;0.010956176974514804;"0";"MONITOR"
"M";300.7;310.5;1594;31.0;196;"0";0.9901361194391317;0.00986388056086894;"0";"MONITOR"
"L";300.7;310.3;1458;40.0;207;"0";0.9699435879252302;0.0300564120747702;"0";"MONITOR"
"L";300.7;310.4;1416;61.8;209;"1";0.5446289078887538;0.4553710921112461;"0";"STOP"
"L";300.6;310.2;1622;34.1;3;"0";0.9890438230254855;0.010956176974514804;"0";"MONITOR"
"L";300.6;310.2;1318;51.0;8;"0";0.9579043367436385;0.042095663256361354;"0";"SCHEDULE"
"L";300.6;310.1;1485;49.9;19;"0";0.9890438230254855;0.010956176974514804;"0";"MONITOR"
"L";300.6;310.2;1489;47.8;21;"0";0.9890438230254855;0.010956176974514804;"0";"MONITOR"
"M";300.6;310.2;1233;52.3;23;"0";0.926082168133479;0.07391783186652111;"0";"SCHEDULE"
"L";300.9;310.4;1536;34.2;45;"0";0.9890923667148059;0.010907633285194418;"0";"MONITOR"
"L";300.9;310.5;1599;40.5;57;"0";0.9890923667148059;0.010907633285194418;"0";"MONITOR"
"L";300.9;310.5;2288;16.1;85;"0";0.988197530336433;0.01180246966356754;"0";"MONITOR"
"M";300.8;310.3;1868;24.5;95;"0";0.9804141387617648;0.019585861238235792;"0";"MONITOR"
"M";300.6;310.0;1542;33.9;100;"0";0.9904775943020891;0.009522405697911502;"0";"MONITOR"
"M";300.5;309.8;1410;44.4;111;"0";0.9903058167127782;0.009694183287222458;"0";"MONITOR"
"L";300.5;309.9;1443;48.3;122;"0";0.9888720454361746;0.011127954563825765;"0";"MONITOR"
"L";300.6;310.1;1495;42.3;132;"0";0.9890438230254855;0.010956176974514804;"0";"MONITOR"
"M";300.4;309.8;1517;40.3;149;"0";0.9903139204404928;0.00968607955950771;"0";"MONITOR"
"L";300.3;310.1;1483;39.9;174;"0";0.9890519267532002;0.010948073246800053;"0";"MONITOR"
"M";300.2;310.0;1664;30.7;179;"0";0.9904143498296532;0.009585650170347404;"0";"MONITOR"
"L";300.2;310.0;1486;40.1;182;"0";0.9890519267532002;0.010948073246800053;"0";"MONITOR"
"M";300.1;310.1;1501;39.3;195;"0";0.9901442231668465;0.00985577683315419;"0";"MONITOR"
"L";300.2;310.1;1392;47.9;201;"0";0.9850882551926121;0.01491174480738825;"0";"MONITOR"
"M";300.3;310.2;1429;44.7;203;"0";0.9763057317159819;0.02369426828401894;"0";"MONITOR"
"L";300.3;310.2;1492;52.3;2;"0";0.9890519267532002;0.010948073246800053;"0";"MONITOR"
"M";300.3;310.2;1442;39.5;4;"0";0.9904856980298038;0.009514301970196754;"0";"MONITOR"
"M";300.1;310.1;1402;46.6;10;"0";0.9903132049763106;0.009686795023689942;"0";"MONITOR"
"L";300.1;310.1;1569;43.5;17;"0";0.9890519267532002;0.010948073246800053;"0";"MONITOR"
"L";300.2;310.2;1415;49.6;21;"0";0.9890519267532002;0.010948073246800053;"0";"MONITOR"
"L";300.2;310.2;1600;31.5;23;"0";0.9890519267532002;0.010948073246800053;"0";"MONITOR"
"L";300.3;310.4;1672;29.2;39;"0";0.9889805785530495;0.011019421446950704;"0";"MONITOR"
"M";300.2;310.2;1429;43.8;54;"0";0.9904856980298038;0.009514301970196754;"0";"MONITOR"
"L";300.0;310.0;1486;41.8;69;"0";0.9890519267532002;0.010948073246800053;"0";"MONITOR"
"M";299.8;309.6;1434;48.0;82;"0";0.9907709028547587;0.009229097145241975;"0";"MONITOR"
"L";299.8;309.7;1483;39.6;87;"0";0.9893371315781551;0.010662868421845278;"0";"MONITOR"
"M";299.7;309.6;1540;34.4;91;"0";0.9907709028547587;0.009229097145241975;"0";"MONITOR"
"L";299.8;309.7;1707;29.1;94;"0";0.9892657833780043;0.010734216621995927;"0";"MONITOR"
"M";299.8;309.7;1705;28.5;103;"0";0.9905592991662862;0.009440700833714412;"0";"MONITOR"
"M";299.8;309.8;1427;45.2;106;"0";0.9903139204404928;0.00968607955950771;"0";"MONITOR"
"M";299.9;309.8;1625;41.2;109;"0";0.9903139204404928;0.00968607955950771;"0";"MONITOR"
"H";299.7;309.6;1433;49.6;129;"0";0.990897447363729;0.009102552636271433;"0";"MONITOR"
"M";299.8;309.7;1320;61.7;134;"0";0.9294230062946707;0.07057699370532955;"0";"SCHEDULE"
"L";299.8;309.6;1598;31.0;139;"0";0.9893371315781551;0.010662868421845278;"0";"MONITOR"
"M";299.8;309.7;1910;21.8;141;"0";0.9903788652702541;0.009621134729746496;"0";"MONITOR"
"L";299.7;309.6;1399;51.3;144;"0";0.9891646385246617;0.010835361475338465;"0";"MONITOR"
"L";299.7;309.6;1720;27.1;146;"0";0.9892657833780043;0.010734216621995927;"0";"MONITOR"
"L";299.8;309.8;1749;33.4;153;"0";0.9888088009637386;0.011191199036261663;"0";"MONITOR"
"L";299.8;310.1;1553;42.0;177;"0";0.9890519267532002;0.010948073246800053;"0";"MONITOR"
"H";299.9;310.1;1447;51.4;185;"0";0.9906140906943149;0.009385909305685442;"0";"MONITOR"
"L";300.0;310.2;1760;26.9;193;"0";0.9886391036900922;0.01136089630990814;"0";"MONITOR"
"L";299.9;310.1;1681;29.1;197;"0";0.9886391036900922;0.01136089630990814;"0";"MONITOR"
"M";300.1;310.2;1429;42.0;206;"0";0.9721532533188604;0.027846746681140365;"0";"MONITOR"
"M";300.2;310.3;1448;40.1;209;"0";0.9706315529514461;0.029368447048554652;"0";"MONITOR"
"L";300.3;310.4;1493;37.5;219;"0";0.9351398911946799;0.06486010880532038;"0";"SCHEDULE"
"M";300.2;310.3;1704;29.4;221;"0";0.9484121628153175;0.05158783718468305;"0";"SCHEDULE"
"M";300.4;310.5;1500;43.0;9;"0";0.9904856980298038;0.009514301970196754;"0";"MONITOR"
"L";300.4;310.5;2424;14.5;12;"0";0.9882178709250511;0.011782129074949252;"0";"MONITOR"
"M";300.4;310.5;1540;33.4;32;"0";0.9904856980298038;0.009514301970196754;"0";"MONITOR"
"L";300.2;310.4;1808;25.8;35;"0";0.9889805785530495;0.011019421446950704;"0";"MONITOR"
"L";300.2;310.3;1202;59.5;40;"0";0.8263870434390751;0.17361295656092485;"0";"STOP"
"H";300.0;310.1;1714;28.7;55;"0";0.9905427424941642;0.00945725750583609;"0";"MONITOR"
"L";300.0;310.2;1675;29.7;64;"0";0.9889805785530495;0.011019421446950704;"0";"MONITOR"
"L";300.0;310.2;1486;36.4;66;"0";0.9890519267532002;0.010948073246800053;"0";"MONITOR"
"M";300.1;310.4;1480;37.1;77;"0";0.9904856980298038;0.009514301970196754;"0";"MONITOR"
"M";300.1;310.4;1556;38.1;92;"0";0.9904856980298038;0.009514301970196754;"0";"MONITOR"
"L";300.1;310.5;1532;36.0;109;"0";0.9890519267532002;0.010948073246800053;"0";"MONITOR"
"L";300.1;310.5;1494;44.2;117;"0";0.9890519267532002;0.010948073246800053;"0";"MONITOR"
"L";300.1;310.6;1374;45.4;119;"0";0.9579043367436385;0.042095663256361354;"0";"SCHEDULE"
"M";300.0;310.4;1385;52.1;128;"0";0.9900839708878533;0.009916029112147331;"0";"MONITOR"
"L";300.0;310.4;1505;44.9;133;"0";0.9890519267532002;0.010948073246800053;"0";"MONITOR"
"H";300.0;310.5;1558;36.7;137;"0";0.9906140906943149;0.009385909305685442;"0";"MONITOR"
"L";299.9;310.3;1638;29.1;152;"0";0.9890519267532002;0.010948073246800053;"0";"MONITOR"
"H";299.9;310.3;1535;43.9;154;"0";0.9906140906943149;0.009385909305685442;"0";"MONITOR"
"L";299.8;310.2;1911;23.5;166;"0";0.9889805785530495;0.011019421446950704;"0";"MONITOR"
"H";299.8;310.2;1573;33.3;168;"0";0.9906140906943149;0.009385909305685442;"0";"MONITOR"
"L";299.9;310.4;1419;45.7;178;"0";0.9890519267532002;0.010948073246800053;"0";"MONITOR"
"M";299.8;310.3;1805;23.7;198;"0";0.989932619478374;0.010067380521626628;"0";"MONITOR"
"L";299.8;310.5;1496;38.8;215;"0";0.9529502088121369;0.047049791187863475;"0";"SCHEDULE"
"L";299.7;310.3;1386;46.6;2;"0";0.988879433699707;0.011120566300293247;"0";"MONITOR"
"M";299.7;310.3;1661;34.5;6;"0";0.9904856980298038;0.009514301970196754;"0";"MONITOR"
"L";299.6;310.2;1468;48.0;9;"0";0.9890519267532002;0.010948073246800053;"0";"MONITOR"
"L";299.7;310.2;1469;39.5;26;"0";0.9890519267532002;0.010948073246800053;"0";"MONITOR"
"M";299.7;310.2;1440;42.8;30;"0";0.9904856980298038;0.009514301970196754;"0";"MONITOR"
"L";299.6;310.2;1588;34.1;38;"0";0.9890519267532002;0.010948073246800053;"0";"MONITOR"
"L";299.6;310.2;1333;51.2;40;"0";0.9579043367436385;0.042095663256361354;"0";"SCHEDULE"
"L";299.5;310.1;1585;35.2;50;"0";0.9890519267532002;0.010948073246800053;"0";"MONITOR"
"L";299.5;310.0;1502;38.5;52;"0";0.9890519267532002;0.010948073246800053;"0";"MONITOR"
"L";299.5;310.0;1594;35.1;54;"0";0.9890519267532002;0.010948073246800053;"0";"MONITOR"
"L";299.5;309.9;1402;51.7;58;"0";0.988707656110396;0.011292343889604201;"0";"MONITOR"
"H";299.6;310.1;1531;36.8;62;"0";0.9906140906943149;0.009385909305685442;"0";"MONITOR"
"M";299.6;310.2;1620;30.0;70;"0";0.9904856980298038;0.009514301970196754;"0";"MONITOR"
"L";299.6;310.2;1512;44.0;79;"0";0.9890519267532002;0.010948073246800053;"0";"MONITOR"
"L";299.6;310.2;1473;42.7;81;"0";0.9890519267532002;0.010948073246800053;"0";"MONITOR"
"L";299.5;310.0;1379;50.4;85;"0";0.963193857208116;0.03680614279188407;"0";"MONITOR"
"M";299.4;309.9;1567;40.6;87;"0";0.9903139204404928;0.00968607955950771;"0";"MONITOR"
"L";299.5;310.0;1481;43.1;90;"0";0.9890519267532002;0.010948073246800053;"0";"MONITOR"
"L";299.5;310.0;1388;52.4;94;"0";0.988879433699707;0.011120566300293247;"0";"MONITOR"
"L";299.8;310.4;1698;28.3;103;"0";0.9889805785530495;0.011019421446950704;"0";"MONITOR"
"M";299.7;310.5;1490;41.2;126;"0";0.9904856980298038;0.009514301970196754;"0";"MONITOR"
"L";299.7;310.6;1675;31.3;129;"0";0.9889805785530495;0.011019421446950704;"0";"MONITOR"
"L";299.7;310.6;1616;35.1;142;"0";0.9890519267532002;0.010948073246800053;"0";"MONITOR"
"L";299.8;310.8;1409;51.9;154;"0";0.9890519267532002;0.010948073246800053;"0";"MONITOR"
"L";299.9;311.0;1747;27.6;177;"0";0.9889805785530495;0.011019421446950704;"0";"MONITOR"
"L";300.0;311.0;1637;33.6;181;"0";0.9890519267532002;0.010948073246800053;"0";"MONITOR"
"L";300.1;311.1;1619;33.4;186;"0";0.9890519267532002;0.010948073246800053;"0";"MONITOR"
"M";300.1;311.3;1495;41.0;193;"0";0.9901442231668465;0.00985577683315419;"0";"MONITOR"
"L";300.1;311.4;1572;36.2;199;"0";0.9883100250817191;0.011689974918281294;"0";"MONITOR"
"L";300.0;311.2;1351;44.1;206;"0";0.9276317534180499;0.07236824658195022;"0";"SCHEDULE"
"M";300.0;311.4;1791;24.1;213;"0";0.9641262210004017;0.035873778999598926;"0";"MONITOR"
"L";300.0;311.4;1634;31.9;0;"0";0.9890519267532002;0.010948073246800053;"0";"MONITOR"
"L";300.0;311.4;1590;33.6;5;"0";0.9890519267532002;0.010948073246800053;"0";"MONITOR"
"M";300.0;311.4;1384;46.1;7;"0";0.9900839708878533;0.009916029112147331;"0";"MONITOR"
"M";300.1;311.4;1913;21.9;15;"0";0.9904222424894794;0.009577757510521041;"0";"MONITOR"
"M";300.3;311.9;1677;30.8;48;"0";0.990510503675807;0.009489496324193557;"0";"MONITOR"
"L";300.3;311.8;1451;41.0;55;"0";0.9890519267532002;0.010948073246800053;"0";"MONITOR"
"H";300.3;311.7;1432;47.7;61;"0";0.9905523622992531;0.009447637700747169;"0";"MONITOR"
"L";300.2;311.6;1446;47.3;66;"0";0.9890519267532002;0.010948073246800053;"0";"MONITOR"
"L";300.1;311.6;1530;36.6;74;"0";0.9890519267532002;0.010948073246800053;"0";"MONITOR"
"M";300.1;311.6;1433;51.4;76;"0";0.9904856980298038;0.009514301970196754;"0";"MONITOR"
"L";300.0;311.3;1703;30.4;85;"0";0.9889805785530495;0.011019421446950704;"0";"MONITOR"
"L";300.1;311.3;1535;42.3;92;"0";0.9890519267532002;0.010948073246800053;"0";"MONITOR"
"M";300.1;311.4;1390;52.1;94;"0";0.9903132049763106;0.009686795023689942;"0";"MONITOR"
"H";300.3;311.6;1801;23.6;97;"0";0.9905427424941642;0.00945725750583609;"0";"MONITOR"
"L";300.4;311.6;1332;54.6;111;"0";0.9579043367436385;0.042095663256361354;"0";"SCHEDULE"
"L";300.3;311.7;1365;53.3;113;"0";0.9579043367436385;0.042095663256361354;"0";"SCHEDULE"
"M";300.1;311.3;1518;40.2;130;"0";0.9904856980298038;0.009514301970196754;"0";"MONITOR"
"M";300.1;311.3;1523;34.1;135;"0";0.9904856980298038;0.009514301970196754;"0";"MONITOR"
"H";300.2;311.4;1506;36.1;141;"0";0.9906140906943149;0.009385909305685442;"0";"MONITOR"
"L";300.3;311.7;1635;31.8;156;"0";0.9890519267532002;0.010948073246800053;"0";"MONITOR"
"L";300.3;311.7;1707;33.6;158;"0";0.9889805785530495;0.011019421446950704;"0";"MONITOR"
"H";300.3;311.7;1655;29.9;193;"0";0.9902726158313575;0.009727384168642878;"0";"MONITOR"
"L";300.5;311.9;1511;41.8;205;"0";0.9750989331435926;0.024901066856407823;"0";"MONITOR"
"M";300.4;311.9;1335;58.3;9;"0";0.9613977103530224;0.03860228964697783;"0";"MONITOR"
"L";300.3;311.7;1445;47.3;15;"0";0.9890519267532002;0.010948073246800053;"0";"MONITOR"
"L";300.2;311.6;1999;21.0;19;"0";0.9889805785530495;0.011019421446950704;"0";"MONITOR"
"L";300.2;311.6;1529;35.5;21;"0";0.9890519267532002;0.010948073246800053;"0";"MONITOR"
"M";300.1;311.5;1343;46.2;28;"0";0.9626828228938459;0.03731717710615429;"0";"MONITOR"
"L";300.1;311.3;1470;45.2;40;"0";0.9890519267532002;0.010948073246800053;"0";"MONITOR"
"L";300.0;311.2;1418;47.3;60;"0";0.9890519267532002;0.010948073246800053;"0";"MONITOR"
"M";300.3;311.5;1528;40.9;76;"0";0.9904856980298038;0.009514301970196754;"0";"MONITOR"
"L";300.2;311.4;1891;22.6;86;"0";0.9889805785530495;0.011019421446950704;"0";"MONITOR"
"L";300.2;311.4;1495;43.6;95;"0";0.9890519267532002;0.010948073246800053;"0";"MONITOR"
"M";300.2;311.3;1491;37.3;102;"0";0.9904856980298038;0.009514301970196754;"0";"MONITOR"
"L";300.3;311.3;1332;60.5;112;"0";0.9521276685506261;0.047872331449373855;"0";"SCHEDULE"
"L";300.3;311.1;1388;49.4;128;"0";0.988879433699707;0.011120566300293247;"0";"MONITOR"
"M";300.3;311.1;1350;58.7;130;"0";0.9615866186669306;0.03841338133306951;"0";"MONITOR"
"M";300.4;311.2;1831;23.4;133;"0";0.9902740943413313;0.009725905658669189;"0";"MONITOR"
"L";300.2;311.0;1627;33.7;147;"0";0.9890519267532002;0.010948073246800053;"0";"MONITOR"
"L";300.2;311.0;1255;71.8;149;"1";0.01;0.99;"1";"STOP"
"H";300.2;311.0;1777;27.5;151;"0";0.9905427424941642;0.00945725750583609;"0";"MONITOR"
"L";300.4;311.1;1487;37.4;162;"0";0.9890519267532002;0.010948073246800053;"0";"MONITOR"
"M";300.3;311.1;1477;44.2;166;"0";0.9904856980298038;0.009514301970196754;"0";"MONITOR"
"L";300.4;311.2;1436;56.8;173;"0";0.988746231208336;0.011253768791664238;"0";"MONITOR"
"L";300.3;311.1;1480;46.6;185;"0";0.9890519267532002;0.010948073246800053;"0";"MONITOR"
"L";300.4;311.1;1397;50.8;189;"0";0.9885379588367497;0.011462041163250678;"0";"MONITOR"
"L";300.4;311.1;1405;54.1;193;"0";0.9887104518902429;0.011289548109757495;"0";"MONITOR"
"L";300.4;311.1;2013;20.1;195;"0";0.9886391036900922;0.01136089630990814;"0";"MONITOR"
"L";300.4;311.3;1639;34.6;24;"0";0.9890519267532002;0.010948073246800053;"0";"MONITOR"
"M";300.4;311.3;1350;56.5;31;"0";0.9615866186669306;0.03841338133306951;"0";"MONITOR"
"L";300.5;311.4;1642;27.1;37;"0";0.9890438230254855;0.010956176974514804;"0";"MONITOR"
"L";300.5;311.3;1490;41.8;39;"0";0.9890438230254855;0.010956176974514804;"0";"MONITOR"
"L";300.5;311.3;1475;46.3;49;"0";0.9890438230254855;0.010956176974514804;"0";"MONITOR"
"L";300.5;311.4;1442;47.0;53;"0";0.9890438230254855;0.010956176974514804;"0";"MONITOR"
"L";300.5;311.4;1556;45.3;58;"0";0.9890438230254855;0.010956176974514804;"0";"MONITOR"
"M";300.5;311.4;1312;51.4;60;"0";0.9612656057143508;0.03873439428564943;"0";"MONITOR"
"M";300.6;311.6;1473;31.5;69;"0";0.9904775943020891;0.009522405697911502;"0";"MONITOR"
"L";300.6;311.7;1507;45.5;74;"0";0.9890438230254855;0.010956176974514804;"0";"MONITOR"
"H";300.5;311.6;1351;53.5;78;"0";0.9613240452128692;0.0386759547871307;"0";"MONITOR"
"L";300.5;311.6;1534;37.7;90;"0";0.9890438230254855;0.010956176974514804;"0";"MONITOR"
"L";300.4;311.5;1441;44.6;96;"0";0.9890519267532002;0.010948073246800053;"0";"MONITOR"
"H";300.4;311.4;1445;52.4;105;"0";0.9906140906943149;0.009385909305685442;"0";"MONITOR"
"L";300.5;311.5;1661;35.9;110;"0";0.9890438230254855;0.010956176974514804;"0";"MONITOR"
"L";300.4;311.4;1936;23.9;131;"0";0.9889805785530495;0.011019421446950704;"0";"MONITOR"
"L";300.4;311.4;1552;28.8;135;"0";0.9890519267532002;0.010948073246800053;"0";"MONITOR"
"L";300.3;311.4;1343;57.7;142;"0";0.9575986411987744;0.04240135880122554;"0";"SCHEDULE"
"L";300.3;311.4;1346;51.1;147;"0";0.9579043367436385;0.042095663256361354;"0";"SCHEDULE"
"M";300.4;311.6;1359;55.4;160;"0";0.9615866186669306;0.03841338133306951;"0";"MONITOR"
"M";300.5;311.6;1246;52.9;165;"0";0.9499356607721225;0.05006433922787751;"0";"SCHEDULE"
"M";300.5;311.6;1658;30.4;170;"0";0.9904775943020891;0.009522405697911502;"0";"MONITOR"
"L";300.5;311.6;1385;54.8;173;"0";0.988642095883535;0.011357904116465378;"0";"MONITOR"
"M";300.6;311.7;1424;50.8;182;"0";0.9904775943020891;0.009522405697911502;"0";"MONITOR"
"L";300.7;311.8;1336;58.4;189;"1";0.9572571663358169;0.04274283366418298;"0";"SCHEDULE"
"L";300.5;311.6;1525;37.6;191;"0";0.9887023481625282;0.01129765183747224;"0";"MONITOR"
"M";300.5;311.6;1456;51.1;193;"0";0.9901361194391317;0.00986388056086894;"0";"MONITOR"
"M";300.5;311.7;2141;17.2;196;"0";0.9889749039225428;0.011025096077457875;"0";"MONITOR"
"M";300.5;311.6;1476;39.1;199;"0";0.989735692630608;0.01026430736939274;"0";"MONITOR"
"L";300.5;311.6;1509;47.2;202;"0";0.981200726036312;0.018799273963688523;"0";"MONITOR"
"L";300.5;311.6;1447;45.4;204;"0";0.9759836203483024;0.024016379651697894;"0";"MONITOR"
"L";300.6;311.7;1428;52.6;208;"0";0.9027229702978593;0.09727702970214067;"0";"SCHEDULE"
"M";300.7;311.8;1407;42.4;224;"0";0.9488289992636797;0.05117100073632067;"0";"SCHEDULE"
"M";300.7;311.7;2097;18.9;232;"1";0.7975174509258727;0.20248254907412758;"0";"STOP"
"M";300.5;311.5;1370;56.1;7;"0";0.9584547505350625;0.041545249464937636;"0";"SCHEDULE"
"H";300.5;311.6;1506;36.2;10;"0";0.9906059869666002;0.00939401303340019;"0";"MONITOR"
"L";300.6;311.7;1488;47.7;22;"0";0.9890438230254855;0.010956176974514804;"0";"MONITOR"
"M";300.7;311.5;1441;40.6;33;"0";0.9904775943020891;0.009522405697911502;"0";"MONITOR"
"L";300.5;311.5;1708;31.2;57;"0";0.9889724748253349;0.011027525174665454;"0";"MONITOR"
"L";300.4;311.4;1309;55.5;71;"0";0.9549723544904611;0.045027645509538576;"0";"SCHEDULE"
"H";300.6;311.7;1427;44.6;87;"0";0.9905442585715385;0.009455741428461917;"0";"MONITOR"
"M";300.7;311.9;1657;30.9;116;"0";0.990573748148243;0.009426251851757656;"0";"MONITOR"
"H";300.7;311.9;1329;59.2;121;"0";0.9582210254917104;0.04177897450828958;"0";"SCHEDULE"
"L";300.6;312.0;1430;42.7;130;"0";0.9893558232920854;0.010644176707915017;"0";"MONITOR"
"L";300.6;312.0;1406;55.1;136;"0";0.9893558232920854;0.010644176707915017;"0";"MONITOR"
"H";300.6;312.1;1354;46.9;138;"0";0.9636436691462853;0.03635633085371442;"0";"MONITOR"
"M";300.5;312.0;1263;60.8;146;"0";0.9386070834707617;0.06139291652923827;"0";"SCHEDULE"
"L";300.5;312.0;1478;39.0;153;"0";0.9893558232920854;0.010644176707915017;"0";"MONITOR"
"L";300.5;311.9;1710;28.4;158;"0";0.9890686286714887;0.010931371328511607;"0";"MONITOR"
"L";300.4;311.7;1515;47.4;170;"0";0.9890519267532002;0.010948073246800053;"0";"MONITOR"
"L";300.4;311.7;1444;51.2;174;"0";0.9890519267532002;0.010948073246800053;"0";"MONITOR"
"M";300.5;311.8;1591;42.0;182;"0";0.9904775943020891;0.009522405697911502;"0";"MONITOR"
"M";300.4;311.7;1478;39.9;185;"0";0.9904856980298038;0.009514301970196754;"0";"MONITOR"
"L";300.5;311.8;1368;57.9;191;"1";0.9572571663358169;0.04274283366418298;"0";"SCHEDULE"
"M";300.3;311.7;1723;28.3;193;"0";0.989932619478374;0.010067380521626628;"0";"MONITOR"
"H";300.3;311.6;1427;56.2;8;"0";0.9878414901126817;0.012158509887318657;"0";"MONITOR"
"L";300.3;311.4;1318;52.7;13;"0";0.9579043367436385;0.042095663256361354;"0";"SCHEDULE"
"M";300.2;311.4;1960;20.9;20;"0";0.9904222424894794;0.009577757510521041;"0";"MONITOR"
"L";300.3;311.5;1548;32.2;25;"0";0.9890519267532002;0.010948073246800053;"0";"MONITOR"
"L";300.3;311.4;1759;24.8;34;"0";0.9889805785530495;0.011019421446950704;"0";"MONITOR"
"L";300.3;311.5;1634;31.9;36;"0";0.9890519267532002;0.010948073246800053;"0";"MONITOR"
"L";300.4;311.6;1517;39.0;45;"0";0.9890519267532002;0.010948073246800053;"0";"MONITOR"
"L";300.5;311.7;1811;26.8;47;"0";0.9889724748253349;0.011027525174665454;"0";"MONITOR"
"L";300.4;311.6;1815;23.5;49;"0";0.9889805785530495;0.011019421446950704;"0";"MONITOR"
"L";300.4;311.7;1513;40.0;51;"0";0.9890519267532002;0.010948073246800053;"0";"MONITOR"
"L";300.2;311.5;1383;42.1;60;"0";0.9886501996112497;0.011349800388750633;"0";"MONITOR"
"L";300.3;311.5;1378;47.5;64;"0";0.9617189047955766;0.03828109520442346;"0";"MONITOR"
"H";300.1;311.4;1485;40.4;75;"0";0.9906140906943149;0.009385909305685442;"0";"MONITOR"
"L";300.1;311.5;1454;52.4;90;"0";0.9890519267532002;0.010948073246800053;"0";"MONITOR"
"L";300.0;311.4;1476;39.0;92;"0";0.9890519267532002;0.010948073246800053;"0";"MONITOR"
"L";300.0;311.4;1374;41.9;96;"0";0.9579043367436385;0.042095663256361354;"0";"SCHEDULE"
"M";299.9;311.4;1480;44.9;108;"0";0.9904856980298038;0.009514301970196754;"0";"MONITOR"
"L";300.0;311.5;1349;48.6;113;"0";0.9579043367436385;0.042095663256361354;"0";"SCHEDULE"
"L";300.1;311.5;2218;17.0;123;"0";0.9889805785530495;0.011019421446950704;"0";"MONITOR"
"M";300.0;311.4;1466;39.0;125;"0";0.9904856980298038;0.009514301970196754;"0";"MONITOR"
"M";299.9;311.3;1703;28.4;134;"0";0.9902740943413313;0.009725905658669189;"0";"MONITOR"
"L";299.8;311.2;1369;46.2;146;"0";0.9579043367436385;0.042095663256361354;"0";"SCHEDULE"
"L";300.0;311.3;1484;53.2;158;"0";0.9890519267532002;0.010948073246800053;"0";"MONITOR"
"L";299.8;311.1;1300;64.2;165;"0";0.776967316276259;0.22303268372374088;"0";"STOP"
"M";299.8;311.1;1452;44.3;167;"0";0.9904856980298038;0.009514301970196754;"0";"MONITOR"
"M";299.8;311.1;1562;35.7;170;"0";0.9904856980298038;0.009514301970196754;"0";"MONITOR"
"L";299.8;311.2;1664;28.3;173;"0";0.9889805785530495;0.011019421446950704;"0";"MONITOR"
"L";300.0;311.4;1484;37.0;183;"0";0.9890519267532002;0.010948073246800053;"0";"MONITOR"
"L";300.0;311.4;1604;38.7;185;"0";0.9890519267532002;0.010948073246800053;"0";"MONITOR"
"L";300.2;311.6;1372;49.2;195;"0";0.9575628618806812;0.0424371381193188;"0";"SCHEDULE"
"L";300.1;311.5;1471;47.2;201;"0";0.9852607482461053;0.014739251753895061;"0";"MONITOR"
"L";300.1;311.5;1659;31.1;203;"0";0.975617766689766;0.02438223331023448;"0";"MONITOR"
"L";300.1;311.7;1503;42.6;208;"0";0.9703094415837668;0.029690558416233612;"0";"MONITOR"
"L";300.2;311.8;1798;23.2;210;"0";0.9683770128728549;0.031622987127145376;"0";"MONITOR"
"M";300.3;311.7;1374;47.9;222;"1";0.9122173711074433;0.08778262889255693;"0";"SCHEDULE"
"L";300.4;311.8;1433;42.2;14;"0";0.9890519267532002;0.010948073246800053;"0";"MONITOR"
"L";300.5;311.9;1350;51.7;18;"0";0.9580004905897924;0.041999509410207504;"0";"SCHEDULE"
"M";300.5;311.9;1370;44.8;20;"0";0.9627789767399997;0.03722102326000044;"0";"MONITOR"
"L";300.5;312.0;1498;42.9;25;"0";0.9893558232920854;0.010644176707915017;"0";"MONITOR"
"M";300.5;312.0;1382;54.1;27;"0";0.9895973587446873;0.010402641255313339;"0";"MONITOR"
"M";300.5;311.9;1511;44.5;30;"0";0.990573748148243;0.009426251851757656;"0";"MONITOR"
"L";300.5;311.9;1383;50.5;35;"0";0.9887382497296889;0.011261750270311536;"0";"MONITOR"
"H";300.4;311.9;1438;46.7;41;"0";0.990648516145407;0.009351483854593324;"0";"MONITOR"
"L";300.7;312.3;1898;24.0;60;"0";0.9894610327990301;0.010538967200970091;"0";"MONITOR"
"H";300.7;312.2;1335;49.0;62;"0";0.9625942864302359;0.037405713569763806;"0";"MONITOR"
"H";300.7;312.4;1457;47.2;74;"0";0.9910945449402955;0.008905455059704822;"0";"MONITOR"
"H";300.7;312.3;1670;27.3;81;"0";0.9910231967401448;0.00897680325985547;"0";"MONITOR"
"L";300.8;312.4;1465;59.1;91;"1";0.9858501726860368;0.01414982731396354;"0";"MONITOR"
"M";300.6;312.2;2174;18.5;95;"0";0.9898049367591955;0.01019506324080507;"0";"MONITOR"
"L";300.8;312.5;1517;39.2;107;"0";0.9895323809991808;0.010467619000819441;"0";"MONITOR"
"M";300.9;312.6;1555;40.6;109;"0";0.9910146959651048;0.008985304034895747;"0";"MONITOR"
"L";300.8;312.5;1434;50.7;121;"0";0.9895323809991808;0.010467619000819441;"0";"MONITOR"
"L";300.8;312.5;1423;47.3;123;"0";0.9895323809991808;0.010467619000819441;"0";"MONITOR"
"L";300.9;312.4;1364;52.5;125;"0";0.9595294683233696;0.04047053167663025;"0";"SCHEDULE"
"L";300.9;312.4;1372;51.0;142;"0";0.9595294683233696;0.04047053167663025;"0";"SCHEDULE"
"L";300.7;312.3;1715;26.8;146;"0";0.9894610327990301;0.010538967200970091;"0";"MONITOR"
"H";300.7;312.1;1490;43.1;159;"0";0.9910945449402955;0.008905455059704822;"0";"MONITOR"
"L";300.8;312.0;1496;40.0;175;"0";0.9893558232920854;0.010644176707915017;"0";"MONITOR"
"L";300.8;312.0;1382;49.3;177;"0";0.988954096150135;0.01104590384986559;"0";"MONITOR"
"L";300.7;311.9;1335;57.1;194;"1";0.9573533201819708;0.04264667981802913;"0";"SCHEDULE"
"L";300.7;311.8;1478;41.9;207;"0";0.9703094415837668;0.029690558416233612;"0";"MONITOR"
"M";300.7;311.7;1499;38.9;3;"0";0.9904775943020891;0.009522405697911502;"0";"MONITOR"
"M";300.7;311.5;1569;36.4;20;"0";0.9904775943020891;0.009522405697911502;"0";"MONITOR"
"L";300.8;311.6;1568;36.0;23;"0";0.9890438230254855;0.010956176974514804;"0";"MONITOR"
"L";301.0;312.1;1585;32.3;50;"0";0.9895809246885012;0.01041907531149905;"0";"MONITOR"
"H";301.1;312.2;1491;42.6;52;"0";0.991143088629616;0.008856911370384433;"0";"MONITOR"
"L";300.9;312.2;1811;23.2;72;"0";0.9895095764883506;0.0104904235116497;"0";"MONITOR"
"M";300.9;312.1;1297;48.6;76;"0";0.9628907372940817;0.03710926270591833;"0";"MONITOR"
"L";301.2;312.4;1378;59.0;95;"0";0.9618610983069845;0.03813890169301537;"0";"MONITOR"
"L";301.2;312.4;1480;53.5;97;"0";0.9895809246885012;0.01041907531149905;"0";"MONITOR"
"M";301.2;312.4;1428;36.6;99;"0";0.9910146959651048;0.008985304034895747;"0";"MONITOR"
"H";301.0;312.2;1489;40.3;117;"0";0.991143088629616;0.008856911370384433;"0";"MONITOR"
"L";301.1;312.3;1595;31.9;134;"0";0.9895809246885012;0.01041907531149905;"0";"MONITOR"
"M";301.0;312.2;1499;41.5;140;"0";0.9910146959651048;0.008985304034895747;"0";"MONITOR"
"L";300.8;312.0;1477;37.3;164;"0";0.9893558232920854;0.010644176707915017;"0";"MONITOR"
"L";301.0;311.9;1889;23.5;198;"0";0.9887756974978518;0.011224302502148658;"0";"MONITOR"
"L";301.0;312.1;1675;30.7;200;"0";0.9860842516397922;0.013915748360208115;"0";"MONITOR"
"L";300.7;311.9;1399;50.2;222;"1";0.8907787951787276;0.10922120482127241;"0";"SCHEDULE"
"L";300.6;311.9;1425;44.9;224;"0";0.9330189962621391;0.06698100373786112;"0";"SCHEDULE"
"M";300.6;311.9;1629;35.3;0;"0";0.990573748148243;0.009426251851757656;"0";"MONITOR"
"L";300.6;312.0;1490;42.2;3;"0";0.9893558232920854;0.010644176707915017;"0";"MONITOR"
"L";300.7;311.7;1460;46.1;15;"0";0.9890438230254855;0.010956176974514804;"0";"MONITOR"
"L";300.8;311.9;1498;39.3;23;"0";0.9891399768716395;0.010860023128360959;"0";"MONITOR"
"L";300.7;311.8;1441;38.1;34;"0";0.9890438230254855;0.010956176974514804;"0";"MONITOR"
"L";300.6;311.9;1413;41.3;43;"0";0.9891399768716395;0.010860023128360959;"0";"MONITOR"
"H";300.6;311.9;1604;30.5;45;"0";0.9907021408127541;0.009297859187246344;"0";"MONITOR"
"L";300.7;312.0;1401;51.1;50;"0";0.9891833302385922;0.010816669761408205;"0";"MONITOR"
"L";300.5;311.9;1887;21.7;56;"0";0.9890686286714887;0.010931371328511607;"0";"MONITOR"
"L";300.4;311.8;1405;47.9;58;"0";0.9890519267532002;0.010948073246800053;"0";"MONITOR"
"H";300.2;311.6;1496;41.1;60;"0";0.9906140906943149;0.009385909305685442;"0";"MONITOR"
"L";300.3;311.6;1515;44.9;69;"0";0.9890519267532002;0.010948073246800053;"0";"MONITOR"
"M";300.6;312.0;1490;39.8;94;"0";0.9907895945686889;0.009210405431311712;"0";"MONITOR"
"L";300.5;312.0;1558;36.7;113;"0";0.9893558232920854;0.010644176707915017;"0";"MONITOR"
"L";300.4;312.0;1366;43.0;117;"0";0.9582163370102382;0.041783662989761564;"0";"SCHEDULE"
"L";300.3;311.8;1360;48.0;119;"0";0.9579043367436385;0.042095663256361354;"0";"SCHEDULE"
"L";300.2;311.5;1528;36.1;125;"0";0.9890519267532002;0.010948073246800053;"0";"MONITOR"
"H";300.2;311.5;1432;43.6;127;"0";0.9905523622992531;0.009447637700747169;"0";"MONITOR"
"L";300.2;311.6;1356;53.5;132;"0";0.9579043367436385;0.042095663256361354;"0";"SCHEDULE"
"L";300.1;311.4;1438;42.2;139;"0";0.9890519267532002;0.010948073246800053;"0";"MONITOR"
"L";300.1;311.4;1356;45.7;149;"0";0.9579043367436385;0.042095663256361354;"0";"SCHEDULE"
"H";300.2;311.6;1662;28.8;162;"0";0.9906140906943149;0.009385909305685442;"0";"MONITOR"
"L";300.2;311.6;1500;39.0;174;"0";0.9890519267532002;0.010948073246800053;"0";"MONITOR"
"L";300.3;311.8;1567;37.7;180;"0";0.9890519267532002;0.010948073246800053;"0";"MONITOR"
"L";300.3;311.9;1692;31.5;187;"0";0.9890767323992035;0.010923267600796862;"0";"MONITOR"
"L";300.4;311.9;1476;48.7;189;"0";0.9888066057363968;0.011193394263603648;"0";"MONITOR"
"M";300.4;311.8;1553;33.1;209;"1";0.9709974066099827;0.029002593390018074;"0";"MONITOR"
"M";300.4;311.8;1442;45.1;0;"0";0.9904856980298038;0.009514301970196754;"0";"MONITOR"
"H";300.4;311.8;2496;13.5;5;"0";0.7636431854673217;0.23635681453267834;"0";"STOP"
"L";300.4;311.8;1367;57.2;10;"0";0.9575986411987744;0.04240135880122554;"0";"SCHEDULE"
"L";300.3;311.8;2004;19.6;12;"0";0.9889805785530495;0.011019421446950704;"0";"MONITOR"
"M";300.1;311.3;1650;33.8;38;"0";0.9904856980298038;0.009514301970196754;"0";"MONITOR"
"H";300.0;311.2;1393;43.1;45;"0";0.9803798692457599;0.019620130754240354;"0";"MONITOR"
"M";299.9;311.3;1389;50.0;55;"0";0.9903132049763106;0.009686795023689942;"0";"MONITOR"
"L";299.6;310.9;1658;28.0;76;"0";0.9890519267532002;0.010948073246800053;"0";"MONITOR"
"M";299.7;311.0;1506;42.7;85;"0";0.9904856980298038;0.009514301970196754;"0";"MONITOR"
"M";299.6;310.8;1427;50.4;98;"0";0.9904856980298038;0.009514301970196754;"0";"MONITOR"
"L";299.6;310.7;1393;52.1;110;"0";0.988879433699707;0.011120566300293247;"0";"MONITOR"
"M";299.7;311.1;1618;30.3;125;"0";0.9904856980298038;0.009514301970196754;"0";"MONITOR"
"H";300.0;311.4;1641;34.5;155;"0";0.9906140906943149;0.009385909305685442;"0";"MONITOR"
"L";299.7;311.1;1439;44.9;174;"0";0.9890519267532002;0.010948073246800053;"0";"MONITOR"
"L";299.7;311.2;1835;23.7;183;"0";0.9889805785530495;0.011019421446950704;"0";"MONITOR"
"L";299.7;311.1;1554;41.0;192;"0";0.9887104518902429;0.011289548109757495;"0";"MONITOR"
"L";299.7;311.0;1827;25.4;194;"0";0.9886391036900922;0.01136089630990814;"0";"MONITOR"
"M";299.7;310.9;1620;37.2;203;"0";0.9763057317159819;0.02369426828401894;"0";"MONITOR"
"L";299.6;310.9;1229;65.2;209;"1";0.5844037542472923;0.4155962457527078;"0";"STOP"
"L";299.5;310.8;1873;22.3;211;"0";0.9614462158784032;0.038553784121597184;"0";"MONITOR"
"M";299.3;310.7;1374;48.9;222;"0";0.9102649180195654;0.08973508198043488;"0";"SCHEDULE"
"L";299.2;310.7;1737;27.0;225;"1";0.9047910380618558;0.09520896193814447;"0";"SCHEDULE"
"M";299.4;310.9;1446;47.3;12;"0";0.9904856980298038;0.009514301970196754;"0";"MONITOR"
"L";299.1;310.6;1577;37.1;44;"0";0.9890519267532002;0.010948073246800053;"0";"MONITOR"
"L";299.1;310.5;1532;36.6;62;"0";0.9890519267532002;0.010948073246800053;"0";"MONITOR"
"L";299.1;310.5;1419;48.8;76;"0";0.9890519267532002;0.010948073246800053;"0";"MONITOR"
"L";299.2;310.6;1534;39.7;83;"0";0.9890519267532002;0.010948073246800053;"0";"MONITOR"
"M";299.2;310.6;1443;50.9;85;"0";0.9905425162116219;0.009457483788378572;"0";"MONITOR"
"H";299.1;310.4;1369;54.5;104;"0";0.9613240452128692;0.0386759547871307;"0";"MONITOR"
"L";299.0;310.4;1512;38.8;109;"0";0.9890519267532002;0.010948073246800053;"0";"MONITOR"
"L";298.9;310.3;1456;44.1;118;"0";0.9890519267532002;0.010948073246800053;"0";"MONITOR"
"L";299.0;310.4;1524;39.8;120;"0";0.9890519267532002;0.010948073246800053;"0";"MONITOR"
"L";299.0;310.4;1981;21.2;125;"0";0.9889805785530495;0.011019421446950704;"0";"MONITOR"
"M";299.0;310.4;1625;37.1;131;"0";0.9905425162116219;0.009457483788378572;"0";"MONITOR"
"L";299.0;310.4;1606;31.1;134;"0";0.9890519267532002;0.010948073246800053;"0";"MONITOR"
"M";299.1;310.6;1397;49.5;165;"0";0.9903700231581287;0.00962997684187176;"0";"MONITOR"
"H";299.2;310.8;1761;30.4;180;"0";0.9905427424941642;0.00945725750583609;"0";"MONITOR"
"M";299.1;310.8;1517;38.4;185;"0";0.9905425162116219;0.009457483788378572;"0";"MONITOR"
"M";299.0;310.6;1787;22.2;192;"0";0.9899894376601922;0.010010562339808446;"0";"MONITOR"
"M";298.9;310.6;1720;25.3;197;"0";0.9899894376601922;0.010010562339808446;"0";"MONITOR"
"H";298.8;310.5;1294;55.8;202;"0";0.8647625680905564;0.1352374319094436;"0";"SCHEDULE"
"L";298.8;310.5;1464;46.4;207;"0";0.9685601887157439;0.031439811284256367;"0";"MONITOR"
"L";298.9;310.6;1585;38.1;7;"0";0.9890519267532002;0.010948073246800053;"0";"MONITOR"
"M";298.8;310.6;1640;33.8;9;"0";0.9905425162116219;0.009457483788378572;"0";"MONITOR"
"H";298.9;310.5;1429;39.9;19;"0";0.9905523622992531;0.009447637700747169;"0";"MONITOR"
"H";298.7;310.1;1435;45.6;37;"0";0.9904495166205668;0.009550483379433617;"0";"MONITOR"
"L";298.7;310.0;1637;31.8;42;"0";0.9890519267532002;0.010948073246800053;"0";"MONITOR"
"L";298.7;310.1;1641;31.1;49;"0";0.9890519267532002;0.010948073246800053;"0";"MONITOR"
"M";298.7;310.0;1459;40.2;69;"0";0.9905425162116219;0.009457483788378572;"0";"MONITOR"
"L";298.7;309.9;1465;39.7;72;"0";0.9888801491638892;0.011119850836111014;"0";"MONITOR"
"M";298.8;310.0;1529;38.5;77;"0";0.9905425162116219;0.009457483788378572;"0";"MONITOR"
"L";298.8;309.8;1463;40.0;90;"0";0.9888801491638892;0.011119850836111014;"0";"MONITOR"
"L";298.7;309.7;1667;30.4;92;"0";0.9892657833780043;0.010734216621995927;"0";"MONITOR"
"H";298.7;309.7;1565;39.3;94;"0";0.9908563300801042;0.00914366991989615;"0";"MONITOR"
"L";298.7;309.7;1393;45.7;99;"0";0.9891646385246617;0.010835361475338465;"0";"MONITOR"
"L";298.7;309.6;1364;44.9;106;"0";0.9629403887991365;0.03705961120086352;"0";"MONITOR"
"L";298.8;309.7;1424;49.6;129;"0";0.9893371315781551;0.010662868421845278;"0";"MONITOR"
"M";298.8;309.7;1392;48.7;133;"0";0.9906552279830835;0.009344772016916983;"0";"MONITOR"
"L";298.8;309.7;1529;44.0;136;"0";0.9893371315781551;0.010662868421845278;"0";"MONITOR"
"M";298.8;309.7;1499;40.3;154;"0";0.9908277210365768;0.009172278963423795;"0";"MONITOR"
"L";298.8;309.7;1751;29.6;160;"0";0.9892657833780043;0.010734216621995927;"0";"MONITOR"
"L";298.7;309.7;1510;40.6;162;"0";0.9893371315781551;0.010662868421845278;"0";"MONITOR"
"L";298.8;309.7;1609;40.4;169;"0";0.9893371315781551;0.010662868421845278;"0";"MONITOR"
"H";298.8;309.8;1490;35.9;171;"0";0.9893279190944098;0.010672080905590459;"0";"MONITOR"
"L";298.7;309.6;1502;46.7;198;"0";0.9889956567151976;0.011004343284802714;"0";"MONITOR"
"L";298.5;309.5;1385;46.3;203;"1";0.9759595105374765;0.024040489462523747;"0";"MONITOR"
"M";298.6;309.6;1525;42.4;2;"0";0.9908277210365768;0.009172278963423795;"0";"MONITOR"
"L";298.8;309.7;1582;45.0;11;"0";0.9893371315781551;0.010662868421845278;"0";"MONITOR"
"M";298.8;309.8;1551;36.6;15;"0";0.990370738622311;0.009629261377689527;"0";"MONITOR"
"M";298.9;309.8;1836;22.8;18;"0";0.9901591349338387;0.009840865066161962;"0";"MONITOR"
"L";298.8;309.7;1953;20.6;25;"0";0.9889372013338241;0.011062798666176162;"0";"MONITOR"
"L";298.7;309.7;1881;21.7;29;"0";0.9889372013338241;0.011062798666176162;"0";"MONITOR"
"M";298.7;309.7;1362;50.5;34;"0";0.9677756931311619;0.03222430686883827;"0";"MONITOR"
"L";298.8;309.7;1225;63.4;37;"0";0.8817669526368407;0.11823304736315929;"0";"SCHEDULE"
"L";298.8;309.8;1334;49.3;42;"0";0.9596929200313066;0.040307079968693316;"0";"SCHEDULE"
"H";298.8;310.0;1530;38.3;53;"0";0.9868748813792648;0.013125118620735527;"0";"MONITOR"
"L";298.8;309.7;1450;43.1;63;"0";0.9893371315781551;0.010662868421845278;"0";"MONITOR"
"H";298.8;309.8;1563;38.8;65;"0";0.9893279190944098;0.010672080905590459;"0";"MONITOR"
"L";298.9;309.9;1365;46.5;75;"0";0.9579043367436385;0.042095663256361354;"0";"SCHEDULE"
"L";298.8;309.9;1525;39.7;77;"0";0.9888801491638892;0.011119850836111014;"0";"MONITOR"
"L";298.5;309.6;1724;26.4;100;"0";0.9892657833780043;0.010734216621995927;"0";"MONITOR"
"L";298.6;309.7;1294;59.4;104;"0";0.9588311640225002;0.041168835977499575;"0";"SCHEDULE"
"L";298.5;309.6;1462;45.1;115;"0";0.9893371315781551;0.010662868421845278;"0";"MONITOR"
"L";298.5;309.6;1861;26.9;130;"0";0.9892657833780043;0.010734216621995927;"0";"MONITOR"
"L";298.5;309.5;1548;44.5;132;"0";0.9896229046893683;0.010377095310631934;"0";"MONITOR"
"M";298.6;309.7;1422;49.7;139;"0";0.9908277210365768;0.009172278963423795;"0";"MONITOR"
"M";298.7;309.9;1434;53.0;144;"0";0.990370738622311;0.009629261377689527;"0";"MONITOR"
"M";298.8;310.1;1585;31.3;147;"0";0.9905425162116219;0.009457483788378572;"0";"MONITOR"
"H";298.8;310.1;1704;30.7;150;"0";0.9868035331791141;0.013196466820886177;"0";"MONITOR"
"L";298.9;310.2;1971;23.2;155;"0";0.9889805785530495;0.011019421446950704;"0";"MONITOR"
"H";298.9;310.3;1243;63.0;163;"0";0.8311015681451818;0.16889843185481834;"0";"STOP"
"L";299.2;310.6;1567;38.4;172;"0";0.9890519267532002;0.010948073246800053;"0";"MONITOR"
"L";298.9;310.2;1304;57.2;183;"0";0.953596494578016;0.046403505421983855;"0";"SCHEDULE"
"L";298.7;309.8;1181;65.9;203;"1";0.6363119514451707;0.36368804855482934;"0";"STOP"
"L";298.6;309.9;1630;30.6;2;"0";0.9888801491638892;0.011119850836111014;"0";"MONITOR"
"M";298.6;310.0;1541;36.9;12;"0";0.9905425162116219;0.009457483788378572;"0";"MONITOR"
"L";298.5;309.9;1482;42.1;15;"0";0.9888801491638892;0.011119850836111014;"0";"MONITOR"
"L";298.5;310.0;1492;41.2;19;"0";0.9890519267532002;0.010948073246800053;"0";"MONITOR"
"L";298.4;309.9;1725;27.8;21;"0";0.9888088009637386;0.011191199036261663;"0";"MONITOR"
"L";298.4;310.0;1559;44.2;23;"0";0.9890519267532002;0.010948073246800053;"0";"MONITOR"
"M";298.7;309.8;1475;40.5;59;"0";0.990370738622311;0.009629261377689527;"0";"MONITOR"
"L";298.7;309.8;1469;38.4;62;"0";0.9888801491638892;0.011119850836111014;"0";"MONITOR"
"L";298.6;309.8;1704;28.3;64;"0";0.9888088009637386;0.011191199036261663;"0";"MONITOR"
"H";298.6;309.7;1463;39.1;66;"0";0.9908563300801042;0.00914366991989615;"0";"MONITOR"
"M";298.6;309.8;1430;43.1;80;"0";0.990370738622311;0.009629261377689527;"0";"MONITOR"
"M";298.5;309.7;1557;37.7;86;"0";0.9908277210365768;0.009172278963423795;"0";"MONITOR"
"H";298.5;309.6;1579;33.5;91;"0";0.9908563300801042;0.00914366991989615;"0";"MONITOR"
"L";298.4;309.4;1392;50.1;117;"0";0.9890714592126052;0.010928540787394914;"0";"MONITOR"
"M";298.4;309.5;1514;38.8;128;"0";0.9908277210365768;0.009172278963423795;"0";"MONITOR"
"L";298.3;309.4;1668;27.1;136;"0";0.9895515564892176;0.010448443510782583;"0";"MONITOR"
"L";298.4;309.6;1479;37.8;144;"0";0.9893371315781551;0.010662868421845278;"0";"MONITOR"
"H";298.6;309.8;1279;55.9;152;"0";0.8994142694122351;0.10058573058776483;"0";"SCHEDULE"
"L";298.4;309.7;1518;39.8;165;"0";0.9893371315781551;0.010662868421845278;"0";"MONITOR"
"M";298.4;309.7;1870;22.5;170;"0";0.9804356834520722;0.019564316547928312;"0";"MONITOR"
"L";298.3;309.7;1484;44.3;173;"0";0.9893371315781551;0.010662868421845278;"0";"MONITOR"
"M";298.2;309.5;1478;36.5;182;"0";0.9908277210365768;0.009172278963423795;"0";"MONITOR"
"L";298.2;309.4;1447;47.1;185;"0";0.9896229046893683;0.010377095310631934;"0";"MONITOR"
"M";298.3;309.6;1469;54.8;191;"0";0.9896957374915684;0.01030426250843228;"0";"MONITOR"
"M";298.3;309.6;1681;27.1;194;"0";0.9904148979734687;0.00958510202653188;"0";"MONITOR"
"L";298.4;309.5;1376;50.4;202;"0";0.9472647964610524;0.05273520353894768;"0";"SCHEDULE"
"H";298.3;309.4;1631;29.8;0;"0";0.9908563300801042;0.00914366991989615;"0";"MONITOR"
"L";298.3;309.4;1378;52.3;12;"0";0.9648731942513497;0.03512680574865012;"0";"MONITOR"
"M";298.5;309.4;1522;47.4;20;"0";0.9908277210365768;0.009172278963423795;"0";"MONITOR"
"M";298.5;309.3;1615;31.8;23;"0";0.9908277210365768;0.009172278963423795;"0";"MONITOR"
"L";298.6;309.4;1315;55.5;28;"0";0.9596954196820985;0.04030458031790119;"0";"SCHEDULE"
"M";298.6;309.5;1404;43.3;33;"0";0.9908277210365768;0.009172278963423795;"0";"MONITOR"
"L";298.6;309.5;1547;44.8;36;"0";0.9896229046893683;0.010377095310631934;"0";"MONITOR"
"M";298.6;309.5;1426;45.4;38;"0";0.9908277210365768;0.009172278963423795;"0";"MONITOR"
"L";298.6;309.5;1730;30.2;41;"0";0.9895515564892176;0.010448443510782583;"0";"MONITOR"
"L";298.5;309.4;1517;40.2;45;"0";0.9896229046893683;0.010377095310631934;"0";"MONITOR"
"L";298.6;309.5;1687;29.3;47;"0";0.9895515564892176;0.010448443510782583;"0";"MONITOR"
"M";298.5;309.4;1365;48.7;56;"0";0.9677756931311619;0.03222430686883827;"0";"MONITOR"
"L";298.3;309.2;1456;45.5;75;"0";0.9896229046893683;0.010377095310631934;"0";"MONITOR"
"M";298.2;309.1;1457;49.0;77;"0";0.9909386628880569;0.00906133711194374;"0";"MONITOR"
"L";298.2;309.0;1596;37.2;87;"0";0.9896484428141403;0.010351557185859955;"0";"MONITOR"
"L";298.2;309.0;1489;40.6;89;"0";0.9896484428141403;0.010351557185859955;"0";"MONITOR"
"L";298.3;309.0;1519;40.0;96;"0";0.9896484428141403;0.010351557185859955;"0";"MONITOR"
"L";298.1;308.9;1351;52.4;102;"0";0.9628727476118519;0.037127252388147985;"0";"MONITOR"
"L";298.0;308.9;1500;36.7;104;"0";0.9896484428141403;0.010351557185859955;"0";"MONITOR"
"L";298.0;308.7;1511;45.8;114;"0";0.9896484428141403;0.010351557185859955;"0";"MONITOR"
"L";297.9;308.6;2262;15.7;125;"0";0.9873097895020095;0.012690210497990795;"0";"MONITOR"
"L";297.6;308.3;1523;39.5;137;"0";0.9896484428141403;0.010351557185859955;"0";"MONITOR"
"M";297.4;307.9;1627;34.3;166;"0";0.9911555690380258;0.008844430961974709;"0";"MONITOR"
"L";297.4;308.0;1356;51.9;184;"0";0.9634199492366249;0.03658005076337508;"0";"MONITOR"
"L";297.6;308.4;1460;40.3;195;"0";0.9893069679511829;0.010693032048817393;"0";"MONITOR"
"L";297.5;308.3;1435;40.3;197;"0";0.9893069679511829;0.010693032048817393;"0";"MONITOR"
"L";297.4;308.1;1729;31.7;204;"0";0.9755408214511104;0.024459178548889918;"0";"MONITOR"
"L";297.4;308.2;1297;52.1;211;"0";0.8828710358945487;0.11712896410545104;"0";"SCHEDULE"
"L";297.5;308.4;1633;33.3;213;"0";0.9573304832744934;0.042669516725506805;"0";"SCHEDULE"
"L";297.5;308.4;1433;50.0;218;"0";0.8759858385119156;0.1240141614880844;"0";"SCHEDULE"
"L";297.4;308.3;1475;40.5;222;"1";0.9204132292439663;0.07958677075603403;"0";"SCHEDULE"
"L";297.4;308.3;1472;45.5;2;"0";0.9896484428141403;0.010351557185859955;"0";"MONITOR"
"L";297.6;308.6;1355;46.4;13;"0";0.9632517000351217;0.03674829996487819;"0";"MONITOR"
"L";297.4;308.2;1402;49.7;41;"0";0.9890969973373772;0.01090300266262293;"0";"MONITOR"
"L";297.4;308.3;1347;45.8;43;"0";0.9632517000351217;0.03674829996487819;"0";"MONITOR"
"H";297.3;308.3;1506;37.0;54;"0";0.9908818682048762;0.00911813179512417;"0";"MONITOR"
"L";297.4;308.3;1336;53.7;61;"0";0.9628727476118519;0.037127252388147985;"0";"MONITOR"
"L";297.4;308.3;1704;27.3;65;"0";0.9895770946139897;0.010422905386010603;"0";"MONITOR"
"L";297.6;308.6;1383;47.5;75;"0";0.9892467156721898;0.01075328432781053;"0";"MONITOR"
"M";297.6;308.5;1360;48.6;77;"0";0.967886634982642;0.03211336501735822;"0";"MONITOR"
"H";297.4;308.3;1771;27.4;100;"0";0.9908105200047256;0.009189479995274821;"0";"MONITOR"
"M";297.4;308.4;1564;35.0;105;"0";0.9909386628880569;0.00906133711194374;"0";"MONITOR"
"L";297.4;308.5;1496;36.4;126;"0";0.9896484428141403;0.010351557185859955;"0";"MONITOR"
"L";297.4;308.5;1295;52.1;130;"0";0.9602464609035387;0.039753539096461024;"0";"MONITOR"
"L";297.6;308.7;1365;50.6;143;"0";0.9628727476118519;0.037127252388147985;"0";"MONITOR"
"L";297.5;308.7;1407;42.5;145;"0";0.9896484428141403;0.010351557185859955;"0";"MONITOR"
"L";297.2;308.5;1588;40.4;190;"0";0.9893069679511829;0.010693032048817393;"0";"MONITOR"
"H";297.2;308.5;1524;41.4;192;"0";0.9905403933419188;0.009459606658081607;"0";"MONITOR"
"M";297.2;308.5;1604;34.9;200;"0";0.97730842644267;0.02269157355733054;"0";"MONITOR"
"L";297.1;308.5;1323;44.4;207;"1";0.9153069985298413;0.08469300147015883;"0";"SCHEDULE"
"L";297.1;308.5;1578;35.6;46;"0";0.9896484428141403;0.010351557185859955;"0";"MONITOR"
"L";297.1;308.6;1442;37.1;59;"0";0.9896484428141403;0.010351557185859955;"0";"MONITOR"
"L";297.2;308.7;1509;39.3;66;"0";0.9896484428141403;0.010351557185859955;"0";"MONITOR"
"L";297.2;308.7;1669;30.7;72;"0";0.9895770946139897;0.010422905386010603;"0";"MONITOR"
"L";297.2;308.6;1578;34.4;76;"0";0.9896484428141403;0.010351557185859955;"0";"MONITOR"
"M";297.2;308.6;1513;39.0;78;"0";0.9909386628880569;0.00906133711194374;"0";"MONITOR"
"L";297.2;308.6;1562;33.0;84;"0";0.9896484428141403;0.010351557185859955;"0";"MONITOR"
"H";297.3;308.7;1569;33.9;93;"0";0.9908818682048762;0.00911813179512417;"0";"MONITOR"
"L";297.2;308.6;1392;41.5;108;"0";0.9894759497606471;0.01052405023935314;"0";"MONITOR"
"M";297.4;308.8;1573;33.9;123;"0";0.9909386628880569;0.00906133711194374;"0";"MONITOR"
"L";297.4;308.8;1467;39.0;128;"0";0.9896484428141403;0.010351557185859955;"0";"MONITOR"
"L";297.4;308.6;1411;46.3;138;"0";0.9896484428141403;0.010351557185859955;"0";"MONITOR"
"L";297.3;308.5;1764;30.8;148;"0";0.9895770946139897;0.010422905386010603;"0";"MONITOR"
"M";297.4;308.5;1472;42.0;150;"0";0.9909386628880569;0.00906133711194374;"0";"MONITOR"
"L";297.5;308.7;1761;26.2;164;"0";0.9895770946139897;0.010422905386010603;"0";"MONITOR"
"L";297.5;308.8;1587;34.9;166;"0";0.9896484428141403;0.010351557185859955;"0";"MONITOR"
"M";297.4;308.7;1392;46.4;174;"0";0.9907661698345636;0.009233830165436926;"0";"MONITOR"
"L";297.5;308.8;1417;49.8;177;"0";0.9892694903908705;0.010730509609129744;"0";"MONITOR"
"L";297.5;308.8;1603;36.7;184;"0";0.9896484428141403;0.010351557185859955;"0";"MONITOR"
"L";297.4;308.8;1620;33.4;186;"0";0.9896484428141403;0.010351557185859955;"0";"MONITOR"
"L";297.5;308.6;1380;53.5;192;"0";0.9862791824130338;0.013720817586966584;"0";"MONITOR"
"M";297.5;308.7;1363;53.6;194;"0";0.9675451601196846;0.03245483988031565;"0";"MONITOR"
"L";297.5;308.6;1536;39.0;202;"0";0.9814139540416581;0.018586045958342238;"0";"MONITOR"
"L";297.5;308.6;1621;28.9;0;"0";0.9896484428141403;0.010351557185859955;"0";"MONITOR"
"L";297.5;308.6;1585;37.6;2;"0";0.9896484428141403;0.010351557185859955;"0";"MONITOR"
"H";297.5;308.6;1536;38.7;7;"0";0.9908818682048762;0.00911813179512417;"0";"MONITOR"
"L";297.5;308.7;1456;44.7;29;"0";0.9896484428141403;0.010351557185859955;"0";"MONITOR"
"M";297.6;308.6;1254;45.8;31;"0";0.9650826546791005;0.03491734532089961;"0";"MONITOR"
"L";297.5;308.6;1694;27.1;36;"0";0.9895770946139897;0.010422905386010603;"0";"MONITOR"
"L";297.5;308.5;1306;50.7;38;"0";0.9602464609035387;0.039753539096461024;"0";"MONITOR"
"M";297.5;308.5;1699;30.1;40;"0";0.9907270591995844;0.009272940800416175;"0";"MONITOR"
"L";297.4;308.5;1471;43.9;45;"0";0.9896484428141403;0.010351557185859955;"0";"MONITOR"
"M";297.4;308.5;1412;45.5;49;"0";0.9909386628880569;0.00906133711194374;"0";"MONITOR"
"L";297.4;308.5;1418;51.2;52;"0";0.9892694903908705;0.010730509609129744;"0";"MONITOR"
"L";297.3;308.4;1459;39.4;59;"0";0.9896484428141403;0.010351557185859955;"0";"MONITOR"
"L";297.2;308.3;1569;31.2;63;"0";0.9896484428141403;0.010351557185859955;"0";"MONITOR"
"L";297.4;308.6;1488;36.4;71;"0";0.9896484428141403;0.010351557185859955;"0";"MONITOR"
"L";297.4;308.6;1524;43.1;73;"0";0.9896484428141403;0.010351557185859955;"0";"MONITOR"
"L";297.4;308.5;1486;48.6;75;"0";0.9896484428141403;0.010351557185859955;"0";"MONITOR"
"M";297.4;308.6;1469;42.6;80;"0";0.9909386628880569;0.00906133711194374;"0";"MONITOR"
"M";297.3;308.5;1625;32.8;92;"0";0.9909386628880569;0.00906133711194374;"0";"MONITOR"
"M";297.2;308.5;1425;45.8;109;"0";0.9909386628880569;0.00906133711194374;"0";"MONITOR"
"H";297.3;308.6;1376;53.5;112;"0";0.9690288511910397;0.03097114880896032;"0";"MONITOR"
"H";297.4;308.7;1349;48.9;120;"0";0.9671648218821268;0.03283517811787311;"0";"MONITOR"
"M";297.3;308.8;1447;57.4;134;"0";0.9897570549344336;0.010242945065567041;"0";"MONITOR"
"L";297.3;308.7;1587;35.8;148;"0";0.9896484428141403;0.010351557185859955;"0";"MONITOR"
"H";297.3;308.7;1430;42.8;153;"0";0.9908201398098144;0.0091798601901859;"0";"MONITOR"
"L";297.4;308.8;1529;41.3;165;"0";0.9896484428141403;0.010351557185859955;"0";"MONITOR"
"L";297.4;308.8;1473;46.2;167;"0";0.9896484428141403;0.010351557185859955;"0";"MONITOR"
"M";297.4;308.9;1376;39.0;181;"0";0.969912619746912;0.030087380253088374;"0";"MONITOR"
"M";297.3;308.7;1542;37.0;184;"0";0.9909386628880569;0.00906133711194374;"0";"MONITOR"
"M";297.7;308.9;1573;35.1;9;"0";0.9909386628880569;0.00906133711194374;"0";"MONITOR"
"L";297.7;308.9;1575;39.9;12;"0";0.9896484428141403;0.010351557185859955;"0";"MONITOR"
"L";297.7;308.9;1458;41.1;14;"0";0.9896484428141403;0.010351557185859955;"0";"MONITOR"
"L";297.7;308.9;1742;26.3;24;"0";0.9895770946139897;0.010422905386010603;"0";"MONITOR"
"L";297.8;308.9;1506;33.5;26;"0";0.9896484428141403;0.010351557185859955;"0";"MONITOR"
"L";297.9;309.1;1457;44.4;28;"0";0.9896484428141403;0.010351557185859955;"0";"MONITOR"
"M";297.9;309.1;1488;37.3;30;"0";0.9909386628880569;0.00906133711194374;"0";"MONITOR"
"L";297.9;309.0;1290;49.8;43;"0";0.9602464609035387;0.039753539096461024;"0";"MONITOR"
"M";297.9;309.1;1338;49.6;56;"0";0.9675447546407616;0.03245524535923856;"0";"MONITOR"
"M";297.9;309.1;1558;39.2;59;"0";0.9909386628880569;0.00906133711194374;"0";"MONITOR"
"H";298.0;309.1;1557;36.4;65;"0";0.9908818682048762;0.00911813179512417;"0";"MONITOR"
"L";298.1;309.3;1443;45.3;70;"0";0.9896229046893683;0.010377095310631934;"0";"MONITOR"
"H";298.1;309.3;1332;51.0;72;"0";0.964847227067358;0.035152772932641844;"0";"MONITOR"
"M";298.1;309.3;1752;25.2;77;"0";0.9906161173481043;0.009383882651896231;"0";"MONITOR"
"M";298.1;309.2;1460;45.8;80;"0";0.9908277210365768;0.009172278963423795;"0";"MONITOR"
"M";298.0;309.2;1438;42.9;101;"0";0.9908277210365768;0.009172278963423795;"0";"MONITOR"
"L";297.9;309.0;1583;36.7;104;"0";0.9896484428141403;0.010351557185859955;"0";"MONITOR"
"L";297.5;308.7;1371;46.5;121;"0";0.9632517000351217;0.03674829996487819;"0";"MONITOR"
"H";297.4;308.6;1461;40.1;126;"0";0.9908818682048762;0.00911813179512417;"0";"MONITOR"
"L";297.4;308.7;1638;31.9;131;"0";0.9896484428141403;0.010351557185859955;"0";"MONITOR"
"M";297.3;308.6;1584;29.4;141;"0";0.9909386628880569;0.00906133711194374;"0";"MONITOR"
"M";297.4;308.7;1382;49.9;151;"0";0.9905369357461064;0.009463064253894317;"0";"MONITOR"
"L";297.3;308.6;1385;55.2;156;"0";0.98886776324892;0.011132236751080321;"0";"MONITOR"
"M";297.2;308.6;1404;43.7;160;"0";0.9909386628880569;0.00906133711194374;"0";"MONITOR"
"L";297.1;308.4;1550;37.0;167;"0";0.9896484428141403;0.010351557185859955;"0";"MONITOR"
"L";297.1;308.2;1402;51.2;186;"0";0.9890969973373772;0.01090300266262293;"0";"MONITOR"
"L";297.1;308.2;1399;42.6;194;"0";0.9891344748976897;0.010865525102310576;"0";"MONITOR"
"M";297.3;308.3;1459;59.6;207;"1";0.8265688162643987;0.17343118373560137;"0";"STOP"
"L";297.3;308.2;1601;35.7;9;"0";0.9896484428141403;0.010351557185859955;"0";"MONITOR"
"L";297.4;308.3;1801;26.9;11;"0";0.9895770946139897;0.010422905386010603;"0";"MONITOR"
"M";297.3;308.4;1434;44.8;21;"0";0.9909386628880569;0.00906133711194374;"0";"MONITOR"
"M";297.3;308.3;1595;32.2;29;"0";0.9909386628880569;0.00906133711194374;"0";"MONITOR"
"L";297.3;308.3;2188;17.0;32;"0";0.9892485125698094;0.010751487430190837;"0";"MONITOR"
"L";297.3;308.1;1763;28.4;54;"0";0.9895770946139897;0.010422905386010603;"0";"MONITOR"
"L";297.3;308.0;1447;49.0;61;"0";0.9901956444389133;0.009804355561087044;"0";"MONITOR"
"L";297.4;308.1;1348;57.4;66;"0";0.9625670520669877;0.03743294793301216;"0";"MONITOR"
"L";297.4;308.1;1348;53.7;68;"0";0.9628727476118519;0.037127252388147985;"0";"MONITOR"
"M";297.4;308.1;1734;27.7;70;"0";0.9907270591995844;0.009272940800416175;"0";"MONITOR"
"M";297.2;307.9;1456;44.9;85;"0";0.9911555690380258;0.008844430961974709;"0";"MONITOR"
"L";297.1;307.9;1496;44.7;88;"0";0.9901956444389133;0.009804355561087044;"0";"MONITOR"
"L";296.9;307.6;1514;35.7;100;"0";0.9910076011021942;0.008992398897806035;"0";"MONITOR"
"M";296.8;307.4;1455;49.9;102;"0";0.991790674240024;0.008209325759976502;"0";"MONITOR"
"L";297.1;307.8;1406;60.4;133;"0";0.98184075357781;0.018159246422190415;"0";"MONITOR"
"L";297.2;307.9;1825;24.6;142;"0";0.9901242962387626;0.009875703761237692;"0";"MONITOR"
"L";297.2;307.9;1469;48.2;144;"0";0.9901956444389133;0.009804355561087044;"0";"MONITOR"
"L";297.2;308.0;1474;43.7;162;"0";0.9901956444389133;0.009804355561087044;"0";"MONITOR"
"L";297.2;307.9;1540;37.1;164;"0";0.9901956444389133;0.009804355561087044;"0";"MONITOR"
"L";297.1;308.0;1467;42.8;169;"0";0.9901956444389133;0.009804355561087044;"0";"MONITOR"
"L";297.0;307.9;1493;46.1;173;"0";0.9901956444389133;0.009804355561087044;"0";"MONITOR"
"L";297.4;308.0;1383;46.2;188;"0";0.9897939172969628;0.010206082703037623;"0";"MONITOR"
"L";297.3;307.9;1579;34.4;193;"0";0.9901956444389133;0.009804355561087044;"0";"MONITOR"
"L";297.3;308.1;1615;35.4;217;"1";0.9393700039155891;0.060629996084410956;"0";"SCHEDULE"
"L";297.4;308.3;1548;46.6;7;"0";0.9896484428141403;0.010351557185859955;"0";"MONITOR"
"M";297.5;308.4;1685;28.1;15;"0";0.9908673146879061;0.009132685312094388;"0";"MONITOR"
"M";297.3;308.1;1731;27.7;42;"0";0.9907270591995844;0.009272940800416175;"0";"MONITOR"
"L";297.3;308.4;1488;37.4;69;"0";0.9896484428141403;0.010351557185859955;"0";"MONITOR"
"M";297.4;308.5;1566;31.4;76;"0";0.9909386628880569;0.00906133711194374;"0";"MONITOR"
"L";297.4;308.6;1820;24.6;79;"0";0.9895770946139897;0.010422905386010603;"0";"MONITOR"
"M";297.4;308.6;1901;22.1;81;"0";0.9905466253035523;0.00945337469644826;"0";"MONITOR"
"L";297.2;308.3;1805;25.6;103;"0";0.9895770946139897;0.010422905386010603;"0";"MONITOR"
"M";297.2;308.4;1863;26.0;110;"0";0.9907270591995844;0.009272940800416175;"0";"MONITOR"
"L";297.2;308.3;1419;39.7;115;"0";0.9896484428141403;0.010351557185859955;"0";"MONITOR"
"L";297.2;308.4;1833;25.2;117;"0";0.9895770946139897;0.010422905386010603;"0";"MONITOR"
"L";297.1;308.2;1351;56.6;126;"0";0.9625670520669877;0.03743294793301216;"0";"MONITOR"
"L";297.0;308.1;1429;54.0;138;"0";0.9892694903908705;0.010730509609129744;"0";"MONITOR"
"H";297.2;308.1;1770;27.2;140;"0";0.9908105200047256;0.009189479995274821;"0";"MONITOR"
"L";297.3;308.1;1762;26.1;154;"0";0.9895770946139897;0.010422905386010603;"0";"MONITOR"
"L";297.3;308.1;1566;35.7;156;"0";0.9896484428141403;0.010351557185859955;"0";"MONITOR"
"L";297.1;307.8;1681;27.6;181;"0";0.9901242962387626;0.009875703761237692;"0";"MONITOR"
"L";297.3;308.1;1458;45.7;202;"0";0.9814139540416581;0.018586045958342238;"0";"MONITOR"
"H";297.3;308.2;1653;31.4;9;"0";0.9908818682048762;0.00911813179512417;"0";"MONITOR"
"L";297.3;308.3;1494;38.2;14;"0";0.9896484428141403;0.010351557185859955;"0";"MONITOR"
"L";297.3;308.2;1490;41.0;16;"0";0.9896484428141403;0.010351557185859955;"0";"MONITOR"
"M";297.4;308.3;1550;47.8;18;"0";0.9909386628880569;0.00906133711194374;"0";"MONITOR"
"M";297.3;308.2;1677;34.9;21;"0";0.9908673146879061;0.009132685312094388;"0";"MONITOR"
"M";297.5;308.6;1440;38.8;29;"0";0.9909386628880569;0.00906133711194374;"0";"MONITOR"
"M";297.6;308.6;1482;38.3;39;"0";0.9909386628880569;0.00906133711194374;"0";"MONITOR"
"L";297.6;308.6;1526;42.1;57;"0";0.9896484428141403;0.010351557185859955;"0";"MONITOR"
"L";297.4;308.4;1426;50.4;70;"0";0.9892694903908705;0.010730509609129744;"0";"MONITOR"
"L";297.4;308.5;1569;34.2;72;"0";0.9896484428141403;0.010351557185859955;"0";"MONITOR"
"M";297.5;308.6;1486;45.9;78;"0";0.9909386628880569;0.00906133711194374;"0";"MONITOR"
"L";297.7;308.7;1479;45.7;93;"0";0.9896484428141403;0.010351557185859955;"0";"MONITOR"
"H";297.7;308.8;1404;50.3;97;"0";0.9908201398098144;0.0091798601901859;"0";"MONITOR"
"L";297.6;308.6;1522;37.0;106;"0";0.9896484428141403;0.010351557185859955;"0";"MONITOR"
"L";297.5;308.5;1536;36.9;108;"0";0.9896484428141403;0.010351557185859955;"0";"MONITOR"
"L";297.5;308.5;1373;39.9;110;"0";0.9632517000351217;0.03674829996487819;"0";"MONITOR"
"L";297.6;308.5;1452;42.6;116;"0";0.9896484428141403;0.010351557185859955;"0";"MONITOR"
"M";297.5;308.5;1447;41.6;118;"0";0.9909386628880569;0.00906133711194374;"0";"MONITOR"
"L";297.6;308.6;1528;40.0;123;"0";0.9896484428141403;0.010351557185859955;"0";"MONITOR"
"L";297.5;308.6;1546;33.8;139;"0";0.9896484428141403;0.010351557185859955;"0";"MONITOR"
"L";297.6;308.6;1415;47.3;169;"0";0.9896484428141403;0.010351557185859955;"0";"MONITOR"
"M";297.7;308.8;1388;45.6;190;"0";0.9904246949716062;0.009575305028394364;"0";"MONITOR"
"L";297.9;309.1;1504;43.0;4;"0";0.9896484428141403;0.010351557185859955;"0";"MONITOR"
"L";297.9;309.1;1507;36.9;13;"0";0.9896484428141403;0.010351557185859955;"0";"MONITOR"
"L";297.9;309.1;1543;36.6;20;"0";0.9896484428141403;0.010351557185859955;"0";"MONITOR"
"L";297.9;309.0;1502;40.2;30;"0";0.9896484428141403;0.010351557185859955;"0";"MONITOR"
"L";297.9;309.0;1532;37.6;47;"0";0.9896484428141403;0.010351557185859955;"0";"MONITOR"
"L";297.9;308.8;1613;31.4;57;"0";0.9896484428141403;0.010351557185859955;"0";"MONITOR"
"L";297.8;308.7;1404;44.2;62;"0";0.9896484428141403;0.010351557185859955;"0";"MONITOR"
"L";297.8;308.8;1559;35.2;66;"0";0.9896484428141403;0.010351557185859955;"0";"MONITOR"
"M";297.9;308.9;1547;44.0;72;"0";0.9909386628880569;0.00906133711194374;"0";"MONITOR"
"L";298.0;308.9;1390;53.9;88;"0";0.9890969973373772;0.01090300266262293;"0";"MONITOR"
"H";297.7;308.8;1469;43.7;96;"0";0.9908818682048762;0.00911813179512417;"0";"MONITOR"
"M";297.9;309.0;1525;38.5;113;"0";0.9909386628880569;0.00906133711194374;"0";"MONITOR"
"L";298.3;309.1;1403;45.1;138;"0";0.9894759497606471;0.01052405023935314;"0";"MONITOR"
"L";298.3;309.1;1904;20.3;140;"0";0.9892485125698094;0.010751487430190837;"0";"MONITOR"
"L";298.3;308.8;1767;27.3;168;"0";0.9895770946139897;0.010422905386010603;"0";"MONITOR"
"L";298.3;308.9;1862;27.0;172;"0";0.9895770946139897;0.010422905386010603;"0";"MONITOR"
"M";298.3;309.1;1488;40.6;176;"0";0.9909386628880569;0.00906133711194374;"0";"MONITOR"
"M";298.2;309.1;1651;28.8;186;"0";0.9909386628880569;0.00906133711194374;"0";"MONITOR"
"M";298.3;309.1;1296;58.7;201;"0";0.9128356900995162;0.08716430990048407;"0";"SCHEDULE"
"M";298.2;309.0;1694;28.0;5;"0";0.9907270591995844;0.009272940800416175;"0";"MONITOR"
"L";298.2;308.9;1737;25.5;26;"0";0.9895770946139897;0.010422905386010603;"0";"MONITOR"
"L";298.2;308.7;1991;20.5;36;"0";0.9892485125698094;0.010751487430190837;"0";"MONITOR"
"L";298.2;308.7;1428;54.9;45;"0";0.9892694903908705;0.010730509609129744;"0";"MONITOR"
"L";298.2;308.7;1605;29.4;47;"0";0.9896484428141403;0.010351557185859955;"0";"MONITOR"
"L";298.2;308.7;1447;48.4;51;"0";0.9896484428141403;0.010351557185859955;"0";"MONITOR"
"H";298.2;308.8;1606;39.9;53;"0";0.9908818682048762;0.00911813179512417;"0";"MONITOR"
"L";298.2;308.9;1336;45.0;66;"0";0.9632517000351217;0.03674829996487819;"0";"MONITOR"
"M";298.2;308.9;1414;44.3;68;"0";0.9909386628880569;0.00906133711194374;"0";"MONITOR"
"L";298.2;308.9;1683;31.7;74;"0";0.9895770946139897;0.010422905386010603;"0";"MONITOR"
"L";298.2;309.0;1418;44.2;87;"0";0.9896484428141403;0.010351557185859955;"0";"MONITOR"
"L";298.1;309.0;1437;36.2;95;"0";0.9896484428141403;0.010351557185859955;"0";"MONITOR"
"H";298.3;309.1;1646;30.2;125;"0";0.9908818682048762;0.00911813179512417;"0";"MONITOR"
"L";298.4;309.1;1423;48.0;135;"0";0.9896484428141403;0.010351557185859955;"0";"MONITOR"
"L";298.4;309.3;1549;40.8;139;"0";0.9896229046893683;0.010377095310631934;"0";"MONITOR"
"L";298.4;309.2;1335;53.5;168;"0";0.9628472094870798;0.03715279051291997;"0";"MONITOR"
"H";298.5;309.1;2051;19.0;184;"0";0.9904819379605453;0.009518062039455055;"0";"MONITOR"
"M";298.4;309.0;1507;36.1;191;"0";0.9905971880250994;0.009402811974901176;"0";"MONITOR"
"L";298.4;308.9;1496;37.9;194;"0";0.9893069679511829;0.010693032048817393;"0";"MONITOR"
"L";298.4;308.9;1501;50.0;203;"0";0.9758097922026642;0.02419020779733615;"0";"MONITOR"
"M";298.3;308.9;1363;46.1;5;"0";0.9647547668507738;0.03524523314922635;"0";"MONITOR"
"L";298.2;308.8;1616;33.7;16;"0";0.9896484428141403;0.010351557185859955;"0";"MONITOR"
"L";298.2;308.8;1442;47.0;18;"0";0.9896484428141403;0.010351557185859955;"0";"MONITOR"
"M";298.2;308.8;1626;40.4;20;"0";0.9909386628880569;0.00906133711194374;"0";"MONITOR"
"L";298.2;308.7;1780;27.9;35;"0";0.9895770946139897;0.010422905386010603;"0";"MONITOR"
"M";298.2;308.8;1607;31.9;39;"0";0.9909386628880569;0.00906133711194374;"0";"MONITOR"
"L";298.3;308.9;1270;52.7;44;"0";0.9577492292414564;0.042250770758543325;"0";"SCHEDULE"
"L";298.0;308.6;1610;33.1;56;"0";0.9896484428141403;0.010351557185859955;"0";"MONITOR"
"H";297.7;308.4;1288;49.5;91;"0";0.9419190797727586;0.058080920227241234;"0";"SCHEDULE"
"H";297.7;308.3;1488;41.0;101;"0";0.9908818682048762;0.00911813179512417;"0";"MONITOR"
"L";297.6;308.3;1816;28.8;106;"0";0.9895770946139897;0.010422905386010603;"0";"MONITOR"
"L";297.4;308.1;1435;45.7;110;"0";0.9896484428141403;0.010351557185859955;"0";"MONITOR"
"L";297.5;308.2;1610;33.6;115;"0";0.9896484428141403;0.010351557185859955;"0";"MONITOR"
"H";297.5;308.1;1548;38.2;117;"0";0.9908818682048762;0.00911813179512417;"0";"MONITOR"
"M";297.5;308.0;2033;16.7;128;"0";0.9896657714772568;0.010334228522743879;"0";"MONITOR"
"H";297.4;307.9;1390;52.0;131;"0";0.9903941767387227;0.009605823261277712;"0";"MONITOR"
"M";297.5;308.0;1560;39.0;141;"0";0.9911555690380258;0.008844430961974709;"0";"MONITOR"
"H";297.6;308.2;2071;18.5;144;"0";0.9904819379605453;0.009518062039455055;"0";"MONITOR"
"L";297.6;308.1;1437;46.3;149;"0";0.9896484428141403;0.010351557185859955;"0";"MONITOR"
"L";297.7;308.2;1334;53.0;156;"0";0.9628727476118519;0.037127252388147985;"0";"MONITOR"
"L";297.7;308.1;1734;30.7;177;"0";0.9895770946139897;0.010422905386010603;"0";"MONITOR"
"M";297.7;308.1;1469;48.8;183;"0";0.9909386628880569;0.00906133711194374;"0";"MONITOR"
"L";298.0;308.5;1664;28.3;196;"0";0.9892356197510322;0.010764380248968038;"0";"MONITOR"
"L";298.1;308.6;1354;53.9;207;"1";0.8206727398204093;0.17932726017959053;"0";"STOP"
"H";298.1;308.4;1515;43.8;6;"0";0.9908818682048762;0.00911813179512417;"0";"MONITOR"
"L";298.1;308.5;1676;30.5;22;"0";0.9895770946139897;0.010422905386010603;"0";"MONITOR"
"M";298.0;308.5;1585;33.0;24;"0";0.9909386628880569;0.00906133711194374;"0";"MONITOR"
"H";298.2;308.8;1837;28.4;34;"0";0.9908105200047256;0.009189479995274821;"0";"MONITOR"
"L";298.2;308.8;1498;36.0;39;"0";0.9896484428141403;0.010351557185859955;"0";"MONITOR"
"L";298.0;308.6;1626;33.3;50;"0";0.9896484428141403;0.010351557185859955;"0";"MONITOR"
"L";298.0;308.7;1443;49.3;52;"0";0.9896484428141403;0.010351557185859955;"0";"MONITOR"
"M";298.1;308.7;1527;43.0;56;"0";0.9909386628880569;0.00906133711194374;"0";"MONITOR"
"M";298.1;308.7;1315;56.8;59;"0";0.9650111841159014;0.03498881588409886;"0";"MONITOR"
"L";298.1;308.9;2136;15.9;78;"0";0.9873097895020095;0.012690210497990795;"0";"MONITOR"
"H";298.1;308.9;1388;53.5;83;"0";0.9895252584215486;0.010474741578451735;"0";"MONITOR"
"M";298.1;308.8;1434;41.8;93;"0";0.9909386628880569;0.00906133711194374;"0";"MONITOR"
"H";298.0;308.7;1536;39.6;99;"0";0.9908818682048762;0.00911813179512417;"0";"MONITOR"
"M";298.4;309.2;1399;45.2;125;"0";0.9906552279830835;0.009344772016916983;"0";"MONITOR"
"L";298.5;309.3;1570;40.1;131;"0";0.9896229046893683;0.010377095310631934;"0";"MONITOR"
"M";298.5;309.3;1552;36.8;133;"0";0.9908277210365768;0.009172278963423795;"0";"MONITOR"
"L";298.6;309.4;1471;48.0;141;"0";0.9896229046893683;0.010377095310631934;"0";"MONITOR"
"L";298.6;309.4;1375;55.4;145;"0";0.9645674987064855;0.035432501293514294;"0";"MONITOR"
"L";298.6;309.4;1698;33.2;147;"0";0.9895515564892176;0.010448443510782583;"0";"MONITOR"
"L";298.7;309.5;1446;40.0;160;"0";0.9896229046893683;0.010377095310631934;"0";"MONITOR"
"M";298.8;309.6;1693;33.3;170;"0";0.9906161173481043;0.009383882651896231;"0";"MONITOR"
"L";298.9;309.6;1663;33.7;195;"0";0.988924308515047;0.011075691484953363;"0";"MONITOR"
"L";298.9;309.6;1583;39.8;202;"0";0.9811281809304448;0.018871819069555585;"0";"MONITOR"
"M";298.9;309.6;1567;34.5;204;"0";0.9766477547227548;0.023352245277245984;"0";"MONITOR"
"L";298.9;309.7;1407;41.9;207;"0";0.9702287927501849;0.029771207249815416;"0";"MONITOR"
"M";299.0;309.7;1489;40.7;212;"0";0.9652510191958753;0.034748980804125265;"0";"MONITOR"
"L";299.1;309.9;1586;36.6;215;"0";0.9527784312228259;0.047221568777174434;"0";"SCHEDULE"
"H";299.3;310.4;1548;41.6;25;"0";0.9906140906943149;0.009385909305685442;"0";"MONITOR"
"L";299.3;310.5;1505;38.8;30;"0";0.9890519267532002;0.010948073246800053;"0";"MONITOR"
"M";299.2;310.4;1502;39.8;34;"0";0.9905425162116219;0.009457483788378572;"0";"MONITOR"
"L";299.0;310.1;1416;45.9;47;"0";0.9890519267532002;0.010948073246800053;"0";"MONITOR"
"L";299.0;310.2;1682;28.8;49;"0";0.9889805785530495;0.011019421446950704;"0";"MONITOR"
"M";299.0;310.2;1657;32.3;64;"0";0.9905425162116219;0.009457483788378572;"0";"MONITOR"
"L";299.1;310.3;1411;42.1;74;"0";0.9890519267532002;0.010948073246800053;"0";"MONITOR"
"L";299.1;310.3;1459;46.7;84;"0";0.9890519267532002;0.010948073246800053;"0";"MONITOR"
"L";299.3;310.5;1818;26.0;102;"0";0.9889805785530495;0.011019421446950704;"0";"MONITOR"
"M";299.3;310.6;1457;42.1;104;"0";0.989574774276138;0.010425225723862444;"0";"MONITOR"
"M";299.4;310.8;1628;40.2;111;"0";0.9904856980298038;0.009514301970196754;"0";"MONITOR"
"M";299.5;310.9;1378;48.7;119;"0";0.9664973909457839;0.03350260905421639;"0";"MONITOR"
"L";299.6;311.1;1679;30.7;129;"0";0.9889805785530495;0.011019421446950704;"0";"MONITOR"
"M";299.6;311.1;1649;33.8;133;"0";0.9904856980298038;0.009514301970196754;"0";"MONITOR"
"M";299.3;310.8;1523;40.9;141;"0";0.989574774276138;0.010425225723862444;"0";"MONITOR"
"L";299.3;310.7;1495;39.2;144;"0";0.9890519267532002;0.010948073246800053;"0";"MONITOR"
"L";299.5;310.9;1496;38.5;162;"0";0.9890519267532002;0.010948073246800053;"0";"MONITOR"
"L";299.6;310.9;1853;26.3;166;"0";0.9889805785530495;0.011019421446950704;"0";"MONITOR"
"M";299.8;311.1;1763;25.5;171;"0";0.9902740943413313;0.009725905658669189;"0";"MONITOR"
"L";299.8;311.1;1820;24.9;174;"0";0.9889805785530495;0.011019421446950704;"0";"MONITOR"
"L";299.7;310.9;1384;48.2;188;"0";0.9886501996112497;0.011349800388750633;"0";"MONITOR"
"M";299.7;310.8;1405;47.6;192;"0";0.9901442231668465;0.00985577683315419;"0";"MONITOR"
"L";299.7;310.9;1491;40.1;195;"0";0.9887104518902429;0.011289548109757495;"0";"MONITOR"
"L";299.3;310.5;1529;41.3;17;"0";0.9890519267532002;0.010948073246800053;"0";"MONITOR"
"L";299.4;310.6;1348;54.5;22;"0";0.9579043367436385;0.042095663256361354;"0";"SCHEDULE"
"H";299.3;310.4;1510;45.5;27;"0";0.9906140906943149;0.009385909305685442;"0";"MONITOR"
"L";299.2;310.4;1379;46.8;39;"0";0.963193857208116;0.03680614279188407;"0";"MONITOR"
"L";299.1;310.2;1352;52.8;41;"0";0.9579043367436385;0.042095663256361354;"0";"SCHEDULE"
"M";298.9;310.1;1484;37.9;73;"0";0.9905425162116219;0.009457483788378572;"0";"MONITOR"
"L";298.9;310.1;1571;36.8;78;"0";0.9890519267532002;0.010948073246800053;"0";"MONITOR"
"M";299.0;310.2;1625;31.8;89;"0";0.9905425162116219;0.009457483788378572;"0";"MONITOR"
"L";299.0;310.2;1377;62.5;92;"1";0.8323220033067257;0.16767799669327438;"0";"STOP"
"M";299.0;310.0;2049;19.5;111;"0";0.989381300695033;0.01061869930496751;"0";"MONITOR"
"L";298.9;310.1;1356;47.8;116;"0";0.9579043367436385;0.042095663256361354;"0";"SCHEDULE"
"M";298.9;310.0;1487;36.6;129;"0";0.9905425162116219;0.009457483788378572;"0";"MONITOR"
"L";299.0;310.0;1672;33.2;144;"0";0.9889805785530495;0.011019421446950704;"0";"MONITOR"
"M";299.0;310.0;1337;57.4;146;"0";0.9613015565068685;0.03869844349313167;"0";"MONITOR"
"H";299.3;310.4;1393;44.9;162;"0";0.9803798692457599;0.019620130754240354;"0";"MONITOR"
"L";299.3;310.4;1725;26.8;167;"0";0.9889805785530495;0.011019421446950704;"0";"MONITOR"
"L";299.4;310.4;1509;40.6;175;"0";0.9890519267532002;0.010948073246800053;"0";"MONITOR"
"L";299.3;310.4;1629;32.6;177;"0";0.9890519267532002;0.010948073246800053;"0";"MONITOR"
"L";299.4;310.5;1749;28.1;179;"0";0.9889805785530495;0.011019421446950704;"0";"MONITOR"
"M";299.1;310.0;1437;41.1;192;"0";0.9902010413486646;0.00979895865133601;"0";"MONITOR"
"M";299.1;310.0;1580;36.0;195;"0";0.9902010413486646;0.00979895865133601;"0";"MONITOR"
"L";299.1;310.0;1367;56.3;203;"1";0.8832573816533017;0.11674261834669851;"0";"SCHEDULE"
"L";299.0;310.1;1623;33.0;210;"0";0.9680111592143185;0.03198884078568197;"0";"MONITOR"
"L";299.0;309.9;1548;34.5;214;"0";0.9564253995042341;0.0435746004957661;"0";"SCHEDULE"
"L";298.9;309.8;1287;61.9;216;"1";0.5128472461315375;0.4871527538684625;"0";"STOP"
"L";299.1;310.1;1435;48.8;229;"1";0.8756313735313974;0.12436862646860279;"0";"SCHEDULE"
"L";299.2;310.3;1352;48.9;238;"1";0.6867533247242454;0.31324667527575445;"0";"STOP"
"L";299.0;310.2;1690;30.7;244;"0";0.8615688252334506;0.1384311747665496;"0";"SCHEDULE"
"L";299.0;310.2;1412;44.1;246;"0";0.44850346498736987;0.5514965350126301;"1";"STOP"
"L";299.0;310.1;2033;19.3;15;"0";0.9889805785530495;0.011019421446950704;"0";"MONITOR"
"L";299.1;310.2;1598;33.4;20;"0";0.9890519267532002;0.010948073246800053;"0";"MONITOR"
"L";299.1;310.1;1894;24.2;22;"0";0.9889805785530495;0.011019421446950704;"0";"MONITOR"
"M";299.0;310.0;1338;56.4;29;"0";0.9613015565068685;0.03869844349313167;"0";"MONITOR"
"L";299.1;310.1;1486;40.7;39;"0";0.9890519267532002;0.010948073246800053;"0";"MONITOR"
"L";299.1;310.1;1367;45.6;44;"0";0.9579043367436385;0.042095663256361354;"0";"SCHEDULE"
"L";298.9;310.0;1693;28.8;56;"0";0.9889805785530495;0.011019421446950704;"0";"MONITOR"
"M";298.8;309.8;1413;45.5;64;"0";0.990370738622311;0.009629261377689527;"0";"MONITOR"
"L";298.8;309.8;1663;28.2;67;"0";0.9888088009637386;0.011191199036261663;"0";"MONITOR"
"L";298.8;309.8;1508;36.3;69;"0";0.9888801491638892;0.011119850836111014;"0";"MONITOR"
"M";298.9;309.8;1353;53.7;71;"0";0.9546136280900401;0.04538637190996;"0";"SCHEDULE"
"L";298.9;310.0;1482;41.1;82;"0";0.9890519267532002;0.010948073246800053;"0";"MONITOR"
"L";299.0;310.1;1699;32.9;87;"0";0.9889805785530495;0.011019421446950704;"0";"MONITOR"
"L";299.1;310.1;1336;61.3;94;"0";0.9144443318889883;0.08555566811101184;"0";"SCHEDULE"
"H";299.1;310.1;1429;42.9;96;"0";0.9905523622992531;0.009447637700747169;"0";"MONITOR"
"L";299.1;310.2;1496;45.0;104;"0";0.9890519267532002;0.010948073246800053;"0";"MONITOR"
"L";299.1;310.1;1894;20.1;106;"0";0.9889805785530495;0.011019421446950704;"0";"MONITOR"
"H";298.8;309.8;1911;21.6;126;"0";0.9892565708942591;0.010743429105741109;"0";"MONITOR"
"L";298.8;309.8;1461;39.4;141;"0";0.9888801491638892;0.011119850836111014;"0";"MONITOR"
"L";298.7;309.8;1695;29.0;145;"0";0.9888088009637386;0.011191199036261663;"0";"MONITOR"
"L";298.8;310.0;1389;49.6;149;"0";0.988879433699707;0.011120566300293247;"0";"MONITOR"
"M";298.9;310.1;1655;31.5;172;"0";0.9905425162116219;0.009457483788378572;"0";"MONITOR"
"L";298.9;310.1;1495;42.9;175;"0";0.9890519267532002;0.010948073246800053;"0";"MONITOR"
"H";298.8;310.1;1483;45.4;192;"0";0.9865334065163074;0.013466593483692963;"0";"MONITOR"
"L";298.6;309.9;1615;28.8;199;"0";0.9881382474924081;0.011861752507592244;"0";"MONITOR"
"L";298.6;309.8;1561;32.6;201;"0";0.9850889706567943;0.014911029343206017;"0";"MONITOR"
"L";298.5;309.8;1593;35.1;203;"0";0.975445989100455;0.024554010899545436;"0";"MONITOR"
"H";298.5;309.7;1561;35.3;208;"0";0.9697893058180028;0.030210694181997556;"0";"MONITOR"
"M";298.6;309.9;1517;34.0;215;"0";0.9587618232978424;0.04123817670215804;"0";"SCHEDULE"
"L";298.6;309.7;1925;22.1;7;"0";0.9889372013338241;0.011062798666176162;"0";"MONITOR"
"H";298.6;309.5;1584;31.8;27;"0";0.9908563300801042;0.00914366991989615;"0";"MONITOR"
"L";298.5;309.5;1561;34.8;35;"0";0.9896229046893683;0.010377095310631934;"0";"MONITOR"
"L";298.5;309.4;1560;37.9;37;"0";0.9896229046893683;0.010377095310631934;"0";"MONITOR"
"L";298.6;309.6;1387;57.6;50;"0";0.9888589429797976;0.01114105702020265;"0";"MONITOR"
"L";298.7;309.9;1404;47.1;64;"0";0.9888801491638892;0.011119850836111014;"0";"MONITOR"
"H";298.7;309.7;1697;29.8;74;"0";0.9907849818799535;0.009215018120046803;"0";"MONITOR"
"L";298.6;309.5;1483;43.2;92;"0";0.9896229046893683;0.010377095310631934;"0";"MONITOR"
"M";298.5;309.4;1521;37.5;94;"0";0.9908277210365768;0.009172278963423795;"0";"MONITOR"
"H";298.5;309.4;1414;46.7;102;"0";0.9907946016850424;0.00920539831495788;"0";"MONITOR"
"L";298.5;309.3;1590;33.9;107;"0";0.9896229046893683;0.010377095310631934;"0";"MONITOR"
"L";298.5;309.3;1623;33.1;109;"0";0.9896229046893683;0.010377095310631934;"0";"MONITOR"
"L";298.5;309.3;1471;44.7;119;"0";0.9896229046893683;0.010377095310631934;"0";"MONITOR"
"H";298.5;309.3;1421;50.3;124;"0";0.9907946016850424;0.00920539831495788;"0";"MONITOR"
"M";298.4;309.3;1496;45.6;129;"0";0.9908277210365768;0.009172278963423795;"0";"MONITOR"
"L";298.4;309.2;1692;29.8;137;"0";0.9895515564892176;0.010448443510782583;"0";"MONITOR"
"L";298.4;309.2;1651;28.5;141;"0";0.9896229046893683;0.010377095310631934;"0";"MONITOR"
"L";298.3;309.1;1417;60.5;143;"0";0.9812935519530369;0.018706448046963323;"0";"MONITOR"
"M";298.2;309.0;1441;44.2;147;"0";0.9909386628880569;0.00906133711194374;"0";"MONITOR"
"M";298.2;309.0;1353;50.3;150;"0";0.967886634982642;0.03211336501735822;"0";"MONITOR"
"M";298.2;309.1;1411;45.8;157;"0";0.9909386628880569;0.00906133711194374;"0";"MONITOR"
"M";298.6;309.4;1464;36.9;179;"0";0.9908277210365768;0.009172278963423795;"0";"MONITOR"
"L";298.3;309.3;1337;56.1;206;"1";0.8586097077044553;0.1413902922955446;"0";"SCHEDULE"
"L";298.4;309.3;1542;35.4;208;"0";0.9705145658613982;0.029485434138602072;"0";"MONITOR"
"L";298.4;309.3;1545;36.9;3;"0";0.9896229046893683;0.010377095310631934;"0";"MONITOR"
"L";298.4;309.2;1425;45.5;11;"0";0.9896229046893683;0.010377095310631934;"0";"MONITOR"
"M";298.4;309.2;1491;51.2;13;"0";0.9908277210365768;0.009172278963423795;"0";"MONITOR"
"L";298.4;309.3;1395;47.6;24;"0";0.989450411635875;0.010549588364125123;"0";"MONITOR"
"L";298.3;309.2;1383;52.1;26;"0";0.988842225124148;0.011157774875852304;"0";"MONITOR"
"L";298.3;309.1;1421;47.4;33;"0";0.9896484428141403;0.010351557185859955;"0";"MONITOR"
"L";298.3;309.0;1339;58.8;35;"0";0.9613898095435289;0.03861019045647099;"0";"MONITOR"
"M";298.5;309.3;1498;34.6;46;"0";0.9908277210365768;0.009172278963423795;"0";"MONITOR"
"M";298.5;309.3;1761;27.2;49;"0";0.9906161173481043;0.009383882651896231;"0";"MONITOR"
"L";298.6;309.4;1316;51.4;52;"0";0.9600011152269627;0.039998884773037015;"0";"MONITOR"
"H";298.6;309.4;1362;45.3;56;"0";0.9671392837573548;0.03286071624264509;"0";"MONITOR"
"H";298.7;309.6;1755;26.9;73;"0";0.9907849818799535;0.009215018120046803;"0";"MONITOR"
"M";298.9;309.9;1645;31.4;86;"0";0.990370738622311;0.009629261377689527;"0";"MONITOR"
"L";299.0;309.9;1411;44.7;94;"0";0.9888801491638892;0.011119850836111014;"0";"MONITOR"
"L";298.9;309.9;1526;35.4;96;"0";0.9888801491638892;0.011119850836111014;"0";"MONITOR"
"L";298.9;309.8;1616;36.5;110;"0";0.9888801491638892;0.011119850836111014;"0";"MONITOR"
"M";298.9;309.8;1363;50.6;115;"0";0.9645282243633322;0.03547177563666806;"0";"MONITOR"
"L";298.8;309.7;1374;58.6;123;"0";0.9626346932542722;0.0373653067457277;"0";"MONITOR"
"L";298.8;309.8;1753;27.5;130;"0";0.9888088009637386;0.011191199036261663;"0";"MONITOR"
"L";298.8;309.5;1368;44.7;147;"0";0.9632261619103497;0.03677383808965017;"0";"MONITOR"
"L";298.8;309.5;1374;48.1;159;"0";0.9632261619103497;0.03677383808965017;"0";"MONITOR"
"H";298.9;309.7;1407;48.6;161;"0";0.990897447363729;0.009102552636271433;"0";"MONITOR"
"L";298.6;309.0;1456;47.7;0;"0";0.9896484428141403;0.010351557185859955;"0";"MONITOR"
"L";298.6;309.0;1469;46.0;4;"0";0.9896484428141403;0.010351557185859955;"0";"MONITOR"
"L";298.5;308.8;1670;29.6;13;"0";0.9895770946139897;0.010422905386010603;"0";"MONITOR"
"M";298.5;308.7;1662;28.3;15;"0";0.9909386628880569;0.00906133711194374;"0";"MONITOR"
"H";298.5;308.7;1450;43.9;28;"0";0.9908818682048762;0.00911813179512417;"0";"MONITOR"
"M";298.5;308.6;1384;54.4;44;"0";0.9896610233373473;0.01033897666265344;"0";"MONITOR"
"L";298.3;308.3;1432;46.9;65;"0";0.9896484428141403;0.010351557185859955;"0";"MONITOR"
"L";298.4;308.3;1452;48.5;73;"0";0.9896484428141403;0.010351557185859955;"0";"MONITOR"
"H";298.3;308.1;2636;12.8;84;"0";0.10475438681607767;0.8952456131839223;"1";"STOP"
"M";298.3;308.1;1722;28.6;89;"0";0.9907270591995844;0.009272940800416175;"0";"MONITOR"
"L";298.3;308.0;1578;37.8;101;"0";0.9901956444389133;0.009804355561087044;"0";"MONITOR"
"M";298.2;307.9;1529;36.6;105;"0";0.9911555690380258;0.008844430961974709;"0";"MONITOR"
"L";298.2;307.8;1804;25.1;108;"0";0.9901242962387626;0.009875703761237692;"0";"MONITOR"
"M";298.1;307.9;1446;42.8;121;"0";0.9911555690380258;0.008844430961974709;"0";"MONITOR"
"L";298.1;307.8;1606;33.0;130;"0";0.9901956444389133;0.009804355561087044;"0";"MONITOR"
"M";298.1;307.8;1525;35.9;132;"0";0.9911555690380258;0.008844430961974709;"0";"MONITOR"
"L";298.1;307.8;1379;49.1;135;"0";0.967299838836704;0.03270016116329605;"0";"MONITOR"
"L";298.2;307.8;1575;35.0;137;"0";0.9901956444389133;0.009804355561087044;"0";"MONITOR"
"L";298.3;307.9;1435;39.9;143;"0";0.9901956444389133;0.009804355561087044;"0";"MONITOR"
"L";298.3;307.9;1703;28.9;147;"0";0.9901242962387626;0.009875703761237692;"0";"MONITOR"
"L";298.4;308.0;1605;32.4;154;"0";0.9901956444389133;0.009804355561087044;"0";"MONITOR"
"H";298.4;308.1;1891;24.7;158;"0";0.9904819379605453;0.009518062039455055;"0";"MONITOR"
"H";298.6;308.3;1377;52.1;181;"0";0.9697233435447248;0.03027665645527514;"0";"MONITOR"
"M";298.7;308.4;1507;45.7;192;"0";0.9905971880250994;0.009402811974901176;"0";"MONITOR"
"M";298.9;308.4;1827;26.1;5;"0";0.9907270591995844;0.009272940800416175;"0";"MONITOR"
"L";298.8;308.3;1634;27.9;12;"0";0.9896484428141403;0.010351557185859955;"0";"MONITOR"
"H";298.9;308.4;1632;31.8;17;"0";0.9909847138835626;0.009015286116437725;"0";"MONITOR"
