Type,Air temperature [K],Process temperature [K],Rotational speed [rpm],Torque [Nm],Tool wear [min],Machine failure,confidence(0),confidence(1),prediction(Machine failure),failure_probability,recommended_action,expected_cost,cost_if_monitor,cost_if_schedule,cost_if_stop
M,298.1,308.6,1551,42.8,0,0,0.9909386628880568,0.0090613371119437,0,0.0090613371119437,MONITOR,163.1040680149866,163.1040680149866,304.5306685559719,598.1877325776113
L,298.2,308.7,1408,46.3,3,0,0.9896484428141404,0.0103515571858599,0,0.0103515571858599,MONITOR,186.3280293454782,186.3280293454782,305.17577859292993,597.929688562828
M,298.3,308.7,1667,28.6,18,0,0.990867314687906,0.0091326853120943,0,0.0091326853120943,MONITOR,164.3883356176974,164.3883356176974,304.56634265604714,598.1734629375811
M,298.5,309.0,1741,28.0,21,0,0.9907270591995844,0.0092729408004161,0,0.0092729408004161,MONITOR,166.91293440748981,166.91293440748981,304.63647040020805,598.1454118399167
H,298.4,308.9,1782,23.9,24,0,0.9908105200047256,0.0091894799952748,0,0.0091894799952748,MONITOR,165.41063991494642,165.41063991494642,304.5947399976374,598.1621040009451
M,298.9,309.3,1632,32.5,55,0,0.9908277210365768,0.0091722789634237,0,0.0091722789634237,MONITOR,165.1010213416266,165.1010213416266,304.5861394817118,598.1655442073153
L,298.8,309.3,1450,44.8,63,0,0.9896229046893684,0.0103770953106319,0,0.0103770953106319,MONITOR,186.7877155913742,186.7877155913742,305.188547655316,597.9245809378737
L,299.0,309.4,1693,30.1,84,0,0.9895515564892176,0.0104484435107825,0,0.0104484435107825,MONITOR,188.071983194085,188.071983194085,305.2242217553912,597.9103112978435
L,299.0,309.4,1798,25.5,89,0,0.9895515564892176,0.0104484435107825,0,0.0104484435107825,MONITOR,188.071983194085,188.071983194085,305.2242217553912,597.9103112978435
H,298.9,309.2,1379,50.7,106,0,0.9711479439367104,0.0288520560632893,0,0.0288520560632893,SCHEDULE,314.42602803164465,519.3370091392073,314.42602803164465,594.2295887873421
M,298.8,309.1,1472,47.5,125,0,0.9909386628880568,0.0090613371119437,0,0.0090613371119437,MONITOR,163.1040680149866,163.1040680149866,304.5306685559719,598.1877325776113
M,298.7,309.0,1843,25.8,130,0,0.9907270591995844,0.0092729408004161,0,0.0092729408004161,MONITOR,166.91293440748981,166.91293440748981,304.63647040020805,598.1454118399167
H,298.8,309.2,1425,53.9,135,0,0.9901001093313572,0.009899890668643,0,0.009899890668643,MONITOR,178.198032035574,178.198032035574,304.94994533432146,598.0200218662713
L,298.9,309.1,2861,4.6,143,1,0.0,1.0,1,1.0,STOP,400.0,18000.0,800.0,400.0
L,298.8,309.1,1512,40.7,156,0,0.9896484428141404,0.0103515571858599,0,0.0103515571858599,MONITOR,186.3280293454782,186.3280293454782,305.17577859292993,597.929688562828
M,298.8,309.0,1661,29.5,162,0,0.9909386628880568,0.0090613371119437,0,0.0090613371119437,MONITOR,163.1040680149866,163.1040680149866,304.5306685559719,598.1877325776113
L,298.8,309.1,1393,52.6,167,0,0.9890969973373772,0.0109030026626229,0,0.0109030026626229,MONITOR,196.25404792721218,196.25404792721218,305.4515013313114,597.8193994674754
M,298.9,309.0,1812,25.9,174,0,0.9907270591995844,0.0092729408004161,0,0.0092729408004161,MONITOR,166.91293440748981,166.91293440748981,304.63647040020805,598.1454118399167
L,299.0,309.1,1523,38.6,177,0,0.9896484428141404,0.0103515571858599,0,0.0103515571858599,MONITOR,186.3280293454782,186.3280293454782,305.17577859292993,597.929688562828
H,298.8,308.9,1466,44.1,184,0,0.9908818682048762,0.0091181317951241,0,0.0091181317951241,MONITOR,164.1263723122338,164.1263723122338,304.55906589756205,598.1763736409753
L,298.9,309.1,1452,45.5,196,0,0.9893069679511828,0.0106930320488173,0,0.0106930320488173,MONITOR,192.47457687871142,192.47457687871142,305.34651602440863,597.8613935902365
L,298.9,309.0,1601,32.3,202,0,0.981413954041658,0.0185860459583422,0,0.0185860459583422,SCHEDULE,309.2930229791711,334.5488272501596,309.2930229791711,596.2827908083315
L,298.8,308.9,1379,46.7,204,0,0.938702555685264,0.061297444314736,0,0.061297444314736,SCHEDULE,330.64872215736796,1103.353997665248,330.64872215736796,587.7405111370527
L,298.8,308.9,1455,41.3,208,1,0.9705145658613982,0.029485434138602,0,0.029485434138602,SCHEDULE,314.74271706930097,530.737814494836,314.74271706930097,594.1029131722795
L,299.0,309.0,1469,40.1,13,0,0.9896484428141404,0.0103515571858599,0,0.0103515571858599,MONITOR,186.3280293454782,186.3280293454782,305.17577859292993,597.929688562828
L,299.0,309.0,1544,31.8,25,0,0.9896484428141404,0.0103515571858599,0,0.0103515571858599,MONITOR,186.3280293454782,186.3280293454782,305.17577859292993,597.929688562828
M,298.9,308.9,1487,39.5,30,0,0.9909386628880568,0.0090613371119437,0,0.0090613371119437,MONITOR,163.1040680149866,163.1040680149866,304.5306685559719,598.1877325776113
L,299.0,308.9,1622,31.9,42,0,0.9896484428141404,0.0103515571858599,0,0.0103515571858599,MONITOR,186.3280293454782,186.3280293454782,305.17577859292993,597.929688562828
L,298.8,308.7,1450,43.4,66,0,0.9896484428141404,0.0103515571858599,0,0.0103515571858599,MONITOR,186.3280293454782,186.3280293454782,305.17577859292993,597.929688562828
L,298.8,308.7,1591,31.1,68,0,0.9896484428141404,0.0103515571858599,0,0.0103515571858599,MONITOR,186.3280293454782,186.3280293454782,305.17577859292993,597.929688562828
H,298.9,308.8,1621,32.7,75,0,0.9909847138835626,0.0090152861164377,0,0.0090152861164377,MONITOR,162.27515009587862,162.27515009587862,304.50764305821883,598.1969427767125
L,298.8,308.6,1872,22.5,82,0,0.9892485125698094,0.0107514874301908,0,0.0107514874301908,MONITOR,193.5267737434344,193.5267737434344,305.3757437150954,597.8497025139618
L,298.8,308.6,1599,33.0,101,0,0.9896484428141404,0.0103515571858599,0,0.0103515571858599,MONITOR,186.3280293454782,186.3280293454782,305.17577859292993,597.929688562828
M,298.8,308.6,1707,28.1,103,0,0.9907270591995844,0.0092729408004161,0,0.0092729408004161,MONITOR,166.91293440748981,166.91293440748981,304.63647040020805,598.1454118399167
L,299.0,308.6,1329,60.5,120,0,0.9570960794188392,0.0429039205811604,0,0.0429039205811604,SCHEDULE,321.4519602905802,772.2705704608873,321.4519602905802,591.419215883768
L,298.9,308.5,1559,34.3,126,0,0.9896484428141404,0.0103515571858599,0,0.0103515571858599,MONITOR,186.3280293454782,186.3280293454782,305.17577859292993,597.929688562828
L,298.8,308.4,1369,53.0,138,0,0.962872747611852,0.0371272523881479,0,0.0371272523881479,SCHEDULE,318.56362619407395,668.2905429866622,318.56362619407395,592.5745495223704
H,298.7,308.5,1420,45.7,143,0,0.9908201398098144,0.0091798601901859,0,0.0091798601901859,MONITOR,165.2374834233462,165.2374834233462,304.58993009509294,598.1640279619628
L,298.4,308.3,1473,39.9,184,0,0.9896484428141404,0.0103515571858599,0,0.0103515571858599,MONITOR,186.3280293454782,186.3280293454782,305.17577859292993,597.929688562828
L,298.4,308.2,1528,36.2,196,0,0.9893069679511828,0.0106930320488173,0,0.0106930320488173,MONITOR,192.47457687871142,192.47457687871142,305.34651602440863,597.8613935902365
H,298.4,308.2,1987,19.8,198,0,0.990140463097588,0.0098595369024124,0,0.0098595369024124,MONITOR,177.47166424342322,177.47166424342322,304.9297684512062,598.0280926195176
M,298.4,308.1,1495,46.0,203,0,0.9760852352746392,0.0239147647253614,0,0.0239147647253614,SCHEDULE,311.95738236268073,430.46576505650523,311.95738236268073,595.2170470549278
H,298.4,308.2,1478,43.5,206,0,0.9706630830105936,0.0293369169894068,0,0.0293369169894068,SCHEDULE,314.6684584947034,528.0645058093224,314.6684584947034,594.1326166021187
M,298.5,308.3,1440,43.6,5,0,0.9909386628880568,0.0090613371119437,0,0.0090613371119437,MONITOR,163.1040680149866,163.1040680149866,304.5306685559719,598.1877325776113
H,298.4,308.3,1458,42.9,15,0,0.9908818682048762,0.0091181317951241,0,0.0091181317951241,MONITOR,164.1263723122338,164.1263723122338,304.55906589756205,598.1763736409753
L,298.4,308.3,1433,62.3,20,1,0.7207539549740508,0.2792460450259492,0,0.2792460450259492,SCHEDULE,439.62302251297456,5026.428810467085,439.62302251297456,544.1507909948102
L,298.4,308.3,1318,59.1,22,0,0.9613898095435288,0.0386101904564709,0,0.0386101904564709,SCHEDULE,319.3050952282355,694.9834282164762,319.3050952282355,592.2779619087058
L,298.2,308.1,1462,50.8,27,0,0.9892694903908704,0.0107305096091297,0,0.0107305096091297,MONITOR,193.1491729643346,193.1491729643346,305.36525480456487,597.8538980781741
L,298.2,308.1,1382,43.5,37,0,0.9892467156721898,0.0107532843278105,0,0.0107532843278105,MONITOR,193.559117900589,193.559117900589,305.3766421639052,597.8493431344378
L,298.2,308.1,1618,34.7,39,0,0.9896484428141404,0.0103515571858599,0,0.0103515571858599,MONITOR,186.3280293454782,186.3280293454782,305.17577859292993,597.929688562828
L,298.2,308.2,1436,50.2,43,0,0.9892694903908704,0.0107305096091297,0,0.0107305096091297,MONITOR,193.1491729643346,193.1491729643346,305.36525480456487,597.8538980781741
M,298.1,308.2,1342,48.1,54,0,0.957886634982642,0.0421133650173582,0,0.0421133650173582,SCHEDULE,321.0566825086791,758.0405703124476,321.0566825086791,591.5773269965283
L,298.1,308.3,1301,56.0,63,0,0.9599407653586745,0.0400592346413252,0,0.0400592346413252,SCHEDULE,320.0296173206626,721.0662235438537,320.0296173206626,591.9881530717349
L,298.3,308.5,1606,33.6,67,0,0.9896484428141404,0.0103515571858599,0,0.0103515571858599,MONITOR,186.3280293454782,186.3280293454782,305.17577859292993,597.929688562828
M,298.3,308.4,1539,43.4,69,0,0.9909386628880568,0.0090613371119437,0,0.0090613371119437,MONITOR,163.1040680149866,163.1040680149866,304.5306685559719,598.1877325776113
L,298.2,308.4,1477,49.9,72,0,0.9892694903908704,0.0107305096091297,0,0.0107305096091297,MONITOR,193.1491729643346,193.1491729643346,305.36525480456487,597.8538980781741
H,298.3,308.6,1432,49.5,91,0,0.9908201398098144,0.0091798601901859,0,0.0091798601901859,MONITOR,165.2374834233462,165.2374834233462,304.58993009509294,598.1640279619628
L,298.4,308.7,1588,35.0,99,0,0.9896484428141404,0.0103515571858599,0,0.0103515571858599,MONITOR,186.3280293454782,186.3280293454782,305.17577859292993,597.929688562828
L,298.4,308.6,1433,47.1,101,0,0.9896484428141404,0.0103515571858599,0,0.0103515571858599,MONITOR,186.3280293454782,186.3280293454782,305.17577859292993,597.929688562828
L,298.4,308.6,1609,35.0,103,0,0.9896484428141404,0.0103515571858599,0,0.0103515571858599,MONITOR,186.3280293454782,186.3280293454782,305.17577859292993,597.929688562828
L,298.4,308.5,1741,32.8,112,0,0.9895770946139896,0.0104229053860106,0,0.0104229053860106,MONITOR,187.6122969481908,187.6122969481908,305.2114526930053,597.9154189227979
M,298.5,308.6,1344,53.0,114,0,0.967886634982642,0.0321133650173582,0,0.0321133650173582,SCHEDULE,316.0566825086791,578.0405703124477,316.0566825086791,593.5773269965283
M,298.4,308.7,1421,60.7,119,1,0.9444844072391194,0.0555155927608808,0,0.0555155927608808,SCHEDULE,327.75779638044037,999.2806696958544,327.75779638044037,588.8968814478238
L,298.5,308.7,1575,33.9,128,0,0.9896484428141404,0.0103515571858599,0,0.0103515571858599,MONITOR,186.3280293454782,186.3280293454782,305.17577859292993,597.929688562828
L,298.4,308.7,1386,44.9,135,0,0.9894759497606472,0.0105240502393531,0,0.0105240502393531,MONITOR,189.4329043083558,189.4329043083558,305.26202511967654,597.8951899521294
M,298.3,308.5,1434,46.2,148,0,0.9909386628880568,0.0090613371119437,0,0.0090613371119437,MONITOR,163.1040680149866,163.1040680149866,304.5306685559719,598.1877325776113
L,298.4,308.6,1304,45.0,158,0,0.9606254133268084,0.0393745866731912,0,0.0393745866731912,SCHEDULE,319.6872933365956,708.7425601174416,319.6872933365956,592.1250826653617
L,298.4,308.6,1569,34.4,160,0,0.9896484428141404,0.0103515571858599,0,0.0103515571858599,MONITOR,186.3280293454782,186.3280293454782,305.17577859292993,597.929688562828
L,298.3,308.4,1329,49.2,166,0,0.9632517000351216,0.0367482999648781,0,0.0367482999648781,SCHEDULE,318.37414998243906,661.4693993678057,318.37414998243906,592.6503400070244
L,298.3,308.5,1539,36.1,168,0,0.9896484428141404,0.0103515571858599,0,0.0103515571858599,MONITOR,186.3280293454782,186.3280293454782,305.17577859292993,597.929688562828
L,298.3,308.5,1538,32.2,173,0,0.9896484428141404,0.0103515571858599,0,0.0103515571858599,MONITOR,186.3280293454782,186.3280293454782,305.17577859292993,597.929688562828
L,298.3,308.6,1570,34.8,175,0,0.9896484428141404,0.0103515571858599,0,0.0103515571858599,MONITOR,186.3280293454782,186.3280293454782,305.17577859292993,597.929688562828
L,298.2,308.4,1512,34.9,181,0,0.9896484428141404,0.0103515571858599,0,0.0103515571858599,MONITOR,186.3280293454782,186.3280293454782,305.17577859292993,597.929688562828
M,298.1,308.3,1680,33.7,185,0,0.990867314687906,0.0091326853120943,0,0.0091326853120943,MONITOR,164.3883356176974,164.3883356176974,304.56634265604714,598.1734629375811
M,298.0,308.1,1339,51.6,197,0,0.9672032797778044,0.032796720222196,0,0.032796720222196,SCHEDULE,316.398360111098,590.340963999528,316.398360111098,593.4406559555607
M,297.9,308.1,1627,31.4,209,0,0.9704110565101036,0.0295889434898971,0,0.0295889434898971,SCHEDULE,314.79447174494857,532.6009828181478,314.79447174494857,594.0822113020206
L,298.0,308.3,1362,56.8,216,1,0.6881779034388948,0.3118220965611052,0,0.3118220965611052,SCHEDULE,455.9110482805526,5612.797738099894,455.9110482805526,537.635580687779
M,298.0,308.2,1466,42.6,2,0,0.9909386628880568,0.0090613371119437,0,0.0090613371119437,MONITOR,163.1040680149866,163.1040680149866,304.5306685559719,598.1877325776113
M,298.1,308.2,1420,63.9,19,1,0.5968647699991688,0.4031352300008313,0,0.4031352300008313,SCHEDULE,501.5676150004157,7256.434140014963,501.5676150004157,519.3729539998337
M,298.2,308.3,1522,49.1,22,0,0.9909386628880568,0.0090613371119437,0,0.0090613371119437,MONITOR,163.1040680149866,163.1040680149866,304.5306685559719,598.1877325776113
L,298.0,308.0,1401,54.7,65,0,0.9896441989621502,0.01035580103785,0,0.01035580103785,MONITOR,186.4044186813,186.4044186813,305.177900518925,597.92883979243
M,298.0,308.0,1620,29.4,75,0,0.9911555690380258,0.0088444309619747,0,0.0088444309619747,MONITOR,159.1997573155446,159.1997573155446,304.42221548098735,598.231113807605
L,298.2,308.2,1469,43.0,88,0,0.9896484428141404,0.0103515571858599,0,0.0103515571858599,MONITOR,186.3280293454782,186.3280293454782,305.17577859292993,597.929688562828
L,298.0,308.5,1395,46.2,122,0,0.9894759497606472,0.0105240502393531,0,0.0105240502393531,MONITOR,189.4329043083558,189.4329043083558,305.26202511967654,597.8951899521294
H,297.9,308.5,2129,18.7,126,0,0.9904819379605452,0.009518062039455,0,0.009518062039455,MONITOR,171.32511671019,171.32511671019,304.7590310197275,598.096387592109
L,297.7,308.4,1740,27.1,136,0,0.9895770946139896,0.0104229053860106,0,0.0104229053860106,MONITOR,187.6122969481908,187.6122969481908,305.2114526930053,597.9154189227979
L,297.8,308.4,1374,47.1,150,0,0.9632517000351216,0.0367482999648781,0,0.0367482999648781,SCHEDULE,318.37414998243906,661.4693993678057,318.37414998243906,592.6503400070244
M,297.8,308.4,1579,36.6,152,0,0.9909386628880568,0.0090613371119437,0,0.0090613371119437,MONITOR,163.1040680149866,163.1040680149866,304.5306685559719,598.1877325776113
L,297.9,308.5,1305,47.2,155,0,0.9606254133268084,0.0393745866731912,0,0.0393745866731912,SCHEDULE,319.6872933365956,708.7425601174416,319.6872933365956,592.1250826653617
M,298.0,308.6,1453,44.1,165,0,0.9909386628880568,0.0090613371119437,0,0.0090613371119437,MONITOR,163.1040680149866,163.1040680149866,304.5306685559719,598.1877325776113
L,297.8,308.4,1685,28.4,179,0,0.9895770946139896,0.0104229053860106,0,0.0104229053860106,MONITOR,187.6122969481908,187.6122969481908,305.2114526930053,597.9154189227979
L,297.8,308.5,1448,40.0,192,0,0.9893069679511828,0.0106930320488173,0,0.0106930320488173,MONITOR,192.47457687871142,192.47457687871142,305.34651602440863,597.8613935902365
H,297.7,308.5,1720,29.9,210,0,0.9678568771070912,0.0321431228929093,0,0.0321431228929093,SCHEDULE,316.07156144645467,578.5762120723674,316.07156144645467,593.5713754214181
M,297.6,308.3,1538,40.2,0,0,0.9909386628880568,0.0090613371119437,0,0.0090613371119437,MONITOR,163.1040680149866,163.1040680149866,304.5306685559719,598.1877325776113
L,297.5,308.2,1647,31.3,3,0,0.9896484428141404,0.0103515571858599,0,0.0103515571858599,MONITOR,186.3280293454782,186.3280293454782,305.17577859292993,597.929688562828
M,297.5,308.2,1713,32.2,17,0,0.9907270591995844,0.0092729408004161,0,0.0092729408004161,MONITOR,166.91293440748981,166.91293440748981,304.63647040020805,598.1454118399167
M,297.4,308.2,1530,32.6,22,0,0.9909386628880568,0.0090613371119437,0,0.0090613371119437,MONITOR,163.1040680149866,163.1040680149866,304.5306685559719,598.1877325776113
L,297.5,308.3,1388,48.6,27,0,0.9894759497606472,0.0105240502393531,0,0.0105240502393531,MONITOR,189.4329043083558,189.4329043083558,305.26202511967654,597.8951899521294
M,297.5,308.3,1459,45.2,34,0,0.9909386628880568,0.0090613371119437,0,0.0090613371119437,MONITOR,163.1040680149866,163.1040680149866,304.5306685559719,598.1877325776113
L,297.5,308.3,1544,40.8,37,0,0.9896484428141404,0.0103515571858599,0,0.0103515571858599,MONITOR,186.3280293454782,186.3280293454782,305.17577859292993,597.929688562828
L,297.6,308.3,1623,36.9,61,0,0.9896484428141404,0.0103515571858599,0,0.0103515571858599,MONITOR,186.3280293454782,186.3280293454782,305.17577859292993,597.929688562828
M,297.6,308.4,1398,48.9,63,0,0.9907661698345636,0.0092338301654369,0,0.0092338301654369,MONITOR,166.2089429778642,166.2089429778642,304.61691508271844,598.1532339669126
H,297.6,308.3,1640,30.9,79,0,0.9908818682048762,0.0091181317951241,0,0.0091181317951241,MONITOR,164.1263723122338,164.1263723122338,304.55906589756205,598.1763736409753
L,297.6,308.3,1438,47.8,84,0,0.9896484428141404,0.0103515571858599,0,0.0103515571858599,MONITOR,186.3280293454782,186.3280293454782,305.17577859292993,597.929688562828
M,297.6,308.5,1552,40.9,90,0,0.9909386628880568,0.0090613371119437,0,0.0090613371119437,MONITOR,163.1040680149866,163.1040680149866,304.5306685559719,598.1877325776113
L,297.4,308.3,1412,42.0,111,0,0.9896484428141404,0.0103515571858599,0,0.0103515571858599,MONITOR,186.3280293454782,186.3280293454782,305.17577859292993,597.929688562828
L,297.4,308.3,1431,43.0,113,0,0.9896484428141404,0.0103515571858599,0,0.0103515571858599,MONITOR,186.3280293454782,186.3280293454782,305.17577859292993,597.929688562828
L,297.4,308.2,1533,37.4,115,0,0.9896484428141404,0.0103515571858599,0,0.0103515571858599,MONITOR,186.3280293454782,186.3280293454782,305.17577859292993,597.929688562828
M,297.4,308.2,1424,53.9,120,0,0.9900627504792978,0.0099372495207028,0,0.0099372495207028,MONITOR,178.8704913726504,178.8704913726504,304.9686247603514,598.0125500958594
M,297.5,308.6,1842,27.0,133,0,0.9907270591995844,0.0092729408004161,0,0.0092729408004161,MONITOR,166.91293440748981,166.91293440748981,304.63647040020805,598.1454118399167
L,297.6,308.7,1455,48.2,145,0,0.9896484428141404,0.0103515571858599,0,0.0103515571858599,MONITOR,186.3280293454782,186.3280293454782,305.17577859292993,597.929688562828
L,297.6,308.6,1491,38.1,152,0,0.9896484428141404,0.0103515571858599,0,0.0103515571858599,MONITOR,186.3280293454782,186.3280293454782,305.17577859292993,597.929688562828
M,297.6,308.5,1490,43.4,154,0,0.9909386628880568,0.0090613371119437,0,0.0090613371119437,MONITOR,163.1040680149866,163.1040680149866,304.5306685559719,598.1877325776113
L,297.4,308.3,1490,42.6,164,0,0.9896484428141404,0.0103515571858599,0,0.0103515571858599,MONITOR,186.3280293454782,186.3280293454782,305.17577859292993,597.929688562828
L,297.4,308.6,1678,32.3,180,0,0.9895770946139896,0.0104229053860106,0,0.0104229053860106,MONITOR,187.6122969481908,187.6122969481908,305.2114526930053,597.9154189227979
L,297.3,308.6,1273,59.8,182,0,0.9248904312606884,0.0751095687393116,0,0.0751095687393116,SCHEDULE,337.55478436965575,1351.9722373076088,337.55478436965575,584.9780862521376
L,297.3,308.6,1297,45.9,184,0,0.9592495534143634,0.0407504465856365,0,0.0407504465856365,SCHEDULE,320.37522329281825,733.508038541457,320.37522329281825,591.8499106828727
L,297.4,308.6,1439,51.9,188,0,0.9892694903908704,0.0107305096091297,0,0.0107305096091297,MONITOR,193.1491729643346,193.1491729643346,305.36525480456487,597.8538980781741
L,297.4,308.4,1588,32.5,207,0,0.9698666426865746,0.0301333573134256,0,0.0301333573134256,SCHEDULE,315.0666786567128,542.4004316416608,315.0666786567128,593.9733285373148
L,297.5,308.4,1511,42.8,209,0,0.9698666426865746,0.0301333573134256,0,0.0301333573134256,SCHEDULE,315.0666786567128,542.4004316416608,315.0666786567128,593.9733285373148
M,297.3,308.3,1301,39.6,5,0,0.9632807314894604,0.0367192685105396,0,0.0367192685105396,SCHEDULE,318.3596342552698,660.9468331897128,318.3596342552698,592.6561462978921
L,297.3,308.3,1484,43.9,13,0,0.9896484428141404,0.0103515571858599,0,0.0103515571858599,MONITOR,186.3280293454782,186.3280293454782,305.17577859292993,597.929688562828
M,297.3,308.4,1665,28.9,17,0,0.990867314687906,0.0091326853120943,0,0.0091326853120943,MONITOR,164.3883356176974,164.3883356176974,304.56634265604714,598.1734629375811
L,297.4,308.5,1501,44.9,20,0,0.9896484428141404,0.0103515571858599,0,0.0103515571858599,MONITOR,186.3280293454782,186.3280293454782,305.17577859292993,597.929688562828
M,297.5,308.5,1496,42.2,22,0,0.9909386628880568,0.0090613371119437,0,0.0090613371119437,MONITOR,163.1040680149866,163.1040680149866,304.5306685559719,598.1877325776113
M,297.6,308.6,1595,36.9,25,0,0.9909386628880568,0.0090613371119437,0,0.0090613371119437,MONITOR,163.1040680149866,163.1040680149866,304.5306685559719,598.1877325776113
L,297.5,308.6,1208,62.3,28,0,0.8482215170869611,0.1517784829130389,0,0.1517784829130389,SCHEDULE,375.88924145651947,2732.0126924347,375.88924145651947,569.6443034173922
M,297.5,308.5,1484,44.7,40,0,0.9909386628880568,0.0090613371119437,0,0.0090613371119437,MONITOR,163.1040680149866,163.1040680149866,304.5306685559719,598.1877325776113
L,297.3,308.3,1538,38.5,47,0,0.9896484428141404,0.0103515571858599,0,0.0103515571858599,MONITOR,186.3280293454782,186.3280293454782,305.17577859292993,597.929688562828
L,297.4,308.4,1341,52.2,49,0,0.962872747611852,0.0371272523881479,0,0.0371272523881479,SCHEDULE,318.56362619407395,668.2905429866622,318.56362619407395,592.5745495223704
H,297.5,308.5,1393,46.6,56,0,0.9807753063307892,0.019224693669211,0,0.019224693669211,SCHEDULE,309.6123468346055,346.044486045798,309.6123468346055,596.1550612661578
L,297.4,308.4,1582,37.2,68,0,0.9896484428141404,0.0103515571858599,0,0.0103515571858599,MONITOR,186.3280293454782,186.3280293454782,305.17577859292993,597.929688562828
H,297.5,308.6,1440,46.1,84,0,0.9908818682048762,0.0091181317951241,0,0.0091181317951241,MONITOR,164.1263723122338,164.1263723122338,304.55906589756205,598.1763736409753
L,297.4,308.6,1276,53.6,103,0,0.9588925211751448,0.0411074788248549,0,0.0411074788248549,SCHEDULE,320.5537394124275,739.9346188473883,320.5537394124275,591.7785042350291
H,297.3,308.6,1431,42.0,109,0,0.9908201398098144,0.0091798601901859,0,0.0091798601901859,MONITOR,165.2374834233462,165.2374834233462,304.58993009509294,598.1640279619628
L,297.4,308.7,1433,43.4,116,0,0.9896484428141404,0.0103515571858599,0,0.0103515571858599,MONITOR,186.3280293454782,186.3280293454782,305.17577859292993,597.929688562828
M,297.3,308.6,1456,42.9,122,0,0.9909386628880568,0.0090613371119437,0,0.0090613371119437,MONITOR,163.1040680149866,163.1040680149866,304.5306685559719,598.1877325776113
L,297.3,308.7,1619,31.6,129,0,0.9896484428141404,0.0103515571858599,0,0.0103515571858599,MONITOR,186.3280293454782,186.3280293454782,305.17577859292993,597.929688562828
M,297.4,309.0,1497,41.8,144,0,0.9909386628880568,0.0090613371119437,0,0.0090613371119437,MONITOR,163.1040680149866,163.1040680149866,304.5306685559719,598.1877325776113
L,297.4,309.0,1570,37.9,154,0,0.9896484428141404,0.0103515571858599,0,0.0103515571858599,MONITOR,186.3280293454782,186.3280293454782,305.17577859292993,597.929688562828
L,297.4,309.0,1833,22.6,161,0,0.9895770946139896,0.0104229053860106,0,0.0104229053860106,MONITOR,187.6122969481908,187.6122969481908,305.2114526930053,597.9154189227979
M,297.5,309.2,1347,55.8,188,0,0.9666794889042468,0.0333205110957535,0,0.0333205110957535,SCHEDULE,316.6602555478768,599.769199723563,316.6602555478768,593.3358977808493
L,297.4,309.2,1420,45.6,193,0,0.9892814298264108,0.0107185701735893,0,0.0107185701735893,MONITOR,192.93426312460738,192.93426312460738,305.3592850867946,597.856285965282
L,297.5,309.3,1404,43.5,195,0,0.9892814298264108,0.0107185701735893,0,0.0107185701735893,MONITOR,192.93426312460738,192.93426312460738,305.3592850867946,597.856285965282
L,297.5,309.3,1470,38.8,197,0,0.9892814298264108,0.0107185701735893,0,0.0107185701735893,MONITOR,192.93426312460738,192.93426312460738,305.3592850867946,597.856285965282
M,297.5,309.2,1804,27.4,215,0,0.9575436665028562,0.0424563334971443,0,0.0424563334971443,SCHEDULE,321.22816674857216,764.2140029485973,321.22816674857216,591.5087333005712
L,297.7,309.3,1893,24.6,15,0,0.9892229744450374,0.0107770255549628,0,0.0107770255549628,MONITOR,193.9864599893304,193.9864599893304,305.38851277748137,597.8445948890073
L,297.5,309.3,1479,39.4,22,0,0.9896229046893684,0.0103770953106319,0,0.0103770953106319,MONITOR,186.7877155913742,186.7877155913742,305.188547655316,597.9245809378737
L,297.4,309.2,1620,33.2,28,0,0.9896229046893684,0.0103770953106319,0,0.0103770953106319,MONITOR,186.7877155913742,186.7877155913742,305.188547655316,597.9245809378737
L,297.5,309.3,1732,29.9,32,0,0.9895515564892176,0.0104484435107825,0,0.0104484435107825,MONITOR,188.071983194085,188.071983194085,305.2242217553912,597.9103112978435
M,297.5,309.4,1391,58.2,34,0,0.9895590237561684,0.0104409762438322,0,0.0104409762438322,MONITOR,187.93757238897962,187.93757238897962,305.2204881219161,597.9118047512336
M,297.6,309.6,1592,35.8,57,0,0.9908277210365768,0.0091722789634237,0,0.0091722789634237,MONITOR,165.1010213416266,165.1010213416266,304.5861394817118,598.1655442073153
L,297.5,309.3,1623,33.4,74,0,0.9896229046893684,0.0103770953106319,0,0.0103770953106319,MONITOR,186.7877155913742,186.7877155913742,305.188547655316,597.9245809378737
L,297.4,309.3,1759,24.8,81,0,0.9895515564892176,0.0104484435107825,0,0.0104484435107825,MONITOR,188.071983194085,188.071983194085,305.2242217553912,597.9103112978435
H,297.4,309.3,1516,43.0,83,0,0.9908563300801042,0.0091436699198961,0,0.0091436699198961,MONITOR,164.5860585581298,164.5860585581298,304.57183495994803,598.1712660160208
L,297.4,309.4,1296,52.3,96,0,0.9602209227787668,0.039779077221233,0,0.039779077221233,SCHEDULE,319.8895386106165,716.023389982194,319.8895386106165,592.0441845557534
L,297.6,309.4,1958,22.1,108,0,0.9892229744450374,0.0107770255549628,0,0.0107770255549628,MONITOR,193.9864599893304,193.9864599893304,305.38851277748137,597.8445948890073
L,297.4,309.3,1332,53.2,115,0,0.9628472094870798,0.0371527905129199,0,0.0371527905129199,SCHEDULE,318.57639525645993,668.7502292325581,318.57639525645993,592.569441897416
L,297.4,309.2,1274,54.3,121,0,0.9584827226407318,0.041517277359268,0,0.041517277359268,SCHEDULE,320.758638679634,747.310992466824,320.758638679634,591.6965445281464
M,297.4,309.4,1539,42.2,134,0,0.9908277210365768,0.0091722789634237,0,0.0091722789634237,MONITOR,165.1010213416266,165.1010213416266,304.5861394817118,598.1655442073153
L,297.5,309.4,1357,50.1,137,0,0.9628472094870798,0.0371527905129199,0,0.0371527905129199,SCHEDULE,318.57639525645993,668.7502292325581,318.57639525645993,592.569441897416
H,297.7,309.7,1570,35.8,160,0,0.9908563300801042,0.0091436699198961,0,0.0091436699198961,MONITOR,164.5860585581298,164.5860585581298,304.57183495994803,598.1712660160208
M,297.6,309.7,1541,33.7,165,0,0.9908277210365768,0.0091722789634237,0,0.0091722789634237,MONITOR,165.1010213416266,165.1010213416266,304.5861394817118,598.1655442073153
L,297.8,309.7,1935,22.1,171,0,0.988937201333824,0.0110627986661761,0,0.0110627986661761,MONITOR,199.1303759911698,199.1303759911698,305.5313993330881,597.7874402667647
L,297.8,309.9,1351,49.0,181,0,0.9579043367436384,0.0420956632563613,0,0.0420956632563613,SCHEDULE,321.0478316281807,757.7219386145034,321.0478316281807,591.5808673487278
L,297.9,309.9,1472,45.0,183,0,0.9888801491638892,0.011119850836111,0,0.011119850836111,MONITOR,200.157315049998,200.157315049998,305.5599254180555,597.7760298327778
M,297.9,309.9,1410,55.4,188,0,0.9892745343953958,0.0107254656046047,0,0.0107254656046047,MONITOR,193.0583808828846,193.0583808828846,305.3627328023024,597.8549068790791
L,297.8,309.8,1533,36.8,198,0,0.988538674300932,0.0114613256990684,0,0.0114613256990684,MONITOR,206.3038625832312,206.3038625832312,305.7306628495342,597.7077348601864
L,297.8,309.7,1394,42.9,206,0,0.9717504931175992,0.0282495068824011,0,0.0282495068824011,SCHEDULE,314.12475344120054,508.4911238832198,314.12475344120054,594.3500986235198
L,297.8,309.7,1341,49.2,208,0,0.916271225418628,0.0837287745813721,0,0.0837287745813721,SCHEDULE,341.86438729068607,1507.1179424646978,341.86438729068607,583.2542450837256
H,297.7,309.6,1697,32.2,210,0,0.9678568771070912,0.0321431228929093,0,0.0321431228929093,SCHEDULE,316.07156144645467,578.5762120723674,316.07156144645467,593.5713754214181
H,297.5,309.5,1668,27.9,240,0,0.8670717189248692,0.132928281075131,0,0.132928281075131,SCHEDULE,366.4641405375655,2392.709059352358,366.4641405375655,573.4143437849738
M,297.6,309.6,1330,53.1,7,0,0.9643019446574134,0.0356980553425867,0,0.0356980553425867,SCHEDULE,317.84902767129336,642.5649961665606,317.84902767129336,592.8603889314827
H,297.6,309.6,1428,46.6,13,0,0.9907946016850424,0.0092053983149578,0,0.0092053983149578,MONITOR,165.6971696692404,165.6971696692404,304.6026991574789,598.1589203370085
L,297.7,309.6,1480,47.9,18,0,0.9893371315781552,0.0106628684218452,0,0.0106628684218452,MONITOR,191.9316315932136,191.9316315932136,305.33143421092257,597.867426315631
L,297.9,309.7,2194,16.8,27,0,0.988937201333824,0.0110627986661761,0,0.0110627986661761,MONITOR,199.1303759911698,199.1303759911698,305.5313993330881,597.7874402667647
L,297.9,309.8,1336,71.6,31,1,0.0,1.0,1,1.0,STOP,400.0,18000.0,800.0,400.0
L,298.0,309.9,1403,47.7,43,0,0.988707656110396,0.0112923438896042,0,0.0112923438896042,MONITOR,203.26219001287558,203.26219001287558,305.6461719448021,597.7415312220792
L,298.1,309.9,1629,32.5,45,0,0.9888801491638892,0.011119850836111,0,0.011119850836111,MONITOR,200.157315049998,200.157315049998,305.5599254180555,597.7760298327778
L,298.1,309.9,1634,30.0,53,0,0.9888801491638892,0.011119850836111,0,0.011119850836111,MONITOR,200.157315049998,200.157315049998,305.5599254180555,597.7760298327778
M,298.0,309.9,1445,45.2,55,0,0.990370738622311,0.0096292613776895,0,0.0096292613776895,MONITOR,173.326704798411,173.326704798411,304.8146306888448,598.0741477244621
L,298.1,309.9,1642,30.4,58,0,0.9888801491638892,0.011119850836111,0,0.011119850836111,MONITOR,200.157315049998,200.157315049998,305.5599254180555,597.7760298327778
H,298.1,309.9,1686,29.1,60,0,0.9892565708942592,0.0107434291057411,0,0.0107434291057411,MONITOR,193.3817239033398,193.3817239033398,305.37171455287057,597.8513141788518
L,298.4,310.1,1926,23.7,83,0,0.9889805785530495,0.0110194214469507,0,0.0110194214469507,MONITOR,198.3495860451126,198.3495860451126,305.5097107234754,597.7961157106099
H,298.3,310.1,1509,37.6,85,0,0.9905112450156284,0.0094887549843718,0,0.0094887549843718,MONITOR,170.7975897186924,170.7975897186924,304.7443774921859,598.1022490031256
L,298.3,310.1,1523,45.9,99,0,0.9890519267532002,0.0109480732468,0,0.0109480732468,MONITOR,197.06531844239998,197.06531844239998,305.47403662339997,597.81038535064
L,298.4,310.0,1554,37.3,103,0,0.9890519267532002,0.0109480732468,0,0.0109480732468,MONITOR,197.06531844239998,197.06531844239998,305.47403662339997,597.81038535064
L,298.0,309.6,1536,37.3,120,0,0.9893371315781552,0.0106628684218452,0,0.0106628684218452,MONITOR,191.9316315932136,191.9316315932136,305.33143421092257,597.867426315631
L,298.0,309.6,1403,51.3,122,0,0.9891646385246616,0.0108353614753384,0,0.0108353614753384,MONITOR,195.0365065560912,195.0365065560912,305.41768073766923,597.8329277049323
M,297.9,309.6,1515,38.8,124,0,0.9908277210365768,0.0091722789634237,0,0.0091722789634237,MONITOR,165.1010213416266,165.1010213416266,304.5861394817118,598.1655442073153
L,297.7,309.4,1392,44.1,140,0,0.989450411635875,0.0105495883641251,0,0.0105495883641251,MONITOR,189.8925905542518,189.8925905542518,305.2747941820625,597.8900823271749
H,297.7,309.3,1400,48.9,147,0,0.9906221086315492,0.009377891368451,0,0.009377891368451,MONITOR,168.802044632118,168.802044632118,304.6889456842255,598.1244217263098
M,297.7,309.2,1732,28.8,152,0,0.9906161173481044,0.0093838826518962,0,0.0093838826518962,MONITOR,168.9098877341316,168.9098877341316,304.6919413259481,598.1232234696207
L,297.6,309.2,1611,33.1,155,0,0.9896229046893684,0.0103770953106319,0,0.0103770953106319,MONITOR,186.7877155913742,186.7877155913742,305.188547655316,597.9245809378737
L,297.6,309.1,1503,38.9,157,0,0.9896484428141404,0.0103515571858599,0,0.0103515571858599,MONITOR,186.3280293454782,186.3280293454782,305.17577859292993,597.929688562828
L,297.8,309.3,2015,20.1,161,0,0.9892229744450374,0.0107770255549628,0,0.0107770255549628,MONITOR,193.9864599893304,193.9864599893304,305.38851277748137,597.8445948890073
L,297.8,309.2,1683,30.9,163,0,0.9895515564892176,0.0104484435107825,0,0.0104484435107825,MONITOR,188.071983194085,188.071983194085,305.2242217553912,597.9103112978435
L,297.7,309.1,1562,36.8,172,0,0.9896484428141404,0.0103515571858599,0,0.0103515571858599,MONITOR,186.3280293454782,186.3280293454782,305.17577859292993,597.929688562828
L,297.5,308.9,1469,44.0,185,0,0.9896484428141404,0.0103515571858599,0,0.0103515571858599,MONITOR,186.3280293454782,186.3280293454782,305.17577859292993,597.929688562828
L,297.5,308.9,1554,34.8,204,0,0.976188744625934,0.0238112553740663,0,0.0238112553740663,SCHEDULE,311.9056276870332,428.60259673319337,311.9056276870332,595.2377489251868
M,297.6,308.9,1433,43.2,206,0,0.9725806800523412,0.0274193199476593,0,0.0274193199476593,SCHEDULE,313.7096599738296,493.5477590578674,313.7096599738296,594.5161360104681
M,297.8,309.1,1432,42.6,17,0,0.9909386628880568,0.0090613371119437,0,0.0090613371119437,MONITOR,163.1040680149866,163.1040680149866,304.5306685559719,598.1877325776113
M,297.7,309.0,1656,33.2,20,0,0.9909386628880568,0.0090613371119437,0,0.0090613371119437,MONITOR,163.1040680149866,163.1040680149866,304.5306685559719,598.1877325776113
H,297.6,309.0,1735,26.4,41,0,0.9908105200047256,0.0091894799952748,0,0.0091894799952748,MONITOR,165.41063991494642,165.41063991494642,304.5947399976374,598.1621040009451
L,297.7,309.1,1563,39.3,56,0,0.9896484428141404,0.0103515571858599,0,0.0103515571858599,MONITOR,186.3280293454782,186.3280293454782,305.17577859292993,597.929688562828
L,297.7,309.1,1479,42.1,58,0,0.9896484428141404,0.0103515571858599,0,0.0103515571858599,MONITOR,186.3280293454782,186.3280293454782,305.17577859292993,597.929688562828
L,297.6,309.1,1394,50.0,62,0,0.9890969973373772,0.0109030026626229,0,0.0109030026626229,MONITOR,196.25404792721218,196.25404792721218,305.4515013313114,597.8193994674754
L,297.6,309.0,1487,45.4,64,0,0.9896484428141404,0.0103515571858599,0,0.0103515571858599,MONITOR,186.3280293454782,186.3280293454782,305.17577859292993,597.929688562828
M,297.6,309.0,1815,25.3,66,0,0.9907270591995844,0.0092729408004161,0,0.0092729408004161,MONITOR,166.91293440748981,166.91293440748981,304.63647040020805,598.1454118399167
L,297.6,308.8,1539,40.2,72,0,0.9896484428141404,0.0103515571858599,0,0.0103515571858599,MONITOR,186.3280293454782,186.3280293454782,305.17577859292993,597.929688562828
H,297.5,308.7,1416,39.2,74,0,0.9908201398098144,0.0091798601901859,0,0.0091798601901859,MONITOR,165.2374834233462,165.2374834233462,304.58993009509294,598.1640279619628
M,297.6,308.8,1683,31.6,79,0,0.990867314687906,0.0091326853120943,0,0.0091326853120943,MONITOR,164.3883356176974,164.3883356176974,304.56634265604714,598.1734629375811
L,297.7,308.8,1515,40.1,82,0,0.9896484428141404,0.0103515571858599,0,0.0103515571858599,MONITOR,186.3280293454782,186.3280293454782,305.17577859292993,597.929688562828
H,297.7,308.9,1479,40.9,87,0,0.9908818682048762,0.0091181317951241,0,0.0091181317951241,MONITOR,164.1263723122338,164.1263723122338,304.55906589756205,598.1763736409753
M,297.8,309.0,1434,43.3,96,0,0.9909386628880568,0.0090613371119437,0,0.0090613371119437,MONITOR,163.1040680149866,163.1040680149866,304.5306685559719,598.1877325776113
M,297.5,308.7,1697,28.1,107,0,0.9907270591995844,0.0092729408004161,0,0.0092729408004161,MONITOR,166.91293440748981,166.91293440748981,304.63647040020805,598.1454118399167
H,297.4,308.6,1420,45.8,120,0,0.9908201398098144,0.0091798601901859,0,0.0091798601901859,MONITOR,165.2374834233462,165.2374834233462,304.58993009509294,598.1640279619628
L,297.4,308.7,1545,36.9,125,0,0.9896484428141404,0.0103515571858599,0,0.0103515571858599,MONITOR,186.3280293454782,186.3280293454782,305.17577859292993,597.929688562828
M,297.4,308.9,1500,46.3,137,0,0.9909386628880568,0.0090613371119437,0,0.0090613371119437,MONITOR,163.1040680149866,163.1040680149866,304.5306685559719,598.1877325776113
L,297.5,308.9,1390,44.6,140,0,0.9894759497606472,0.0105240502393531,0,0.0105240502393531,MONITOR,189.4329043083558,189.4329043083558,305.26202511967654,597.8951899521294
M,297.4,308.8,1628,37.4,144,0,0.9909386628880568,0.0090613371119437,0,0.0090613371119437,MONITOR,163.1040680149866,163.1040680149866,304.5306685559719,598.1877325776113
M,297.4,308.7,1425,50.3,152,0,0.9909386628880568,0.0090613371119437,0,0.0090613371119437,MONITOR,163.1040680149866,163.1040680149866,304.5306685559719,598.1877325776113
L,297.2,308.6,1924,22.1,163,0,0.9892485125698094,0.0107514874301908,0,0.0107514874301908,MONITOR,193.5267737434344,193.5267737434344,305.3757437150954,597.8497025139618
M,297.1,308.4,1421,42.0,165,0,0.9909386628880568,0.0090613371119437,0,0.0090613371119437,MONITOR,163.1040680149866,163.1040680149866,304.5306685559719,598.1877325776113
L,296.9,308.3,1555,38.2,175,0,0.9897543044099056,0.0102456955900944,0,0.0102456955900944,MONITOR,184.4225206216992,184.4225206216992,305.1228477950472,597.9508608819812
L,296.8,308.3,1506,45.9,182,0,0.9894107795106198,0.0105892204893804,0,0.0105892204893804,MONITOR,190.60596880884722,190.60596880884722,305.2946102446902,597.8821559021239
L,296.9,308.4,1390,41.8,184,0,0.9895818113564124,0.0104181886435876,0,0.0104181886435876,MONITOR,187.5273955845768,187.5273955845768,305.2090943217938,597.9163622712825
M,296.9,308.4,1450,46.9,186,0,0.9910445244838224,0.0089554755161782,0,0.0089554755161782,MONITOR,161.1985592912076,161.1985592912076,304.47773775808906,598.2089048967644
L,296.7,308.0,1451,50.7,197,0,0.9896742598064928,0.0103257401935075,0,0.0103257401935075,MONITOR,185.863323483135,185.863323483135,305.16287009675375,597.9348519612986
L,296.9,308.1,1422,48.7,215,0,0.9507087654136538,0.0492912345863462,0,0.0492912345863462,SCHEDULE,324.6456172931731,887.2422225542316,324.6456172931731,590.1417530827307
M,296.7,307.8,1537,36.3,233,0,0.909609781108954,0.0903902188910465,0,0.0903902188910465,SCHEDULE,345.19510944552326,1627.0239400388368,345.19510944552326,581.9219562217907
L,296.7,307.8,1505,39.4,236,0,0.9462803007648206,0.0537196992351797,0,0.0537196992351797,SCHEDULE,326.8598496175898,966.9545862332345,326.8598496175898,589.2560601529641
L,296.8,308.0,1561,38.3,9,0,0.989927555171904,0.0100724448280963,0,0.0100724448280963,MONITOR,181.3040069057334,181.3040069057334,305.03622241404815,597.9855110343807
L,296.9,308.0,1546,31.1,11,0,0.9903015060346788,0.0096984939653215,0,0.0096984939653215,MONITOR,174.572891375787,174.572891375787,304.8492469826607,598.0603012069356
L,296.9,308.0,1343,44.5,15,0,0.96390476325566,0.0360952367443397,0,0.0360952367443397,SCHEDULE,318.0476183721699,649.7142613981146,318.0476183721699,592.7809526511321
L,296.8,308.0,1391,54.4,17,0,0.9893761096951408,0.0106238903048593,0,0.0106238903048593,MONITOR,191.2300254874674,191.2300254874674,305.31194515242964,597.875221939028
H,296.8,308.0,1311,58.6,19,0,0.9619854573986544,0.0380145426013454,0,0.0380145426013454,SCHEDULE,319.0072713006727,684.2617668242173,319.0072713006727,592.3970914797309
L,296.7,307.8,1453,46.0,33,0,0.9900532122297624,0.0099467877702377,0,0.0099467877702377,MONITOR,179.0421798642786,179.0421798642786,304.97339388511887,598.0106424459525
L,296.8,308.0,1675,29.7,46,0,0.9898562069717532,0.0101437930282469,0,0.0101437930282469,MONITOR,182.5882745084442,182.5882745084442,305.07189651412347,597.9712413943506
M,296.9,308.0,1497,44.8,57,0,0.9912614306337914,0.0087385693662091,0,0.0087385693662091,MONITOR,157.2942485917638,157.2942485917638,304.3692846831046,598.2522861267582
M,296.9,308.1,1440,46.3,64,0,0.9910445244838224,0.0089554755161782,0,0.0089554755161782,MONITOR,161.1985592912076,161.1985592912076,304.47773775808906,598.2089048967644
M,296.9,308.0,1641,33.3,67,0,0.9912614306337914,0.0087385693662091,0,0.0087385693662091,MONITOR,157.2942485917638,157.2942485917638,304.3692846831046,598.2522861267582
L,296.8,307.9,1420,45.4,70,0,0.989927555171904,0.0100724448280963,0,0.0100724448280963,MONITOR,181.3040069057334,181.3040069057334,305.03622241404815,597.9855110343807
L,296.9,307.8,1605,37.0,84,0,0.9903015060346788,0.0096984939653215,0,0.0096984939653215,MONITOR,174.572891375787,174.572891375787,304.8492469826607,598.0603012069356
M,296.9,307.8,1828,24.6,91,0,0.991049826945319,0.0089501730546816,0,0.0089501730546816,MONITOR,161.1031149842688,161.1031149842688,304.4750865273408,598.2099653890638
M,297.0,307.9,1422,53.0,115,0,0.9911555690380258,0.0088444309619747,0,0.0088444309619747,MONITOR,159.1997573155446,159.1997573155446,304.42221548098735,598.231113807605
L,297.0,307.7,1867,22.8,118,0,0.9902568896301588,0.0097431103698413,0,0.0097431103698413,MONITOR,175.3759866571434,175.3759866571434,304.8715551849207,598.0513779260317
L,296.9,307.7,1550,39.7,124,0,0.9907626814702551,0.0092373185297449,0,0.0092373185297449,MONITOR,166.2717335354082,166.2717335354082,304.61865926487246,598.1525362940511
L,296.8,307.6,1588,37.6,126,0,0.9910575075276464,0.0089424924723537,0,0.0089424924723537,MONITOR,160.9648645023666,160.9648645023666,304.47124623617685,598.2115015055292
L,296.8,307.6,1513,40.0,130,0,0.9910575075276464,0.0089424924723537,0,0.0089424924723537,MONITOR,160.9648645023666,160.9648645023666,304.47124623617685,598.2115015055292
L,296.8,307.6,1304,48.7,142,0,0.9632584766078004,0.0367415233921993,0,0.0367415233921993,SCHEDULE,318.37076169609963,661.3474210595874,318.37076169609963,592.65169532156
L,296.8,307.6,1398,46.7,144,0,0.9908850144741532,0.0091149855258469,0,0.0091149855258469,MONITOR,164.0697394652442,164.0697394652442,304.55749276292346,598.1770028948307
L,296.7,307.6,1474,41.7,148,0,0.9911831645855051,0.0088168354144951,0,0.0088168354144951,MONITOR,158.7030374609118,158.7030374609118,304.40841770724757,598.236632917101
M,296.7,307.6,1547,34.7,150,0,0.9919163312978826,0.0080836687021179,0,0.0080836687021179,MONITOR,145.50603663812223,145.50603663812223,304.041834351059,598.3832662595764
L,296.6,307.4,1631,35.0,168,0,0.9911831645855051,0.0088168354144951,0,0.0088168354144951,MONITOR,158.7030374609118,158.7030374609118,304.40841770724757,598.236632917101
L,296.6,307.4,1521,38.6,173,0,0.9911831645855051,0.0088168354144951,0,0.0088168354144951,MONITOR,158.7030374609118,158.7030374609118,304.40841770724757,598.236632917101
H,296.6,307.4,1333,50.2,177,0,0.9691248076699772,0.0308751923300227,0,0.0308751923300227,SCHEDULE,315.43759616501137,555.7534619404086,315.43759616501137,593.8249615339955
L,296.6,307.4,1465,47.8,187,0,0.9911831645855051,0.0088168354144951,0,0.0088168354144951,MONITOR,158.7030374609118,158.7030374609118,304.40841770724757,598.236632917101
L,296.6,307.5,1439,45.5,199,0,0.9911831645855051,0.0088168354144951,0,0.0088168354144951,MONITOR,158.7030374609118,158.7030374609118,304.40841770724757,598.236632917101
M,296.6,307.5,1566,35.0,201,0,0.9891361628191642,0.0108638371808363,0,0.0108638371808363,MONITOR,195.5490692550534,195.5490692550534,305.43191859041815,597.8272325638327
L,296.6,307.5,1485,42.7,204,0,0.9782842479835786,0.0217157520164216,0,0.0217157520164216,SCHEDULE,310.85787600821084,390.88353629558884,310.85787600821084,595.6568495967157
L,296.4,307.4,2833,5.6,213,1,0.01,0.99,1,0.99,STOP,402.0,17820.0,795.0,402.0
M,296.2,307.2,1389,48.6,7,0,0.9917438382443894,0.0082561617556111,0,0.0082561617556111,MONITOR,148.6109116009998,148.6109116009998,304.12808087780553,598.3487676488778
M,296.3,307.3,1368,49.5,10,0,0.9704707111377736,0.0295292888622264,0,0.0295292888622264,SCHEDULE,314.7646444311132,531.5271995200752,314.7646444311132,594.0941422275548
L,296.3,307.3,1444,49.0,13,0,0.9911831645855051,0.0088168354144951,0,0.0088168354144951,MONITOR,158.7030374609118,158.7030374609118,304.40841770724757,598.236632917101
L,296.1,307.2,1615,30.8,18,0,0.9911831645855051,0.0088168354144951,0,0.0088168354144951,MONITOR,158.7030374609118,158.7030374609118,304.40841770724757,598.236632917101
M,296.2,307.0,1516,37.6,25,0,0.9922471676481766,0.0077528323518238,0,0.0077528323518238,MONITOR,139.5509823328284,139.5509823328284,303.8764161759119,598.4494335296353
H,296.2,307.0,1542,40.6,28,0,0.992214691278272,0.0077853087217282,0,0.0077853087217282,MONITOR,140.1355569911076,140.1355569911076,303.8926543608641,598.4429382556543
H,296.1,306.8,1645,31.0,41,0,0.992214691278272,0.0077853087217282,0,0.0077853087217282,MONITOR,140.1355569911076,140.1355569911076,303.8926543608641,598.4429382556543
M,296.0,306.7,2044,22.3,48,0,0.9907573700874076,0.009242629912593,0,0.009242629912593,MONITOR,166.367338426674,166.367338426674,304.6213149562965,598.1514740174814
L,295.8,306.5,1358,49.2,63,0,0.9681761074581764,0.0318238925418234,0,0.0318238925418234,SCHEDULE,315.9119462709117,572.8300657528212,315.9119462709117,593.6352214916353
L,295.8,306.4,1339,53.2,67,0,0.9677971550349066,0.0322028449650931,0,0.0322028449650931,SCHEDULE,316.1014224825465,579.6512093716757,316.1014224825465,593.5594310069814
M,295.8,306.4,1335,51.7,69,0,0.9719121087022776,0.0280878912977227,0,0.0280878912977227,SCHEDULE,314.0439456488614,505.5820433590086,314.0439456488614,594.3824217404555
L,295.9,306.4,1575,28.5,74,0,0.9915140009357992,0.0084859990642011,0,0.0084859990642011,MONITOR,152.7479831556198,152.7479831556198,304.24299953210055,598.3028001871597
L,295.7,306.2,1464,46.2,92,0,0.9915140009357992,0.0084859990642011,0,0.0084859990642011,MONITOR,152.7479831556198,152.7479831556198,304.24299953210055,598.3028001871597
M,295.6,306.2,1435,51.6,126,0,0.9922471676481766,0.0077528323518238,0,0.0077528323518238,MONITOR,139.5509823328284,139.5509823328284,303.8764161759119,598.4494335296353
H,295.6,306.1,1256,62.3,142,0,0.8807204082251556,0.1192795917748444,0,0.1192795917748444,SCHEDULE,359.6397958874222,2147.032651947199,359.6397958874222,576.1440816450312
L,295.7,306.2,2270,14.6,149,1,0.978290582513246,0.0217094174867545,0,0.0217094174867545,SCHEDULE,310.8547087433773,390.769514761581,310.8547087433773,595.6581165026491
H,295.7,306.2,1458,49.8,151,0,0.992214691278272,0.0077853087217282,0,0.0077853087217282,MONITOR,140.1355569911076,140.1355569911076,303.8926543608641,598.4429382556543
L,295.6,306.1,1474,41.2,156,0,0.9916850428906484,0.008314957109352,0,0.008314957109352,MONITOR,149.66922796833597,149.66922796833597,304.157478554676,598.3370085781296
M,295.3,305.8,1589,36.2,184,0,0.9924182096030256,0.0075817903969747,0,0.0075817903969747,MONITOR,136.4722271455446,136.4722271455446,303.7908951984873,598.483641920605
H,295.6,306.1,1623,30.9,210,0,0.9341993443542914,0.065800655645709,0,0.065800655645709,SCHEDULE,332.9003278228545,1184.411801622762,332.9003278228545,586.8398688708581
L,295.6,306.0,1419,51.1,7,0,0.9913060904673784,0.0086939095326217,0,0.0086939095326217,MONITOR,156.4903715871906,156.4903715871906,304.34695476631083,598.2612180934757
L,295.5,306.0,1597,37.2,16,0,0.9916850428906484,0.008314957109352,0,0.008314957109352,MONITOR,149.66922796833597,149.66922796833597,304.157478554676,598.3370085781296
M,295.6,306.2,1477,45.0,40,0,0.9922471676481766,0.0077528323518238,0,0.0077528323518238,MONITOR,139.5509823328284,139.5509823328284,303.8764161759119,598.4494335296353
L,295.6,306.2,1287,54.8,49,0,0.9652156743386467,0.034784325661353,0,0.034784325661353,SCHEDULE,317.39216283067645,626.117861904354,317.39216283067645,593.0431348677293
L,295.5,306.1,1650,32.8,67,0,0.9916850428906484,0.008314957109352,0,0.008314957109352,MONITOR,149.66922796833597,149.66922796833597,304.157478554676,598.3370085781296
H,295.6,306.2,1632,32.2,76,0,0.992214691278272,0.0077853087217282,0,0.0077853087217282,MONITOR,140.1355569911076,140.1355569911076,303.8926543608641,598.4429382556543
M,295.7,306.4,1387,40.1,81,0,0.9920746745946832,0.007925325405317,0,0.007925325405317,MONITOR,142.65585729570597,142.65585729570597,303.9626627026585,598.4149349189366
L,295.8,306.4,1399,47.6,84,0,0.9913415078823058,0.0086584921176943,0,0.0086584921176943,MONITOR,155.8528581184974,155.8528581184974,304.32924605884716,598.2683015764612
L,295.8,306.5,1505,35.2,86,0,0.9915140009357992,0.0084859990642011,0,0.0084859990642011,MONITOR,152.7479831556198,152.7479831556198,304.24299953210055,598.3028001871597
L,295.8,306.6,1621,31.6,95,0,0.9915140009357992,0.0084859990642011,0,0.0084859990642011,MONITOR,152.7479831556198,152.7479831556198,304.24299953210055,598.3028001871597
L,295.9,306.7,1547,40.9,107,0,0.9915140009357992,0.0084859990642011,0,0.0084859990642011,MONITOR,152.7479831556198,152.7479831556198,304.24299953210055,598.3028001871597
L,295.8,306.6,1644,35.2,115,0,0.9915140009357992,0.0084859990642011,0,0.0084859990642011,MONITOR,152.7479831556198,152.7479831556198,304.24299953210055,598.3028001871597
M,296.0,306.6,1392,51.3,124,0,0.9920746745946832,0.007925325405317,0,0.007925325405317,MONITOR,142.65585729570597,142.65585729570597,303.9626627026585,598.4149349189366
L,296.0,306.7,1917,21.0,127,0,0.9911140706914682,0.008885929308532,0,0.008885929308532,MONITOR,159.94672755357598,159.94672755357598,304.442964654266,598.2228141382936
L,296.2,306.8,1389,53.3,132,0,0.990962555459036,0.0090374445409641,0,0.0090374445409641,MONITOR,162.6740017373538,162.6740017373538,304.51872227048204,598.1925110918071
L,296.1,306.7,1409,42.8,134,0,0.9915140009357992,0.0084859990642011,0,0.0084859990642011,MONITOR,152.7479831556198,152.7479831556198,304.24299953210055,598.3028001871597
L,296.2,306.8,1655,31.1,136,0,0.9915140009357992,0.0084859990642011,0,0.0084859990642011,MONITOR,152.7479831556198,152.7479831556198,304.24299953210055,598.3028001871597
L,296.2,306.9,1516,39.1,138,0,0.9915140009357992,0.0084859990642011,0,0.0084859990642011,MONITOR,152.7479831556198,152.7479831556198,304.24299953210055,598.3028001871597
L,296.2,306.9,1526,34.9,140,0,0.9915140009357992,0.0084859990642011,0,0.0084859990642011,MONITOR,152.7479831556198,152.7479831556198,304.24299953210055,598.3028001871597
L,296.4,307.2,1748,25.3,144,0,0.9911118163853544,0.0088881836146458,0,0.0088881836146458,MONITOR,159.9873050636244,159.9873050636244,304.4440918073229,598.2223632770708
H,296.4,307.1,1638,32.5,146,0,0.992214691278272,0.0077853087217282,0,0.0077853087217282,MONITOR,140.1355569911076,140.1355569911076,303.8926543608641,598.4429382556543
M,296.3,307.1,1534,33.8,151,0,0.9922471676481766,0.0077528323518238,0,0.0077528323518238,MONITOR,139.5509823328284,139.5509823328284,303.8764161759119,598.4494335296353
M,296.1,307.0,1523,42.0,164,0,0.9922471676481766,0.0077528323518238,0,0.0077528323518238,MONITOR,139.5509823328284,139.5509823328284,303.8764161759119,598.4494335296353
L,296.3,307.3,1566,35.8,175,0,0.9911831645855051,0.0088168354144951,0,0.0088168354144951,MONITOR,158.7030374609118,158.7030374609118,304.40841770724757,598.236632917101
M,296.3,307.2,1446,45.9,180,0,0.9919163312978826,0.0080836687021179,0,0.0080836687021179,MONITOR,145.50603663812223,145.50603663812223,304.041834351059,598.3832662595764
L,296.3,307.1,1662,32.9,190,0,0.9915140009357992,0.0084859990642011,0,0.0084859990642011,MONITOR,152.7479831556198,152.7479831556198,304.24299953210055,598.3028001871597
L,296.2,307.1,1444,46.7,194,0,0.9915140009357992,0.0084859990642011,0,0.0084859990642011,MONITOR,152.7479831556198,152.7479831556198,304.24299953210055,598.3028001871597
H,296.3,307.2,1424,42.0,196,0,0.9918221265329162,0.008177873467084,0,0.008177873467084,MONITOR,147.201722407512,147.201722407512,304.088936733542,598.3644253065833
M,296.2,307.2,1633,31.1,0,0,0.9919163312978826,0.0080836687021179,0,0.0080836687021179,MONITOR,145.50603663812223,145.50603663812223,304.041834351059,598.3832662595764
L,296.2,307.1,1441,41.7,3,0,0.9915140009357992,0.0084859990642011,0,0.0084859990642011,MONITOR,152.7479831556198,152.7479831556198,304.24299953210055,598.3028001871597
M,296.2,307.3,1451,42.8,11,0,0.9919163312978826,0.0080836687021179,0,0.0080836687021179,MONITOR,145.50603663812223,145.50603663812223,304.041834351059,598.3832662595764
M,296.1,307.1,1433,38.5,14,0,0.9922471676481766,0.0077528323518238,0,0.0077528323518238,MONITOR,139.5509823328284,139.5509823328284,303.8764161759119,598.4494335296353
L,296.2,307.2,1356,43.6,22,0,0.9663928295517924,0.0336071704482074,0,0.0336071704482074,SCHEDULE,316.8035852241037,604.9290680677332,316.8035852241037,593.2785659103586
L,296.3,307.3,1372,57.7,33,0,0.9657081815836585,0.0342918184163414,0,0.0342918184163414,SCHEDULE,317.1459092081707,617.2527314941452,317.1459092081707,593.1416363167317
L,296.2,307.3,1881,24.3,40,0,0.9907832343411742,0.009216765658826,0,0.009216765658826,MONITOR,165.90178185886802,165.90178185886802,304.608382829413,598.1566468682348
L,296.2,307.3,1475,37.0,44,0,0.9911831645855051,0.0088168354144951,0,0.0088168354144951,MONITOR,158.7030374609118,158.7030374609118,304.40841770724757,598.236632917101
L,296.4,307.4,1512,36.8,46,0,0.9911831645855051,0.0088168354144951,0,0.0088168354144951,MONITOR,158.7030374609118,158.7030374609118,304.40841770724757,598.236632917101
L,296.3,307.4,1760,28.4,56,0,0.9911118163853544,0.0088881836146458,0,0.0088881836146458,MONITOR,159.9873050636244,159.9873050636244,304.4440918073229,598.2223632770708
L,296.3,307.4,1648,34.0,60,0,0.9911831645855051,0.0088168354144951,0,0.0088168354144951,MONITOR,158.7030374609118,158.7030374609118,304.40841770724757,598.236632917101
L,296.6,307.6,1498,41.1,80,0,0.9911831645855051,0.0088168354144951,0,0.0088168354144951,MONITOR,158.7030374609118,158.7030374609118,304.40841770724757,598.236632917101
L,296.6,307.6,1671,28.8,108,0,0.9911118163853544,0.0088881836146458,0,0.0088881836146458,MONITOR,159.9873050636244,159.9873050636244,304.4440918073229,598.2223632770708
M,296.7,307.7,1597,32.1,114,0,0.9916714116659436,0.0083285883340568,0,0.0083285883340568,MONITOR,149.91459001302238,149.91459001302238,304.1642941670284,598.3342823331886
L,296.8,307.9,1718,25.2,148,0,0.9898562069717532,0.0101437930282469,0,0.0101437930282469,MONITOR,182.5882745084442,182.5882745084442,305.07189651412347,597.9712413943506
M,296.9,307.8,1840,24.6,157,0,0.991049826945319,0.0089501730546816,0,0.0089501730546816,MONITOR,161.1031149842688,161.1031149842688,304.4750865273408,598.2099653890638
L,297.0,307.9,1595,31.7,170,0,0.9901956444389132,0.009804355561087,0,0.009804355561087,MONITOR,176.47840009956602,176.47840009956602,304.9021777805435,598.0391288877826
L,297.0,307.7,1731,28.5,186,0,0.9905854716743392,0.0094145283256611,0,0.0094145283256611,MONITOR,169.4615098618998,169.4615098618998,304.7072641628305,598.1170943348677
L,297.0,307.8,1774,28.0,188,0,0.9901242962387626,0.0098757037612376,0,0.0098757037612376,MONITOR,177.76266770227681,177.76266770227681,304.93785188061884,598.0248592477525
L,297.0,307.9,1455,49.0,204,0,0.9760575971123944,0.0239424028876058,0,0.0239424028876058,SCHEDULE,311.97120144380284,430.9632519769044,311.97120144380284,595.2115194224788
L,297.0,307.7,1447,46.4,8,0,0.9906568198744898,0.0093431801255104,0,0.0093431801255104,MONITOR,168.1772422591872,168.1772422591872,304.6715900627552,598.1313639748979
M,296.8,307.5,1443,39.2,13,0,0.991790674240024,0.0082093257599765,0,0.0082093257599765,MONITOR,147.767863679577,147.767863679577,304.10466287998827,598.3581348480047
L,297.0,307.6,1680,35.8,20,0,0.990830391306278,0.0091696086937222,0,0.0091696086937222,MONITOR,165.05295648699962,165.05295648699962,304.58480434686106,598.1660782612555
H,296.8,307.5,1695,30.0,33,0,0.9908535163366357,0.0091464836633648,0,0.0091464836633648,MONITOR,164.63670594056637,164.63670594056637,304.57324183168237,598.170703267327
M,296.7,307.4,1540,38.7,45,0,0.9919163312978826,0.0080836687021179,0,0.0080836687021179,MONITOR,145.50603663812223,145.50603663812223,304.041834351059,598.3832662595764
L,296.6,307.4,1389,42.7,48,0,0.9910106715320118,0.0089893284679883,0,0.0089893284679883,MONITOR,161.80791242378942,161.80791242378942,304.4946642339942,598.2021343064024
L,296.7,307.6,1540,38.6,53,0,0.9911831645855051,0.0088168354144951,0,0.0088168354144951,MONITOR,158.7030374609118,158.7030374609118,304.40841770724757,598.236632917101
L,296.6,307.5,1557,35.1,60,0,0.9911831645855051,0.0088168354144951,0,0.0088168354144951,MONITOR,158.7030374609118,158.7030374609118,304.40841770724757,598.236632917101
L,296.5,307.4,1292,52.5,62,0,0.9630051812423892,0.0369948187576105,0,0.0369948187576105,SCHEDULE,318.4974093788053,665.906737636989,318.4974093788053,592.601036248478
L,296.4,307.3,1487,37.5,83,0,0.9911831645855051,0.0088168354144951,0,0.0088168354144951,MONITOR,158.7030374609118,158.7030374609118,304.40841770724757,598.236632917101
H,296.6,307.7,1654,31.0,91,0,0.9908056019627058,0.0091943980372945,0,0.0091943980372945,MONITOR,165.499164671301,165.499164671301,304.5971990186473,598.1611203925412
L,296.6,307.6,1459,40.2,96,0,0.9911831645855051,0.0088168354144951,0,0.0088168354144951,MONITOR,158.7030374609118,158.7030374609118,304.40841770724757,598.236632917101
L,296.5,307.6,1541,38.5,98,0,0.9911831645855051,0.0088168354144951,0,0.0088168354144951,MONITOR,158.7030374609118,158.7030374609118,304.40841770724757,598.236632917101
H,296.6,307.7,1386,62.3,100,1,0.7712903162708906,0.2287096837291096,0,0.2287096837291096,SCHEDULE,414.3548418645548,4116.774307123973,414.3548418645548,554.2580632541781
M,296.7,307.8,1375,51.4,108,0,0.9699870936877302,0.03001290631227,0,0.03001290631227,SCHEDULE,315.00645315613497,540.23231362086,315.00645315613497,593.9974187375459
L,296.8,307.9,1706,30.8,111,0,0.9898562069717532,0.0101437930282469,0,0.0101437930282469,MONITOR,182.5882745084442,182.5882745084442,305.07189651412347,597.9712413943506
L,296.8,307.9,1413,46.5,121,0,0.989927555171904,0.0100724448280963,0,0.0100724448280963,MONITOR,181.3040069057334,181.3040069057334,305.03622241404815,597.9855110343807
L,296.8,307.9,1489,33.4,123,0,0.989927555171904,0.0100724448280963,0,0.0100724448280963,MONITOR,181.3040069057334,181.3040069057334,305.03622241404815,597.9855110343807
M,296.8,307.9,1418,47.9,127,0,0.9908874797710164,0.009112520228984,0,0.009112520228984,MONITOR,164.02536412171202,164.02536412171202,304.55626011449203,598.1774959542032
M,296.9,307.8,1426,50.7,130,0,0.9912614306337914,0.0087385693662091,0,0.0087385693662091,MONITOR,157.2942485917638,157.2942485917638,304.3692846831046,598.2522861267582
L,296.9,307.9,1435,41.6,139,0,0.9903015060346788,0.0096984939653215,0,0.0096984939653215,MONITOR,174.572891375787,174.572891375787,304.8492469826607,598.0603012069356
L,297.0,307.9,1479,39.2,151,0,0.9901956444389132,0.009804355561087,0,0.009804355561087,MONITOR,176.47840009956602,176.47840009956602,304.9021777805435,598.0391288877826
L,297.0,307.9,1296,69.1,153,1,0.01,0.99,1,0.99,STOP,402.0,17820.0,795.0,402.0
L,297.0,307.8,1553,33.3,155,0,0.9901956444389132,0.009804355561087,0,0.009804355561087,MONITOR,176.47840009956602,176.47840009956602,304.9021777805435,598.0391288877826
L,297.1,307.9,1456,50.0,166,0,0.9898166920156436,0.0101833079843568,0,0.0101833079843568,MONITOR,183.2995437184224,183.2995437184224,305.09165399217835,597.9633384031285
L,296.9,307.9,1626,29.9,177,0,0.9903015060346788,0.0096984939653215,0,0.0096984939653215,MONITOR,174.572891375787,174.572891375787,304.8492469826607,598.0603012069356
H,297.0,307.9,1846,27.3,179,0,0.9909849459682144,0.0090150540317859,0,0.0090150540317859,MONITOR,162.2709725721462,162.2709725721462,304.50752701589295,598.1969891936428
H,297.0,307.8,1404,40.7,184,0,0.9909945657733036,0.009005434226697,0,0.009005434226697,MONITOR,162.09781608054598,162.09781608054598,304.5027171133485,598.1989131546607
H,297.0,307.7,1834,23.8,195,0,0.9912526611792912,0.0087473388207091,0,0.0087473388207091,MONITOR,157.4520987727638,157.4520987727638,304.3736694103546,598.2505322358581
L,296.9,307.8,1400,57.1,202,1,0.9447910900912704,0.0552089099087298,0,0.0552089099087298,SCHEDULE,327.6044549543649,993.7603783571365,327.6044549543649,588.958218018254
L,297.1,308.1,1754,30.3,206,0,0.9713883430539888,0.0286116569460113,0,0.0286116569460113,SCHEDULE,314.3058284730057,515.0098250282034,314.3058284730057,594.2776686107978
M,297.1,308.1,1823,24.3,219,0,0.9358695050932996,0.0641304949067007,0,0.0641304949067007,SCHEDULE,332.0652474533503,1154.3489083206125,332.0652474533503,587.1739010186598
H,297.0,308.1,1517,41.4,222,0,0.9426625312833142,0.0573374687166859,0,0.0573374687166859,SCHEDULE,328.66873435834293,1032.0744369003462,328.66873435834293,588.5325062566628
M,297.2,308.3,1578,37.8,3,0,0.9909386628880568,0.0090613371119437,0,0.0090613371119437,MONITOR,163.1040680149866,163.1040680149866,304.5306685559719,598.1877325776113
L,297.3,308.4,1441,43.4,14,0,0.9896484428141404,0.0103515571858599,0,0.0103515571858599,MONITOR,186.3280293454782,186.3280293454782,305.17577859292993,597.929688562828
L,297.3,308.5,1497,47.5,27,0,0.9896484428141404,0.0103515571858599,0,0.0103515571858599,MONITOR,186.3280293454782,186.3280293454782,305.17577859292993,597.929688562828
L,297.3,308.4,1491,46.5,29,0,0.9896484428141404,0.0103515571858599,0,0.0103515571858599,MONITOR,186.3280293454782,186.3280293454782,305.17577859292993,597.929688562828
M,297.2,308.3,1794,27.5,38,0,0.9907270591995844,0.0092729408004161,0,0.0092729408004161,MONITOR,166.91293440748981,166.91293440748981,304.63647040020805,598.1454118399167
H,296.9,307.9,1557,36.5,63,0,0.9903623232683182,0.0096376767316821,0,0.0096376767316821,MONITOR,173.4781811702778,173.4781811702778,304.8188383658411,598.0724646536636
M,297.0,308.1,1573,34.9,93,0,0.9909386628880568,0.0090613371119437,0,0.0090613371119437,MONITOR,163.1040680149866,163.1040680149866,304.5306685559719,598.1877325776113
H,297.0,308.1,2540,13.3,98,0,0.2562879442311813,0.7437120557688188,1,0.7437120557688188,STOP,451.2575888462362,13386.817003838738,671.8560278844094,451.2575888462362
H,296.9,308.0,1416,46.9,105,0,0.9903005948732564,0.0096994051267439,0,0.0096994051267439,MONITOR,174.5892922813902,174.5892922813902,304.8497025633719,598.0601189746511
L,296.8,307.9,1709,28.4,118,0,0.9898562069717532,0.0101437930282469,0,0.0101437930282469,MONITOR,182.5882745084442,182.5882745084442,305.07189651412347,597.9712413943506
L,296.9,308.0,1514,41.0,120,0,0.9903015060346788,0.0096984939653215,0,0.0096984939653215,MONITOR,174.572891375787,174.572891375787,304.8492469826607,598.0603012069356
M,297.0,308.3,1399,46.4,132,0,0.9907661698345636,0.0092338301654369,0,0.0092338301654369,MONITOR,166.2089429778642,166.2089429778642,304.61691508271844,598.1532339669126
L,297.1,308.4,1488,42.5,146,0,0.9896484428141404,0.0103515571858599,0,0.0103515571858599,MONITOR,186.3280293454782,186.3280293454782,305.17577859292993,597.929688562828
M,297.1,308.4,1583,38.2,150,0,0.9909386628880568,0.0090613371119437,0,0.0090613371119437,MONITOR,163.1040680149866,163.1040680149866,304.5306685559719,598.1877325776113
L,297.2,308.6,1500,37.1,161,0,0.9896484428141404,0.0103515571858599,0,0.0103515571858599,MONITOR,186.3280293454782,186.3280293454782,305.17577859292993,597.929688562828
M,297.1,308.4,1502,37.3,181,0,0.9909386628880568,0.0090613371119437,0,0.0090613371119437,MONITOR,163.1040680149866,163.1040680149866,304.5306685559719,598.1877325776113
M,297.1,308.5,1621,32.4,194,0,0.9905971880250994,0.0094028119749011,0,0.0094028119749011,MONITOR,169.2506155482198,169.2506155482198,304.7014059874505,598.1194376050198
L,297.2,308.6,1489,40.2,214,0,0.955633271308783,0.0443667286912172,0,0.0443667286912172,SCHEDULE,322.18336434560865,798.6011164419097,322.18336434560865,591.1266542617566
L,297.3,308.7,1467,36.8,216,0,0.9393700039155892,0.0606299960844109,0,0.0606299960844109,SCHEDULE,330.31499804220545,1091.3399295193963,330.31499804220545,587.8740007831178
L,297.5,308.8,1533,41.5,223,0,0.9215441816249188,0.0784558183750816,0,0.0784558183750816,SCHEDULE,339.22790918754083,1412.2047307514688,339.22790918754083,584.3088363249836
H,297.5,308.8,1430,49.4,2,0,0.9908201398098144,0.0091798601901859,0,0.0091798601901859,MONITOR,165.2374834233462,165.2374834233462,304.58993009509294,598.1640279619628
H,297.5,308.9,1419,50.7,7,0,0.9908201398098144,0.0091798601901859,0,0.0091798601901859,MONITOR,165.2374834233462,165.2374834233462,304.58993009509294,598.1640279619628
M,297.5,308.9,1535,37.7,12,0,0.9909386628880568,0.0090613371119437,0,0.0090613371119437,MONITOR,163.1040680149866,163.1040680149866,304.5306685559719,598.1877325776113
L,298.1,309.4,1397,48.2,63,0,0.989450411635875,0.0105495883641251,0,0.0105495883641251,MONITOR,189.8925905542518,189.8925905542518,305.2747941820625,597.8900823271749
M,298.2,309.4,1408,46.5,76,0,0.9908277210365768,0.0091722789634237,0,0.0091722789634237,MONITOR,165.1010213416266,165.1010213416266,304.5861394817118,598.1655442073153
L,298.2,309.4,1398,52.9,79,0,0.9890714592126052,0.0109285407873949,0,0.0109285407873949,MONITOR,196.7137341731082,196.7137341731082,305.46427039369746,597.814291842521
L,298.4,309.5,2153,15.3,98,1,0.9872842513772376,0.0127157486227627,0,0.0127157486227627,MONITOR,228.8834752097286,228.8834752097286,306.35787431138135,597.4568502754476
M,298.5,309.6,1492,41.7,100,0,0.9908277210365768,0.0091722789634237,0,0.0091722789634237,MONITOR,165.1010213416266,165.1010213416266,304.5861394817118,598.1655442073153
L,298.5,309.6,1419,41.5,105,0,0.9893371315781552,0.0106628684218452,0,0.0106628684218452,MONITOR,191.9316315932136,191.9316315932136,305.33143421092257,597.867426315631
M,298.5,309.6,1441,48.2,107,0,0.9908277210365768,0.0091722789634237,0,0.0091722789634237,MONITOR,165.1010213416266,165.1010213416266,304.5861394817118,598.1655442073153
L,298.6,309.7,1429,45.8,113,0,0.9893371315781552,0.0106628684218452,0,0.0106628684218452,MONITOR,191.9316315932136,191.9316315932136,305.33143421092257,597.867426315631
M,298.7,309.7,1868,23.8,118,0,0.9804356834520722,0.0195643165479283,0,0.0195643165479283,SCHEDULE,309.7821582739641,352.1576978627094,309.7821582739641,596.0871366904142
H,298.7,309.8,1582,33.4,121,0,0.9893279190944098,0.0106720809055904,0,0.0106720809055904,MONITOR,192.0974563006272,192.0974563006272,305.3360404527952,597.8655838188819
L,298.8,309.9,1428,42.4,132,0,0.9888801491638892,0.011119850836111,0,0.011119850836111,MONITOR,200.157315049998,200.157315049998,305.5599254180555,597.7760298327778
L,298.7,309.9,1593,42.5,146,0,0.9888801491638892,0.011119850836111,0,0.011119850836111,MONITOR,200.157315049998,200.157315049998,305.5599254180555,597.7760298327778
L,298.9,310.1,1473,42.6,164,0,0.9890519267532002,0.0109480732468,0,0.0109480732468,MONITOR,197.06531844239998,197.06531844239998,305.47403662339997,597.81038535064
M,299.0,310.3,1635,34.5,168,0,0.990542516211622,0.0094574837883785,0,0.0094574837883785,MONITOR,170.23470819081302,170.23470819081302,304.7287418941892,598.1085032423243
M,299.0,310.3,1582,33.3,177,0,0.990542516211622,0.0094574837883785,0,0.0094574837883785,MONITOR,170.23470819081302,170.23470819081302,304.7287418941892,598.1085032423243
L,299.0,310.3,1929,24.4,180,0,0.9889805785530495,0.0110194214469507,0,0.0110194214469507,MONITOR,198.3495860451126,198.3495860451126,305.5097107234754,597.7961157106099
M,299.0,310.3,1540,38.1,182,0,0.990542516211622,0.0094574837883785,0,0.0094574837883785,MONITOR,170.23470819081302,170.23470819081302,304.7287418941892,598.1085032423243
L,298.9,310.1,1361,51.7,192,0,0.9575628618806812,0.0424371381193188,0,0.0424371381193188,SCHEDULE,321.21856905965944,763.8684861477384,321.21856905965944,591.5125723761363
M,298.8,310.1,1243,74.5,194,1,0.01,0.99,1,0.99,STOP,402.0,17820.0,795.0,402.0
H,298.8,310.1,1567,36.8,197,0,0.9865334065163074,0.0134665934836929,0,0.0134665934836929,MONITOR,242.39868270647221,242.39868270647221,306.73329674184646,597.3066813032614
L,298.9,310.2,1411,46.5,202,0,0.9808429761054902,0.0191570238945103,0,0.0191570238945103,SCHEDULE,309.5785119472551,344.82643010118545,309.5785119472551,596.1685952210979
H,298.8,310.2,1663,30.4,209,0,0.9658078571171634,0.0341921428828369,0,0.0341921428828369,SCHEDULE,317.0960714414185,615.4585718910643,317.0960714414185,593.1615714234326
L,299.0,310.3,1868,24.0,221,0,0.930902815962362,0.0690971840376383,0,0.0690971840376383,SCHEDULE,334.5485920188192,1243.7493126774893,334.5485920188192,586.1805631924724
L,299.0,310.4,1365,49.1,226,1,0.8377150444683759,0.1622849555316244,0,0.1622849555316244,SCHEDULE,381.1424777658122,2921.129199569239,381.1424777658122,567.5430088936752
L,299.0,310.4,1371,53.8,228,1,0.456075425578467,0.5439245744215329,1,0.5439245744215329,STOP,491.21508511569346,9790.642339587592,571.9622872107665,491.21508511569346
L,298.6,310.1,1721,27.2,5,0,0.9889805785530495,0.0110194214469507,0,0.0110194214469507,MONITOR,198.3495860451126,198.3495860451126,305.5097107234754,597.7961157106099
M,298.6,310.2,1668,31.5,7,0,0.9904711680114712,0.0095288319885292,0,0.0095288319885292,MONITOR,171.51897579352558,171.51897579352558,304.76441599426465,598.0942336022943
L,298.5,310.2,1676,32.7,18,0,0.9889805785530495,0.0110194214469507,0,0.0110194214469507,MONITOR,198.3495860451126,198.3495860451126,305.5097107234754,597.7961157106099
L,298.5,310.0,1804,26.1,22,0,0.9889805785530495,0.0110194214469507,0,0.0110194214469507,MONITOR,198.3495860451126,198.3495860451126,305.5097107234754,597.7961157106099
L,298.7,310.2,1525,43.7,34,0,0.9890519267532002,0.0109480732468,0,0.0109480732468,MONITOR,197.06531844239998,197.06531844239998,305.47403662339997,597.81038535064
M,298.6,310.1,1444,48.1,39,0,0.990542516211622,0.0094574837883785,0,0.0094574837883785,MONITOR,170.23470819081302,170.23470819081302,304.7287418941892,598.1085032423243
L,298.6,310.0,1334,48.0,42,0,0.9579043367436384,0.0420956632563613,0,0.0420956632563613,SCHEDULE,321.0478316281807,757.7219386145034,321.0478316281807,591.5808673487278
L,298.6,309.9,1593,37.4,47,0,0.9888801491638892,0.011119850836111,0,0.011119850836111,MONITOR,200.157315049998,200.157315049998,305.5599254180555,597.7760298327778
L,298.6,309.9,1461,45.7,49,0,0.9888801491638892,0.011119850836111,0,0.011119850836111,MONITOR,200.157315049998,200.157315049998,305.5599254180555,597.7760298327778
L,298.7,310.2,1404,50.3,54,0,0.9890519267532002,0.0109480732468,0,0.0109480732468,MONITOR,197.06531844239998,197.06531844239998,305.47403662339997,597.81038535064
L,298.7,310.2,1566,33.1,68,0,0.9890519267532002,0.0109480732468,0,0.0109480732468,MONITOR,197.06531844239998,197.06531844239998,305.47403662339997,597.81038535064
L,298.7,310.1,1676,33.5,70,0,0.9889805785530495,0.0110194214469507,0,0.0110194214469507,MONITOR,198.3495860451126,198.3495860451126,305.5097107234754,597.7961157106099
M,298.8,310.3,1366,59.0,94,0,0.961643436848749,0.0383565631512513,0,0.0383565631512513,SCHEDULE,319.17828157562565,690.4181367225234,319.17828157562565,592.3286873697498
H,298.8,310.2,1455,44.9,107,0,0.9868748813792648,0.0131251186207355,0,0.0131251186207355,MONITOR,236.252135173239,236.252135173239,306.56255931036776,597.374976275853
L,298.9,310.3,1484,43.8,124,0,0.9890519267532002,0.0109480732468,0,0.0109480732468,MONITOR,197.06531844239998,197.06531844239998,305.47403662339997,597.81038535064
L,298.9,310.2,1445,40.0,129,0,0.9890519267532002,0.0109480732468,0,0.0109480732468,MONITOR,197.06531844239998,197.06531844239998,305.47403662339997,597.81038535064
L,298.9,310.2,1409,54.8,140,0,0.9890519267532002,0.0109480732468,0,0.0109480732468,MONITOR,197.06531844239998,197.06531844239998,305.47403662339997,597.81038535064
L,298.9,310.2,2737,8.8,142,1,0.0,1.0,1,1.0,STOP,400.0,18000.0,800.0,400.0
L,299.0,310.2,1372,48.0,174,0,0.9579043367436384,0.0420956632563613,0,0.0420956632563613,SCHEDULE,321.0478316281807,757.7219386145034,321.0478316281807,591.5808673487278
M,298.9,310.1,1555,40.6,176,0,0.990542516211622,0.0094574837883785,0,0.0094574837883785,MONITOR,170.23470819081302,170.23470819081302,304.7287418941892,598.1085032423243
L,298.9,310.1,1394,42.7,179,0,0.988879433699707,0.0111205663002932,0,0.0111205663002932,MONITOR,200.17019340527762,200.17019340527762,305.56028315014663,597.7758867399414
L,298.9,310.1,1442,48.0,181,0,0.9890519267532002,0.0109480732468,0,0.0109480732468,MONITOR,197.06531844239998,197.06531844239998,305.47403662339997,597.81038535064
M,298.9,310.1,1469,53.2,189,0,0.9902010413486646,0.009798958651336,0,0.009798958651336,MONITOR,176.381255724048,176.381255724048,304.899479325668,598.0402082697328
M,298.7,309.8,1570,42.1,200,0,0.9863343856254372,0.0136656143745633,0,0.0136656143745633,MONITOR,245.9810587421394,245.9810587421394,306.8328071872817,597.2668771250874
L,298.7,309.9,1541,38.5,208,0,0.9697718103359192,0.0302281896640811,0,0.0302281896640811,SCHEDULE,315.11409483204056,544.1074139534599,315.11409483204056,593.9543620671839
L,298.8,309.9,1320,47.4,210,0,0.91048870785255,0.08951129214745,0,0.08951129214745,SCHEDULE,344.755646073725,1611.2032586541,344.755646073725,582.09774157051
M,298.8,309.9,1495,35.2,214,0,0.9624087915792509,0.0375912084207497,0,0.0375912084207497,SCHEDULE,318.79560421037485,676.6417515734946,318.79560421037485,592.48175831585
L,298.7,309.8,1589,31.8,217,0,0.9401621321110404,0.0598378678889598,0,0.0598378678889598,SCHEDULE,329.91893394447993,1077.0816220012764,329.91893394447993,588.032426422208
L,298.7,309.8,1530,35.5,0,0,0.9888801491638892,0.011119850836111,0,0.011119850836111,MONITOR,200.157315049998,200.157315049998,305.5599254180555,597.7760298327778
L,298.6,309.7,1356,54.0,6,0,0.9629403887991363,0.0370596112008635,0,0.0370596112008635,SCHEDULE,318.52980560043176,667.0730016155429,318.52980560043176,592.5880777598273
L,298.9,310.0,1378,49.3,18,0,0.9617189047955766,0.0382810952044234,0,0.0382810952044234,SCHEDULE,319.1405476022117,689.0597136796213,319.1405476022117,592.3437809591154
M,298.9,309.9,1404,41.4,20,0,0.990370738622311,0.0096292613776895,0,0.0096292613776895,MONITOR,173.326704798411,173.326704798411,304.8146306888448,598.0741477244621
L,298.8,309.8,1437,42.8,23,0,0.9888801491638892,0.011119850836111,0,0.011119850836111,MONITOR,200.157315049998,200.157315049998,305.5599254180555,597.7760298327778
M,298.8,309.8,1377,49.6,27,0,0.966554209127602,0.0334457908723982,0,0.0334457908723982,SCHEDULE,316.7228954361991,602.0242357031676,316.7228954361991,593.3108418255204
L,298.8,309.9,1482,39.1,45,0,0.9888801491638892,0.011119850836111,0,0.011119850836111,MONITOR,200.157315049998,200.157315049998,305.5599254180555,597.7760298327778
M,298.8,309.8,1534,37.0,47,0,0.990370738622311,0.0096292613776895,0,0.0096292613776895,MONITOR,173.326704798411,173.326704798411,304.8146306888448,598.0741477244621
L,298.9,310.1,1602,38.2,58,0,0.9890519267532002,0.0109480732468,0,0.0109480732468,MONITOR,197.06531844239998,197.06531844239998,305.47403662339997,597.81038535064
L,299.0,310.1,1618,29.2,62,0,0.9890519267532002,0.0109480732468,0,0.0109480732468,MONITOR,197.06531844239998,197.06531844239998,305.47403662339997,597.81038535064
M,299.0,310.3,1657,31.0,70,0,0.990542516211622,0.0094574837883785,0,0.0094574837883785,MONITOR,170.23470819081302,170.23470819081302,304.7287418941892,598.1085032423243
H,299.0,310.4,1677,30.8,73,0,0.9905427424941642,0.009457257505836,0,0.009457257505836,MONITOR,170.230635105048,170.230635105048,304.728628752918,598.1085484988328
M,299.0,310.3,1447,39.9,78,0,0.990542516211622,0.0094574837883785,0,0.0094574837883785,MONITOR,170.23470819081302,170.23470819081302,304.7287418941892,598.1085032423243
L,299.0,310.3,1584,34.4,83,0,0.9890519267532002,0.0109480732468,0,0.0109480732468,MONITOR,197.06531844239998,197.06531844239998,305.47403662339997,597.81038535064
L,299.1,310.4,1428,46.9,87,0,0.9890519267532002,0.0109480732468,0,0.0109480732468,MONITOR,197.06531844239998,197.06531844239998,305.47403662339997,597.81038535064
L,299.0,310.3,1475,42.4,93,0,0.9890519267532002,0.0109480732468,0,0.0109480732468,MONITOR,197.06531844239998,197.06531844239998,305.47403662339997,597.81038535064
L,298.9,310.3,1364,54.0,95,0,0.9579043367436384,0.0420956632563613,0,0.0420956632563613,SCHEDULE,321.0478316281807,757.7219386145034,321.0478316281807,591.5808673487278
L,298.8,310.1,1607,39.5,105,0,0.9890519267532002,0.0109480732468,0,0.0109480732468,MONITOR,197.06531844239998,197.06531844239998,305.47403662339997,597.81038535064
L,298.7,309.8,1546,40.9,109,0,0.9888801491638892,0.011119850836111,0,0.011119850836111,MONITOR,200.157315049998,200.157315049998,305.5599254180555,597.7760298327778
M,298.6,309.8,1419,44.9,115,0,0.990370738622311,0.0096292613776895,0,0.0096292613776895,MONITOR,173.326704798411,173.326704798411,304.8146306888448,598.0741477244621
L,298.5,309.7,1437,42.6,120,0,0.9893371315781552,0.0106628684218452,0,0.0106628684218452,MONITOR,191.9316315932136,191.9316315932136,305.33143421092257,597.867426315631
L,298.5,309.6,1421,53.6,122,0,0.9893371315781552,0.0106628684218452,0,0.0106628684218452,MONITOR,191.9316315932136,191.9316315932136,305.33143421092257,597.867426315631
M,298.4,309.5,1519,35.4,133,0,0.9908277210365768,0.0091722789634237,0,0.0091722789634237,MONITOR,165.1010213416266,165.1010213416266,304.5861394817118,598.1655442073153
L,298.2,309.3,1355,43.8,142,0,0.9632261619103496,0.0367738380896501,0,0.0367738380896501,SCHEDULE,318.38691904482505,661.9290856137019,318.38691904482505,592.6452323820699
M,298.0,309.0,1562,39.2,155,0,0.9909386628880568,0.0090613371119437,0,0.0090613371119437,MONITOR,163.1040680149866,163.1040680149866,304.5306685559719,598.1877325776113
M,298.0,308.7,1479,58.5,176,1,0.9897570549344336,0.010242945065567,0,0.010242945065567,MONITOR,184.373011180206,184.373011180206,305.1214725327835,597.9514109868867
L,298.0,308.8,1496,44.9,179,0,0.9896484428141404,0.0103515571858599,0,0.0103515571858599,MONITOR,186.3280293454782,186.3280293454782,305.17577859292993,597.929688562828
M,298.1,308.8,2206,16.3,195,0,0.9871686673965304,0.0128313326034703,0,0.0128313326034703,MONITOR,230.96398686246542,230.96398686246542,306.41566630173514,597.4337334793059
M,298.0,308.7,2101,17.4,198,0,0.9891073904643304,0.0108926095356703,0,0.0108926095356703,MONITOR,196.06697164206543,196.06697164206543,305.44630476783516,597.821478092866
M,298.0,308.7,1436,48.2,201,0,0.986876771766411,0.0131232282335895,0,0.0131232282335895,MONITOR,236.218108204611,236.218108204611,306.5616141167947,597.3753543532821
L,298.0,308.7,1462,48.2,204,0,0.976188744625934,0.0238112553740663,0,0.0238112553740663,SCHEDULE,311.9056276870332,428.60259673319337,311.9056276870332,595.2377489251868
L,298.0,308.7,1506,47.0,208,0,0.969131166651912,0.0308688333480882,0,0.0308688333480882,SCHEDULE,315.4344166740441,555.6390002655876,315.4344166740441,593.8262333303824
M,298.0,308.6,1376,55.7,214,0,0.801340488041577,0.198659511958423,0,0.198659511958423,SCHEDULE,399.3297559792115,3575.8712152516136,399.3297559792115,560.2680976083154
M,298.1,308.7,1547,38.9,0,0,0.9909386628880568,0.0090613371119437,0,0.0090613371119437,MONITOR,163.1040680149866,163.1040680149866,304.5306685559719,598.1877325776113
L,298.1,308.7,1642,30.3,3,0,0.9896484428141404,0.0103515571858599,0,0.0103515571858599,MONITOR,186.3280293454782,186.3280293454782,305.17577859292993,597.929688562828
L,298.3,309.1,1472,40.1,31,0,0.9896484428141404,0.0103515571858599,0,0.0103515571858599,MONITOR,186.3280293454782,186.3280293454782,305.17577859292993,597.929688562828
L,298.2,309.0,1601,35.8,43,0,0.9896484428141404,0.0103515571858599,0,0.0103515571858599,MONITOR,186.3280293454782,186.3280293454782,305.17577859292993,597.929688562828
L,298.1,309.0,1559,34.0,54,0,0.9896484428141404,0.0103515571858599,0,0.0103515571858599,MONITOR,186.3280293454782,186.3280293454782,305.17577859292993,597.929688562828
M,298.0,308.9,1339,51.4,68,0,0.9675447546407616,0.0324552453592385,0,0.0324552453592385,SCHEDULE,316.22762267961923,584.194416466293,316.22762267961923,593.5089509281523
L,298.0,308.8,1757,29.1,71,0,0.9895770946139896,0.0104229053860106,0,0.0104229053860106,MONITOR,187.6122969481908,187.6122969481908,305.2114526930053,597.9154189227979
M,298.2,308.9,1326,54.4,75,0,0.9666688422320026,0.0333311577679976,0,0.0333311577679976,SCHEDULE,316.6655788839988,599.9608398239568,316.6655788839988,593.3337684464005
L,298.4,309.1,1798,29.6,81,0,0.9895770946139896,0.0104229053860106,0,0.0104229053860106,MONITOR,187.6122969481908,187.6122969481908,305.2114526930053,597.9154189227979
M,298.4,309.1,1525,39.3,86,0,0.9909386628880568,0.0090613371119437,0,0.0090613371119437,MONITOR,163.1040680149866,163.1040680149866,304.5306685559719,598.1877325776113
M,298.3,308.8,1349,52.1,104,0,0.967886634982642,0.0321133650173582,0,0.0321133650173582,SCHEDULE,316.0566825086791,578.0405703124477,316.0566825086791,593.5773269965283
L,298.4,308.8,1458,40.1,111,0,0.9896484428141404,0.0103515571858599,0,0.0103515571858599,MONITOR,186.3280293454782,186.3280293454782,305.17577859292993,597.929688562828
L,298.5,308.9,1781,27.8,113,0,0.9895770946139896,0.0104229053860106,0,0.0104229053860106,MONITOR,187.6122969481908,187.6122969481908,305.2114526930053,597.9154189227979
M,298.4,308.7,1584,31.7,117,0,0.9909386628880568,0.0090613371119437,0,0.0090613371119437,MONITOR,163.1040680149866,163.1040680149866,304.5306685559719,598.1877325776113
M,298.2,308.3,1476,43.5,129,0,0.9909386628880568,0.0090613371119437,0,0.0090613371119437,MONITOR,163.1040680149866,163.1040680149866,304.5306685559719,598.1877325776113
M,298.2,308.4,1510,39.9,134,0,0.9909386628880568,0.0090613371119437,0,0.0090613371119437,MONITOR,163.1040680149866,163.1040680149866,304.5306685559719,598.1877325776113
L,298.2,308.4,1388,53.8,137,0,0.9890969973373772,0.0109030026626229,0,0.0109030026626229,MONITOR,196.25404792721218,196.25404792721218,305.4515013313114,597.8193994674754
L,298.2,308.3,2216,16.8,139,0,0.9892485125698094,0.0107514874301908,0,0.0107514874301908,MONITOR,193.5267737434344,193.5267737434344,305.3757437150954,597.8497025139618
L,298.2,308.2,1407,47.1,153,0,0.9896484428141404,0.0103515571858599,0,0.0103515571858599,MONITOR,186.3280293454782,186.3280293454782,305.17577859292993,597.929688562828
M,298.1,308.2,1654,35.3,155,0,0.9909386628880568,0.0090613371119437,0,0.0090613371119437,MONITOR,163.1040680149866,163.1040680149866,304.5306685559719,598.1877325776113
L,298.2,308.4,1452,43.5,158,0,0.9896484428141404,0.0103515571858599,0,0.0103515571858599,MONITOR,186.3280293454782,186.3280293454782,305.17577859292993,597.929688562828
L,298.3,308.4,1528,37.3,160,0,0.9896484428141404,0.0103515571858599,0,0.0103515571858599,MONITOR,186.3280293454782,186.3280293454782,305.17577859292993,597.929688562828
L,298.2,308.3,2057,18.0,168,0,0.9892485125698094,0.0107514874301908,0,0.0107514874301908,MONITOR,193.5267737434344,193.5267737434344,305.3757437150954,597.8497025139618
L,298.3,308.3,1444,43.8,176,0,0.9896484428141404,0.0103515571858599,0,0.0103515571858599,MONITOR,186.3280293454782,186.3280293454782,305.17577859292993,597.929688562828
M,298.3,308.4,1444,47.5,178,0,0.9909386628880568,0.0090613371119437,0,0.0090613371119437,MONITOR,163.1040680149866,163.1040680149866,304.5306685559719,598.1877325776113
H,298.1,308.3,1530,42.0,184,0,0.9908818682048762,0.0091181317951241,0,0.0091181317951241,MONITOR,164.1263723122338,164.1263723122338,304.55906589756205,598.1763736409753
M,298.3,308.4,1486,44.2,196,0,0.9905971880250994,0.0094028119749011,0,0.0094028119749011,MONITOR,169.2506155482198,169.2506155482198,304.7014059874505,598.1194376050198
L,298.0,308.3,1544,34.7,213,0,0.9588653669954236,0.0411346330045765,0,0.0411346330045765,SCHEDULE,320.56731650228824,740.4233940823771,320.56731650228824,591.7730733990846
H,297.8,307.9,1600,33.5,13,0,0.991056294168365,0.0089437058316353,0,0.0089437058316353,MONITOR,160.9867049694354,160.9867049694354,304.47185291581764,598.2112588336729
L,297.8,307.7,1505,39.7,25,0,0.9906568198744898,0.0093431801255104,0,0.0093431801255104,MONITOR,168.1772422591872,168.1772422591872,304.6715900627552,598.1313639748979
M,297.8,307.9,1726,27.3,35,0,0.9909439653495536,0.0090560346504471,0,0.0090560346504471,MONITOR,163.0086237080478,163.0086237080478,304.5280173252236,598.1887930699106
L,297.8,307.9,1447,48.6,46,0,0.9901956444389132,0.009804355561087,0,0.009804355561087,MONITOR,176.47840009956602,176.47840009956602,304.9021777805435,598.0391288877826
H,297.8,307.8,1662,30.7,48,0,0.991056294168365,0.0089437058316353,0,0.0089437058316353,MONITOR,160.9867049694354,160.9867049694354,304.47185291581764,598.2112588336729
L,297.9,307.7,1492,43.7,59,0,0.9906568198744898,0.0093431801255104,0,0.0093431801255104,MONITOR,168.1772422591872,168.1772422591872,304.6715900627552,598.1313639748979
M,297.8,307.8,1310,57.9,70,0,0.9654478978176744,0.0345521021823258,0,0.0345521021823258,SCHEDULE,317.27605109116286,621.9378392818644,317.27605109116286,593.0895795635348
L,297.9,307.9,1412,44.5,85,0,0.9901956444389132,0.009804355561087,0,0.009804355561087,MONITOR,176.47840009956602,176.47840009956602,304.9021777805435,598.0391288877826
L,298.0,307.8,1453,37.7,119,0,0.9901956444389132,0.009804355561087,0,0.009804355561087,MONITOR,176.47840009956602,176.47840009956602,304.9021777805435,598.0391288877826
L,297.9,307.8,1373,50.2,130,0,0.9634199492366248,0.036580050763375,0,0.036580050763375,SCHEDULE,318.29002538168754,658.4409137407499,318.29002538168754,592.683989847325
H,297.9,307.8,1635,34.0,142,0,0.991056294168365,0.0089437058316353,0,0.0089437058316353,MONITOR,160.9867049694354,160.9867049694354,304.47185291581764,598.2112588336729
L,298.0,307.8,1386,57.3,147,0,0.989338503417286,0.0106614965827142,0,0.0106614965827142,MONITOR,191.9069384888556,191.9069384888556,305.3307482913571,597.8677006834572
M,298.1,307.9,1759,28.6,176,0,0.9909439653495536,0.0090560346504471,0,0.0090560346504471,MONITOR,163.0086237080478,163.0086237080478,304.5280173252236,598.1887930699106
L,298.2,307.9,1769,27.2,188,0,0.9901242962387626,0.0098757037612376,0,0.0098757037612376,MONITOR,177.76266770227681,177.76266770227681,304.93785188061884,598.0248592477525
L,298.2,307.9,1544,31.4,192,0,0.9901956444389132,0.009804355561087,0,0.009804355561087,MONITOR,176.47840009956602,176.47840009956602,304.9021777805435,598.0391288877826
L,298.1,307.9,1614,35.8,196,0,0.9901956444389132,0.009804355561087,0,0.009804355561087,MONITOR,176.47840009956602,176.47840009956602,304.9021777805435,598.0391288877826
L,298.1,307.8,1432,49.8,198,0,0.9898166920156436,0.0101833079843568,0,0.0101833079843568,MONITOR,183.2995437184224,183.2995437184224,305.09165399217835,597.9633384031285
M,298.1,307.8,1384,43.7,200,0,0.9869066993007196,0.0130933006992811,0,0.0130933006992811,MONITOR,235.6794125870598,235.6794125870598,306.5466503496406,597.3813398601438
L,298.1,307.8,1540,37.8,203,0,0.9760575971123944,0.0239424028876058,0,0.0239424028876058,SCHEDULE,311.97120144380284,430.9632519769044,311.97120144380284,595.2115194224788
L,298.0,307.7,1407,43.9,205,0,0.9747481849945469,0.0252518150054534,0,0.0252518150054534,SCHEDULE,312.6259075027267,454.5326700981612,312.6259075027267,594.9496369989093
H,297.9,307.6,1418,43.0,207,0,0.9712147967691166,0.0287852032308838,0,0.0287852032308838,SCHEDULE,314.3926016154419,518.1336581559084,314.3926016154419,594.2429593538232
M,297.9,307.4,1610,34.6,219,0,0.9241882315590432,0.0758117684409571,0,0.0758117684409571,SCHEDULE,337.9058842204785,1364.6118319372279,337.9058842204785,584.8376463118086
L,297.9,307.4,1606,35.5,14,0,0.9909017395064288,0.0090982604935715,0,0.0090982604935715,MONITOR,163.768688884287,163.768688884287,304.54913024678575,598.1803479012857
M,297.9,307.4,1435,42.9,18,0,0.9916349062188062,0.0083650937811943,0,0.0083650937811943,MONITOR,150.5716880614974,150.5716880614974,304.18254689059717,598.3269812437611
M,298.1,307.6,1764,27.7,23,0,0.9914233025303338,0.0085766974696667,0,0.0085766974696667,MONITOR,154.38055445400062,154.38055445400062,304.28834873483333,598.2846605060666
H,298.0,307.5,1683,27.8,26,0,0.99149758081123,0.0085024191887702,0,0.0085024191887702,MONITOR,153.0435453978636,153.0435453978636,304.2512095943851,598.299516162246
L,298.0,307.6,1509,41.6,33,0,0.9909017395064288,0.0090982604935715,0,0.0090982604935715,MONITOR,163.768688884287,163.768688884287,304.54913024678575,598.1803479012857
L,297.9,307.6,1550,39.0,35,0,0.9909017395064288,0.0090982604935715,0,0.0090982604935715,MONITOR,163.768688884287,163.768688884287,304.54913024678575,598.1803479012857
L,298.1,307.7,1289,48.3,42,0,0.962857788954644,0.037142211045356,0,0.037142211045356,SCHEDULE,318.57110552267795,668.5597988164079,318.57110552267795,592.5715577909288
L,298.2,307.8,1439,41.6,62,0,0.9901956444389132,0.009804355561087,0,0.009804355561087,MONITOR,176.47840009956602,176.47840009956602,304.9021777805435,598.0391288877826
L,298.2,307.8,1530,35.9,68,0,0.9901956444389132,0.009804355561087,0,0.009804355561087,MONITOR,176.47840009956602,176.47840009956602,304.9021777805435,598.0391288877826
L,298.2,307.8,1388,48.6,76,0,0.99002315138542,0.0099768486145802,0,0.0099768486145802,MONITOR,179.5832750624436,179.5832750624436,304.98842430729013,598.0046302770841
L,298.1,307.7,1523,37.7,80,0,0.9906568198744898,0.0093431801255104,0,0.0093431801255104,MONITOR,168.1772422591872,168.1772422591872,304.6715900627552,598.1313639748979
L,298.2,307.7,1503,38.3,87,0,0.9906568198744898,0.0093431801255104,0,0.0093431801255104,MONITOR,168.1772422591872,168.1772422591872,304.6715900627552,598.1313639748979
L,298.2,307.7,1459,44.5,89,0,0.9906568198744898,0.0093431801255104,0,0.0093431801255104,MONITOR,168.1772422591872,168.1772422591872,304.6715900627552,598.1313639748979
L,298.3,307.7,1465,49.4,109,0,0.9906568198744898,0.0093431801255104,0,0.0093431801255104,MONITOR,168.1772422591872,168.1772422591872,304.6715900627552,598.1313639748979
M,298.3,307.8,1330,55.4,114,0,0.9665800528371076,0.0334199471628928,0,0.0334199471628928,SCHEDULE,316.7099735814464,601.5590489320705,316.7099735814464,593.3160105674215
L,298.4,307.9,1544,35.9,132,0,0.9901956444389132,0.009804355561087,0,0.009804355561087,MONITOR,176.47840009956602,176.47840009956602,304.9021777805435,598.0391288877826
H,298.4,307.9,1948,21.4,136,0,0.9906563639240342,0.0093436360759662,0,0.0093436360759662,MONITOR,168.18544936739158,168.18544936739158,304.67181803798314,598.1312727848068
H,298.5,307.9,1260,54.2,141,0,0.9050281553468535,0.0949718446531462,0,0.0949718446531462,SCHEDULE,347.4859223265731,1709.4932037566316,347.4859223265731,581.0056310693708
M,298.5,308.0,1461,51.9,157,0,0.9911555690380258,0.0088444309619747,0,0.0088444309619747,MONITOR,159.1997573155446,159.1997573155446,304.42221548098735,598.231113807605
L,298.5,308.0,1624,29.8,160,0,0.9901956444389132,0.009804355561087,0,0.009804355561087,MONITOR,176.47840009956602,176.47840009956602,304.9021777805435,598.0391288877826
L,298.4,308.0,1526,41.1,162,0,0.9901956444389132,0.009804355561087,0,0.009804355561087,MONITOR,176.47840009956602,176.47840009956602,304.9021777805435,598.0391288877826
L,298.3,307.7,1576,33.8,171,0,0.9906568198744898,0.0093431801255104,0,0.0093431801255104,MONITOR,168.1772422591872,168.1772422591872,304.6715900627552,598.1313639748979
L,298.1,307.6,1950,20.3,202,0,0.9767836722124004,0.0232163277876001,0,0.0232163277876001,SCHEDULE,311.60816389380005,417.8939001768018,311.60816389380005,595.3567344424799
L,298.2,307.6,1511,31.0,209,1,0.9717037275355246,0.0282962724644758,0,0.0282962724644758,SCHEDULE,314.1481362322379,509.3329043605644,314.1481362322379,594.3407455071049
H,298.2,307.6,1318,55.7,0,0,0.966729714827011,0.0332702851729889,0,0.0332702851729889,SCHEDULE,316.63514258649445,598.8651331138002,316.63514258649445,593.3459429654022
M,298.3,307.7,1717,27.1,7,0,0.9911783828983948,0.0088216171016056,0,0.0088216171016056,MONITOR,158.7891078289008,158.7891078289008,304.4108085508028,598.235676579679
L,298.4,307.9,1981,23.2,16,0,0.9897957141945825,0.0102042858054179,0,0.0102042858054179,MONITOR,183.6771444975222,183.6771444975222,305.102142902709,597.9591428389165
L,298.4,307.9,1446,45.3,23,0,0.9901956444389132,0.009804355561087,0,0.009804355561087,MONITOR,176.47840009956602,176.47840009956602,304.9021777805435,598.0391288877826
L,298.4,308.0,1508,47.9,25,0,0.9901956444389132,0.009804355561087,0,0.009804355561087,MONITOR,176.47840009956602,176.47840009956602,304.9021777805435,598.0391288877826
L,298.5,308.1,1564,31.1,34,0,0.9896484428141404,0.0103515571858599,0,0.0103515571858599,MONITOR,186.3280293454782,186.3280293454782,305.17577859292993,597.929688562828
L,298.6,308.2,1325,54.0,41,0,0.962872747611852,0.0371272523881479,0,0.0371272523881479,SCHEDULE,318.56362619407395,668.2905429866622,318.56362619407395,592.5745495223704
L,298.4,308.2,1618,33.0,61,0,0.9896484428141404,0.0103515571858599,0,0.0103515571858599,MONITOR,186.3280293454782,186.3280293454782,305.17577859292993,597.929688562828
L,298.4,308.2,1364,45.9,63,0,0.9632517000351216,0.0367482999648781,0,0.0367482999648781,SCHEDULE,318.37414998243906,661.4693993678057,318.37414998243906,592.6503400070244
M,298.1,307.7,1445,48.0,73,0,0.9913899865868672,0.0086100134131332,0,0.0086100134131332,MONITOR,154.9802414363976,154.9802414363976,304.3050067065666,598.2779973173733
M,298.1,307.8,1514,43.5,78,0,0.9911555690380258,0.0088444309619747,0,0.0088444309619747,MONITOR,159.1997573155446,159.1997573155446,304.42221548098735,598.231113807605
M,298.0,307.5,1524,36.3,98,0,0.9916349062188062,0.0083650937811943,0,0.0083650937811943,MONITOR,150.5716880614974,150.5716880614974,304.18254689059717,598.3269812437611
H,298.1,307.7,1376,56.2,113,0,0.969061020278025,0.030938979721975,0,0.030938979721975,SCHEDULE,315.4694898609875,556.90163499555,315.4694898609875,593.812204055605
L,298.2,307.8,1476,36.8,134,0,0.9901956444389132,0.009804355561087,0,0.009804355561087,MONITOR,176.47840009956602,176.47840009956602,304.9021777805435,598.0391288877826
L,298.1,307.7,1479,45.0,136,0,0.9906568198744898,0.0093431801255104,0,0.0093431801255104,MONITOR,168.1772422591872,168.1772422591872,304.6715900627552,598.1313639748979
L,298.1,307.7,1650,34.1,138,0,0.9906568198744898,0.0093431801255104,0,0.0093431801255104,MONITOR,168.1772422591872,168.1772422591872,304.6715900627552,598.1313639748979
L,298.1,307.7,1664,27.6,145,0,0.9905854716743392,0.0094145283256611,0,0.0094145283256611,MONITOR,169.4615098618998,169.4615098618998,304.7072641628305,598.1170943348677
M,298.1,307.7,1435,40.9,147,0,0.9913899865868672,0.0086100134131332,0,0.0086100134131332,MONITOR,154.9802414363976,154.9802414363976,304.3050067065666,598.2779973173733
L,298.1,307.7,1414,48.7,159,0,0.9906568198744898,0.0093431801255104,0,0.0093431801255104,MONITOR,168.1772422591872,168.1772422591872,304.6715900627552,598.1313639748979
M,297.9,307.3,1420,47.8,171,0,0.9916349062188062,0.0083650937811943,0,0.0083650937811943,MONITOR,150.5716880614974,150.5716880614974,304.18254689059717,598.3269812437611
L,297.8,307.2,1351,56.3,174,0,0.965426756504582,0.0345732434954178,0,0.0345732434954178,SCHEDULE,317.28662174770886,622.3183829175205,317.28662174770886,593.0853513009164
L,297.8,307.2,1880,23.0,176,0,0.990501809262098,0.0094981907379024,0,0.0094981907379024,MONITOR,170.9674332822432,170.9674332822432,304.7490953689512,598.1003618524196
M,297.8,307.4,1330,51.7,183,0,0.9698474057168172,0.0301525942831831,0,0.0301525942831831,SCHEDULE,315.07629714159157,542.7466970972959,315.07629714159157,593.9694811433634
L,297.8,307.3,1327,61.0,186,1,0.863423214042812,0.1365767859571881,0,0.1365767859571881,SCHEDULE,368.28839297859406,2458.382147229386,368.28839297859406,572.6846428085623
L,297.6,307.1,1496,39.2,12,0,0.9912325758567228,0.0087674241432775,0,0.0087674241432775,MONITOR,157.813634578995,157.813634578995,304.38371207163874,598.2465151713444
H,297.7,307.2,1429,44.1,26,0,0.99154070145384,0.0084592985461604,0,0.0084592985461604,MONITOR,152.2673738308872,152.2673738308872,304.22964927308016,598.3081402907678
L,297.6,307.2,1486,40.6,42,0,0.9909017395064288,0.0090982604935715,0,0.0090982604935715,MONITOR,163.768688884287,163.768688884287,304.54913024678575,598.1803479012857
H,297.7,307.3,1249,62.8,47,0,0.8709590731361154,0.1290409268638847,0,0.1290409268638847,SCHEDULE,364.52046343194235,2322.7366835499242,364.52046343194235,574.1918146272232
L,297.9,307.7,1517,44.4,67,0,0.9906568198744898,0.0093431801255104,0,0.0093431801255104,MONITOR,168.1772422591872,168.1772422591872,304.6715900627552,598.1313639748979
M,297.9,307.7,1517,39.5,69,0,0.9913899865868672,0.0086100134131332,0,0.0086100134131332,MONITOR,154.9802414363976,154.9802414363976,304.3050067065666,598.2779973173733
L,297.9,307.7,1546,37.6,72,0,0.9906568198744898,0.0093431801255104,0,0.0093431801255104,MONITOR,168.1772422591872,168.1772422591872,304.6715900627552,598.1313639748979
M,298.1,307.9,1662,28.9,76,0,0.9911555690380258,0.0088444309619747,0,0.0088444309619747,MONITOR,159.1997573155446,159.1997573155446,304.42221548098735,598.231113807605
L,298.3,308.1,1326,58.4,90,0,0.9625670520669876,0.0374329479330121,0,0.0374329479330121,SCHEDULE,318.71647396650604,673.7930627942178,318.71647396650604,592.5134104133975
L,298.3,308.0,1242,62.0,98,0,0.9276194590325696,0.0723805409674307,0,0.0723805409674307,SCHEDULE,336.1902704837153,1302.8497374137526,336.1902704837153,585.5238918065138
M,298.2,307.7,1608,33.8,106,0,0.9913899865868672,0.0086100134131332,0,0.0086100134131332,MONITOR,154.9802414363976,154.9802414363976,304.3050067065666,598.2779973173733
L,298.1,307.7,1705,29.1,109,0,0.9905854716743392,0.0094145283256611,0,0.0094145283256611,MONITOR,169.4615098618998,169.4615098618998,304.7072641628305,598.1170943348677
M,298.0,307.6,1472,46.7,116,0,0.9916349062188062,0.0083650937811943,0,0.0083650937811943,MONITOR,150.5716880614974,150.5716880614974,304.18254689059717,598.3269812437611
L,297.9,307.6,1503,40.7,124,0,0.9909017395064288,0.0090982604935715,0,0.0090982604935715,MONITOR,163.768688884287,163.768688884287,304.54913024678575,598.1803479012857
M,297.8,307.4,1902,24.3,129,0,0.9912428686343016,0.0087571313656988,0,0.0087571313656988,MONITOR,157.6283645825784,157.6283645825784,304.3785656828494,598.2485737268603
L,297.7,307.4,1764,29.0,139,0,0.990830391306278,0.0091696086937222,0,0.0091696086937222,MONITOR,165.05295648699962,165.05295648699962,304.58480434686106,598.1660782612555
M,297.8,307.4,1438,43.6,141,0,0.9916349062188062,0.0083650937811943,0,0.0083650937811943,MONITOR,150.5716880614974,150.5716880614974,304.18254689059717,598.3269812437611
H,297.9,307.5,1880,23.3,146,0,0.99116899876705,0.0088310012329504,0,0.0088310012329504,MONITOR,158.9580221931072,158.9580221931072,304.4155006164752,598.2337997534099
H,297.9,307.6,1493,36.0,161,0,0.9915689290113808,0.0084310709886196,0,0.0084310709886196,MONITOR,151.7592777951528,151.7592777951528,304.2155354943098,598.3137858022761
L,297.9,307.6,1968,20.4,171,0,0.990501809262098,0.0094981907379024,0,0.0094981907379024,MONITOR,170.9674332822432,170.9674332822432,304.7490953689512,598.1003618524196
H,298.0,307.7,1547,36.8,186,0,0.991324009379442,0.0086759906205585,0,0.0086759906205585,MONITOR,156.167831170053,156.167831170053,304.33799531027927,598.2648018758883
M,298.0,307.8,1492,40.2,197,0,0.9911555690380258,0.0088444309619747,0,0.0088444309619747,MONITOR,159.1997573155446,159.1997573155446,304.42221548098735,598.231113807605
M,298.1,307.9,1496,40.0,0,0,0.9911555690380258,0.0088444309619747,0,0.0088444309619747,MONITOR,159.1997573155446,159.1997573155446,304.42221548098735,598.231113807605
L,298.2,308.0,1658,30.0,3,0,0.9901956444389132,0.009804355561087,0,0.009804355561087,MONITOR,176.47840009956602,176.47840009956602,304.9021777805435,598.0391288877826
L,298.0,307.8,1716,26.6,9,0,0.9901242962387626,0.0098757037612376,0,0.0098757037612376,MONITOR,177.76266770227681,177.76266770227681,304.93785188061884,598.0248592477525
L,298.0,307.7,1606,30.8,17,0,0.9906568198744898,0.0093431801255104,0,0.0093431801255104,MONITOR,168.1772422591872,168.1772422591872,304.6715900627552,598.1313639748979
H,298.0,307.8,1314,47.8,19,0,0.963695228584382,0.036304771415618,0,0.036304771415618,SCHEDULE,318.152385707809,653.485885481124,318.152385707809,592.7390457168765
M,298.1,307.9,1569,37.0,29,0,0.9911555690380258,0.0088444309619747,0,0.0088444309619747,MONITOR,159.1997573155446,159.1997573155446,304.42221548098735,598.231113807605
L,298.1,308.0,1638,35.1,38,0,0.9901956444389132,0.009804355561087,0,0.009804355561087,MONITOR,176.47840009956602,176.47840009956602,304.9021777805435,598.0391288877826
L,298.1,307.9,1517,40.8,50,0,0.9901956444389132,0.009804355561087,0,0.009804355561087,MONITOR,176.47840009956602,176.47840009956602,304.9021777805435,598.0391288877826
L,298.1,307.9,1425,58.2,57,0,0.9895109964707792,0.010489003529221,0,0.010489003529221,MONITOR,188.802063525978,188.802063525978,305.2445017646105,597.9021992941557
L,298.1,308.0,1456,42.4,59,0,0.9901956444389132,0.009804355561087,0,0.009804355561087,MONITOR,176.47840009956602,176.47840009956602,304.9021777805435,598.0391288877826
L,298.1,308.1,1616,32.8,65,0,0.9896484428141404,0.0103515571858599,0,0.0103515571858599,MONITOR,186.3280293454782,186.3280293454782,305.17577859292993,597.929688562828
L,298.0,307.8,1266,60.5,81,0,0.9554827191999932,0.0445172808000067,0,0.0445172808000067,SCHEDULE,322.25864040000334,801.3110544001206,322.25864040000334,591.0965438399986
L,297.9,307.8,1459,46.9,85,0,0.9901956444389132,0.009804355561087,0,0.009804355561087,MONITOR,176.47840009956602,176.47840009956602,304.9021777805435,598.0391288877826
M,297.9,307.7,1364,46.8,89,0,0.9699443664267584,0.0300556335732417,0,0.0300556335732417,SCHEDULE,315.02781678662086,541.0014043183505,315.02781678662086,593.9888732853517
L,298.0,307.6,1281,50.8,122,0,0.961369816434919,0.0386301835650808,0,0.0386301835650808,SCHEDULE,319.3150917825404,695.3433041714544,319.3150917825404,592.2739632869839
L,298.0,307.6,1450,48.7,138,0,0.9909017395064288,0.0090982604935715,0,0.0090982604935715,MONITOR,163.768688884287,163.768688884287,304.54913024678575,598.1803479012857
L,298.0,307.7,1422,45.6,140,0,0.9906568198744898,0.0093431801255104,0,0.0093431801255104,MONITOR,168.1772422591872,168.1772422591872,304.6715900627552,598.1313639748979
M,298.1,307.7,1419,47.4,142,0,0.9913899865868672,0.0086100134131332,0,0.0086100134131332,MONITOR,154.9802414363976,154.9802414363976,304.3050067065666,598.2779973173733
M,298.1,307.7,1633,30.7,145,0,0.9913899865868672,0.0086100134131332,0,0.0086100134131332,MONITOR,154.9802414363976,154.9802414363976,304.3050067065666,598.2779973173733
L,298.0,307.7,1442,43.6,148,0,0.9906568198744898,0.0093431801255104,0,0.0093431801255104,MONITOR,168.1772422591872,168.1772422591872,304.6715900627552,598.1313639748979
L,298.1,307.7,1537,40.8,169,0,0.9906568198744898,0.0093431801255104,0,0.0093431801255104,MONITOR,168.1772422591872,168.1772422591872,304.6715900627552,598.1313639748979
M,298.2,307.9,1403,45.1,193,0,0.9909830759845326,0.0090169240154678,0,0.0090169240154678,MONITOR,162.3046322784204,162.3046322784204,304.5084620077339,598.1966151969064
M,298.4,308.0,1416,38.2,198,1,0.9911555690380258,0.0088444309619747,0,0.0088444309619747,MONITOR,159.1997573155446,159.1997573155446,304.42221548098735,598.231113807605
H,298.3,308.0,1637,30.8,2,0,0.991056294168365,0.0089437058316353,0,0.0089437058316353,MONITOR,160.9867049694354,160.9867049694354,304.47185291581764,598.2112588336729
L,298.4,308.2,1604,34.9,11,0,0.9896484428141404,0.0103515571858599,0,0.0103515571858599,MONITOR,186.3280293454782,186.3280293454782,305.17577859292993,597.929688562828
L,298.5,308.2,1451,47.5,18,0,0.9896484428141404,0.0103515571858599,0,0.0103515571858599,MONITOR,186.3280293454782,186.3280293454782,305.17577859292993,597.929688562828
L,298.6,308.4,1397,46.4,36,0,0.9894759497606472,0.0105240502393531,0,0.0105240502393531,MONITOR,189.4329043083558,189.4329043083558,305.26202511967654,597.8951899521294
L,298.5,308.3,1458,44.0,44,0,0.9896484428141404,0.0103515571858599,0,0.0103515571858599,MONITOR,186.3280293454782,186.3280293454782,305.17577859292993,597.929688562828
L,298.7,308.5,1483,42.5,46,0,0.9896484428141404,0.0103515571858599,0,0.0103515571858599,MONITOR,186.3280293454782,186.3280293454782,305.17577859292993,597.929688562828
L,298.7,308.5,1375,46.4,48,0,0.9652776847993916,0.0347223152006083,0,0.0347223152006083,SCHEDULE,317.3611576003041,625.0016736109494,317.3611576003041,593.0555369598783
L,298.7,308.5,1480,42.2,58,0,0.9896484428141404,0.0103515571858599,0,0.0103515571858599,MONITOR,186.3280293454782,186.3280293454782,305.17577859292993,597.929688562828
L,298.9,308.6,1400,49.5,79,0,0.9894759497606472,0.0105240502393531,0,0.0105240502393531,MONITOR,189.4329043083558,189.4329043083558,305.26202511967654,597.8951899521294
M,298.8,308.5,1425,47.4,90,0,0.9909386628880568,0.0090613371119437,0,0.0090613371119437,MONITOR,163.1040680149866,163.1040680149866,304.5306685559719,598.1877325776113
M,299.0,308.9,1449,39.6,105,0,0.9909386628880568,0.0090613371119437,0,0.0090613371119437,MONITOR,163.1040680149866,163.1040680149866,304.5306685559719,598.1877325776113
M,299.1,308.9,1397,52.4,112,0,0.9907661698345636,0.0092338301654369,0,0.0092338301654369,MONITOR,166.2089429778642,166.2089429778642,304.61691508271844,598.1532339669126
L,299.3,309.1,1388,45.5,123,0,0.9894759497606472,0.0105240502393531,0,0.0105240502393531,MONITOR,189.4329043083558,189.4329043083558,305.26202511967654,597.8951899521294
M,299.4,309.2,1470,44.4,135,0,0.9907709028547588,0.0092290971452419,0,0.0092290971452419,MONITOR,166.1237486143542,166.1237486143542,304.61454857262095,598.1541805709517
L,299.5,309.3,1477,40.4,138,0,0.9896229046893684,0.0103770953106319,0,0.0103770953106319,MONITOR,186.7877155913742,186.7877155913742,305.188547655316,597.9245809378737
L,299.5,309.3,1520,42.3,149,0,0.9896229046893684,0.0103770953106319,0,0.0103770953106319,MONITOR,186.7877155913742,186.7877155913742,305.188547655316,597.9245809378737
M,299.5,309.3,1902,24.0,151,0,0.990378865270254,0.0096211347297464,0,0.0096211347297464,MONITOR,173.1804251354352,173.1804251354352,304.81056736487324,598.0757730540507
H,299.5,309.4,1386,44.4,154,0,0.99016939875468,0.0098306012453201,0,0.0098306012453201,MONITOR,176.95082241576182,176.95082241576182,304.91530062266,598.033879750936
M,299.7,309.6,1477,42.7,163,0,0.9907709028547588,0.0092290971452419,0,0.0092290971452419,MONITOR,166.1237486143542,166.1237486143542,304.61454857262095,598.1541805709517
M,299.7,309.6,1313,60.0,186,0,0.9578132156657122,0.0421867843342878,0,0.0421867843342878,SCHEDULE,321.09339216714386,759.3621180171804,321.09339216714386,591.5626431331424
L,299.6,309.5,1570,35.5,189,0,0.9892814298264108,0.0107185701735893,0,0.0107185701735893,MONITOR,192.93426312460738,192.93426312460738,305.3592850867946,597.856285965282
L,299.5,309.4,1602,31.5,193,0,0.9892814298264108,0.0107185701735893,0,0.0107185701735893,MONITOR,192.93426312460738,192.93426312460738,305.3592850867946,597.856285965282
L,299.4,309.4,1701,31.2,199,0,0.9888096548177364,0.0111903451822638,0,0.0111903451822638,MONITOR,201.4262132807484,201.4262132807484,305.59517259113187,597.7619309635472
L,299.3,309.2,2280,15.4,207,0,0.9248938228964048,0.0751061771035955,0,0.0751061771035955,SCHEDULE,337.5530885517977,1351.911187864719,337.5530885517977,584.9787645792809
H,299.4,309.3,1743,28.2,0,0,0.99088782755864,0.0091121724413603,0,0.0091121724413603,MONITOR,164.0191039444854,164.0191039444854,304.5560862206802,598.177565511728
L,299.5,309.3,1442,46.2,5,0,0.9896229046893684,0.0103770953106319,0,0.0103770953106319,MONITOR,186.7877155913742,186.7877155913742,305.188547655316,597.9245809378737
H,299.4,309.3,1439,49.7,9,0,0.990897447363729,0.0091025526362714,0,0.0091025526362714,MONITOR,163.8459474528852,163.8459474528852,304.55127631813576,598.1794894727458
L,299.4,309.2,1564,39.0,26,0,0.9896229046893684,0.0103770953106319,0,0.0103770953106319,MONITOR,186.7877155913742,186.7877155913742,305.188547655316,597.9245809378737
L,299.3,309.1,1495,44.0,55,0,0.9896484428141404,0.0103515571858599,0,0.0103515571858599,MONITOR,186.3280293454782,186.3280293454782,305.17577859292993,597.929688562828
M,299.4,309.1,1417,47.3,59,0,0.9908818447062387,0.0091181552937619,0,0.0091181552937619,MONITOR,164.1267952877142,164.1267952877142,304.55907764688095,598.1763689412476
H,299.3,309.0,1508,35.0,70,0,0.9909847138835626,0.0090152861164377,0,0.0090152861164377,MONITOR,162.27515009587862,162.27515009587862,304.50764305821883,598.1969427767125
L,299.4,309.0,1436,47.9,75,0,0.9896484428141404,0.0103515571858599,0,0.0103515571858599,MONITOR,186.3280293454782,186.3280293454782,305.17577859292993,597.929688562828
H,299.4,309.1,1373,44.1,81,0,0.9676725448846732,0.0323274551153266,0,0.0323274551153266,SCHEDULE,316.1637275576633,581.8941920758788,316.1637275576633,593.5345089769347
H,299.4,308.9,1762,29.3,91,0,0.990913365683412,0.0090866343165883,0,0.0090866343165883,MONITOR,163.5594176985894,163.5594176985894,304.54331715829414,598.1826731366823
H,299.3,308.9,1429,43.0,96,0,0.990922985488501,0.0090770145114994,0,0.0090770145114994,MONITOR,163.3862612069892,163.3862612069892,304.53850725574966,598.1845970977
M,299.3,308.9,1858,24.7,101,0,0.9897593172641004,0.0102406827359,0,0.0102406827359,MONITOR,184.3322892462,184.3322892462,305.12034136795,597.95186345282
M,299.2,308.8,1523,38.9,112,0,0.9909386628880568,0.0090613371119437,0,0.0090613371119437,MONITOR,163.1040680149866,163.1040680149866,304.5306685559719,598.1877325776113
H,299.3,309.0,1425,40.6,123,0,0.990922985488501,0.0090770145114994,0,0.0090770145114994,MONITOR,163.3862612069892,163.3862612069892,304.53850725574966,598.1845970977
H,299.4,309.0,1607,33.7,130,0,0.9909847138835626,0.0090152861164377,0,0.0090152861164377,MONITOR,162.27515009587862,162.27515009587862,304.50764305821883,598.1969427767125
L,299.4,309.0,1391,58.2,135,0,0.9887913017925132,0.0112086982074871,0,0.0112086982074871,MONITOR,201.7565677347678,201.7565677347678,305.6043491037436,597.7582603585026
L,299.4,309.1,1432,45.4,137,0,0.9896484428141404,0.0103515571858599,0,0.0103515571858599,MONITOR,186.3280293454782,186.3280293454782,305.17577859292993,597.929688562828
L,299.3,309.0,1511,47.8,148,0,0.9896484428141404,0.0103515571858599,0,0.0103515571858599,MONITOR,186.3280293454782,186.3280293454782,305.17577859292993,597.929688562828
L,299.2,308.9,1588,41.5,150,0,0.9896484428141404,0.0103515571858599,0,0.0103515571858599,MONITOR,186.3280293454782,186.3280293454782,305.17577859292993,597.929688562828
L,299.3,308.9,1623,31.1,152,0,0.9896484428141404,0.0103515571858599,0,0.0103515571858599,MONITOR,186.3280293454782,186.3280293454782,305.17577859292993,597.929688562828
L,299.3,309.0,1415,47.6,156,0,0.9896484428141404,0.0103515571858599,0,0.0103515571858599,MONITOR,186.3280293454782,186.3280293454782,305.17577859292993,597.929688562828
L,299.3,309.0,1419,46.6,158,0,0.9896484428141404,0.0103515571858599,0,0.0103515571858599,MONITOR,186.3280293454782,186.3280293454782,305.17577859292993,597.929688562828
L,299.4,308.9,1451,40.5,168,0,0.9896484428141404,0.0103515571858599,0,0.0103515571858599,MONITOR,186.3280293454782,186.3280293454782,305.17577859292993,597.929688562828
L,299.3,308.8,1647,32.9,172,0,0.9896484428141404,0.0103515571858599,0,0.0103515571858599,MONITOR,186.3280293454782,186.3280293454782,305.17577859292993,597.929688562828
L,299.4,308.9,1583,34.1,176,0,0.9896484428141404,0.0103515571858599,0,0.0103515571858599,MONITOR,186.3280293454782,186.3280293454782,305.17577859292993,597.929688562828
M,299.3,308.7,1289,51.5,185,0,0.9650367397088836,0.0349632602911168,0,0.0349632602911168,SCHEDULE,317.48163014555837,629.3386852401024,317.48163014555837,593.0073479417766
M,299.3,308.9,1767,24.8,196,0,0.9894178424011432,0.0105821575988574,0,0.0105821575988574,MONITOR,190.47883677943318,190.47883677943318,305.2910787994287,597.8835684802285
M,299.4,309.0,1939,19.8,204,0,0.9702168662492636,0.0297831337507373,0,0.0297831337507373,SCHEDULE,314.89156687536865,536.0964075132714,314.89156687536865,594.0433732498525
M,299.5,309.0,1399,49.7,207,0,0.9614369441118044,0.0385630558881961,0,0.0385630558881961,SCHEDULE,319.28152794409806,694.1350059875298,319.28152794409806,592.2873888223609
M,299.5,309.1,1420,49.5,5,0,0.9908818447062387,0.0091181552937619,0,0.0091181552937619,MONITOR,164.1267952877142,164.1267952877142,304.55907764688095,598.1763689412476
M,299.4,309.1,1500,43.3,10,0,0.9908818447062387,0.0091181552937619,0,0.0091181552937619,MONITOR,164.1267952877142,164.1267952877142,304.55907764688095,598.1763689412476
M,299.6,309.2,1393,47.7,28,0,0.9905984098012652,0.0094015901987351,0,0.0094015901987351,MONITOR,169.2286235772318,169.2286235772318,304.70079509936755,598.1196819602529
L,299.6,309.2,1602,37.3,31,0,0.9896229046893684,0.0103770953106319,0,0.0103770953106319,MONITOR,186.7877155913742,186.7877155913742,305.188547655316,597.9245809378737
L,299.6,309.2,1601,33.3,33,0,0.9896229046893684,0.0103770953106319,0,0.0103770953106319,MONITOR,186.7877155913742,186.7877155913742,305.188547655316,597.9245809378737
H,299.5,309.1,1548,44.3,40,0,0.9909847138835626,0.0090152861164377,0,0.0090152861164377,MONITOR,162.27515009587862,162.27515009587862,304.50764305821883,598.1969427767125
L,299.7,309.3,1420,44.1,60,0,0.9896229046893684,0.0103770953106319,0,0.0103770953106319,MONITOR,186.7877155913742,186.7877155913742,305.188547655316,597.9245809378737
L,299.6,309.0,1648,33.6,70,0,0.9896484428141404,0.0103515571858599,0,0.0103515571858599,MONITOR,186.3280293454782,186.3280293454782,305.17577859292993,597.929688562828
M,299.6,308.9,1568,35.3,77,0,0.9908818447062387,0.0091181552937619,0,0.0091181552937619,MONITOR,164.1267952877142,164.1267952877142,304.55907764688095,598.1763689412476
L,299.6,308.9,1613,30.8,80,0,0.9896484428141404,0.0103515571858599,0,0.0103515571858599,MONITOR,186.3280293454782,186.3280293454782,305.17577859292993,597.929688562828
M,299.7,308.9,1478,41.0,87,0,0.9908818447062387,0.0091181552937619,0,0.0091181552937619,MONITOR,164.1267952877142,164.1267952877142,304.55907764688095,598.1763689412476
M,299.8,309.1,1268,58.0,90,0,0.962733760005623,0.0372662399943771,0,0.0372662399943771,SCHEDULE,318.6331199971886,670.7923198987878,318.6331199971886,592.5467520011247
L,299.8,309.2,1591,37.5,109,0,0.9896229046893684,0.0103770953106319,0,0.0103770953106319,MONITOR,186.7877155913742,186.7877155913742,305.188547655316,597.9245809378737
H,299.8,309.2,1435,42.6,111,0,0.990897447363729,0.0091025526362714,0,0.0091025526362714,MONITOR,163.8459474528852,163.8459474528852,304.55127631813576,598.1794894727458
L,299.7,309.1,1475,40.0,123,0,0.9896484428141404,0.0103515571858599,0,0.0103515571858599,MONITOR,186.3280293454782,186.3280293454782,305.17577859292993,597.929688562828
M,299.6,309.1,1435,48.4,143,0,0.9908818447062387,0.0091181552937619,0,0.0091181552937619,MONITOR,164.1267952877142,164.1267952877142,304.55907764688095,598.1763689412476
L,299.7,309.0,1605,33.0,151,0,0.9896484428141404,0.0103515571858599,0,0.0103515571858599,MONITOR,186.3280293454782,186.3280293454782,305.17577859292993,597.929688562828
L,299.6,309.0,1413,48.5,153,0,0.9896484428141404,0.0103515571858599,0,0.0103515571858599,MONITOR,186.3280293454782,186.3280293454782,305.17577859292993,597.929688562828
L,299.4,308.7,1681,30.8,171,0,0.9895770946139896,0.0104229053860106,0,0.0104229053860106,MONITOR,187.6122969481908,187.6122969481908,305.2114526930053,597.9154189227979
L,299.5,308.7,1446,45.7,173,0,0.9896484428141404,0.0103515571858599,0,0.0103515571858599,MONITOR,186.3280293454782,186.3280293454782,305.17577859292993,597.929688562828
L,299.5,308.6,1672,30.5,177,0,0.9895770946139896,0.0104229053860106,0,0.0104229053860106,MONITOR,187.6122969481908,187.6122969481908,305.2114526930053,597.9154189227979
M,299.4,308.6,1455,42.7,183,0,0.9908818447062387,0.0091181552937619,0,0.0091181552937619,MONITOR,164.1267952877142,164.1267952877142,304.55907764688095,598.1763689412476
M,299.3,308.5,1422,43.1,186,0,0.989970920952573,0.0100290790474276,0,0.0100290790474276,MONITOR,180.5234228536968,180.5234228536968,305.01453952371384,597.9941841905145
L,299.3,308.4,1406,47.4,3,0,0.9896484428141404,0.0103515571858599,0,0.0103515571858599,MONITOR,186.3280293454782,186.3280293454782,305.17577859292993,597.929688562828
M,299.3,308.5,1304,60.6,8,0,0.9541702251005602,0.0458297748994398,0,0.0458297748994398,SCHEDULE,322.91488744971986,824.9359481899163,322.91488744971986,590.834045020112
L,299.2,308.5,1442,46.5,11,0,0.9896484428141404,0.0103515571858599,0,0.0103515571858599,MONITOR,186.3280293454782,186.3280293454782,305.17577859292993,597.929688562828
M,299.2,308.4,1396,48.7,13,0,0.9907661698345636,0.0092338301654369,0,0.0092338301654369,MONITOR,166.2089429778642,166.2089429778642,304.61691508271844,598.1532339669126
H,299.1,308.3,1424,43.4,16,0,0.990922985488501,0.0090770145114994,0,0.0090770145114994,MONITOR,163.3862612069892,163.3862612069892,304.53850725574966,598.1845970977
H,299.1,308.3,1451,42.8,21,0,0.9909847138835626,0.0090152861164377,0,0.0090152861164377,MONITOR,162.27515009587862,162.27515009587862,304.50764305821883,598.1969427767125
L,299.1,308.3,1489,38.1,32,0,0.9896484428141404,0.0103515571858599,0,0.0103515571858599,MONITOR,186.3280293454782,186.3280293454782,305.17577859292993,597.929688562828
L,299.1,308.3,1892,25.2,34,0,0.9892485125698094,0.0107514874301908,0,0.0107514874301908,MONITOR,193.5267737434344,193.5267737434344,305.3757437150954,597.8497025139618
L,299.2,308.5,1381,60.6,59,0,0.9720185246239974,0.0279814753760028,0,0.0279814753760028,SCHEDULE,313.9907376880014,503.6665567680504,313.9907376880014,594.4037049247994
L,299.2,308.5,1370,52.4,61,0,0.962872747611852,0.0371272523881479,0,0.0371272523881479,SCHEDULE,318.56362619407395,668.2905429866622,318.56362619407395,592.5745495223704
L,299.2,308.5,1821,26.1,69,0,0.9895770946139896,0.0104229053860106,0,0.0104229053860106,MONITOR,187.6122969481908,187.6122969481908,305.2114526930053,597.9154189227979
M,299.3,308.6,1448,52.1,71,0,0.989970920952573,0.0100290790474276,0,0.0100290790474276,MONITOR,180.5234228536968,180.5234228536968,305.01453952371384,597.9941841905145
L,299.3,308.6,1520,33.7,76,0,0.9896484428141404,0.0103515571858599,0,0.0103515571858599,MONITOR,186.3280293454782,186.3280293454782,305.17577859292993,597.929688562828
M,299.3,308.7,1459,35.6,87,0,0.989970920952573,0.0100290790474276,0,0.0100290790474276,MONITOR,180.5234228536968,180.5234228536968,305.01453952371384,597.9941841905145
M,299.4,308.6,1541,39.1,109,0,0.9908818447062387,0.0091181552937619,0,0.0091181552937619,MONITOR,164.1267952877142,164.1267952877142,304.55907764688095,598.1763689412476
L,299.4,308.8,1627,32.6,124,0,0.9896484428141404,0.0103515571858599,0,0.0103515571858599,MONITOR,186.3280293454782,186.3280293454782,305.17577859292993,597.929688562828
L,299.3,308.7,1802,26.0,130,0,0.9895770946139896,0.0104229053860106,0,0.0104229053860106,MONITOR,187.6122969481908,187.6122969481908,305.2114526930053,597.9154189227979
L,299.3,308.6,1371,50.5,136,0,0.962872747611852,0.0371272523881479,0,0.0371272523881479,SCHEDULE,318.56362619407395,668.2905429866622,318.56362619407395,592.5745495223704
M,299.2,308.6,1586,35.7,138,0,0.9909386628880568,0.0090613371119437,0,0.0090613371119437,MONITOR,163.1040680149866,163.1040680149866,304.5306685559719,598.1877325776113
L,299.2,308.5,1374,53.6,143,0,0.962872747611852,0.0371272523881479,0,0.0371272523881479,SCHEDULE,318.56362619407395,668.2905429866622,318.56362619407395,592.5745495223704
L,299.1,308.5,1455,39.8,145,0,0.9896484428141404,0.0103515571858599,0,0.0103515571858599,MONITOR,186.3280293454782,186.3280293454782,305.17577859292993,597.929688562828
H,299.2,308.5,1342,47.5,147,0,0.9671400079863453,0.0328599920136547,0,0.0328599920136547,SCHEDULE,316.42999600682737,591.4798562457846,316.42999600682737,593.428001597269
L,299.1,308.6,1260,57.8,152,0,0.9476395634732672,0.0523604365267325,0,0.0523604365267325,SCHEDULE,326.18021826336627,942.4878574811851,326.18021826336627,589.5279126946535
L,299.1,308.5,1371,55.5,159,0,0.9625670520669876,0.0374329479330121,0,0.0374329479330121,SCHEDULE,318.71647396650604,673.7930627942178,318.71647396650604,592.5134104133975
M,299.1,308.8,1725,26.6,172,0,0.9907270591995844,0.0092729408004161,0,0.0092729408004161,MONITOR,166.91293440748981,166.91293440748981,304.63647040020805,598.1454118399167
M,299.2,308.8,1700,33.5,185,0,0.9907270591995844,0.0092729408004161,0,0.0092729408004161,MONITOR,166.91293440748981,166.91293440748981,304.63647040020805,598.1454118399167
H,299.2,308.8,1440,39.1,188,0,0.9909847138835626,0.0090152861164377,0,0.0090152861164377,MONITOR,162.27515009587862,162.27515009587862,304.50764305821883,598.1969427767125
L,299.2,308.7,1514,41.9,196,0,0.9893069679511828,0.0106930320488173,0,0.0106930320488173,MONITOR,192.47457687871142,192.47457687871142,305.34651602440863,597.8613935902365
L,299.3,308.8,1636,29.9,201,0,0.9858317261822732,0.0141682738177269,0,0.0141682738177269,MONITOR,255.0289287190842,255.0289287190842,307.08413690886346,597.1663452364546
M,299.4,308.7,1487,52.6,205,0,0.941728489285579,0.0582715107144216,0,0.0582715107144216,SCHEDULE,329.13575535721077,1048.8871928595888,329.13575535721077,588.3456978571156
L,299.2,308.5,1378,50.4,220,1,0.8420367455007077,0.1579632544992922,0,0.1579632544992922,SCHEDULE,378.9816272496461,2843.3385809872593,378.9816272496461,568.4073491001416
L,299.1,308.1,1479,40.7,10,0,0.9896484428141404,0.0103515571858599,0,0.0103515571858599,MONITOR,186.3280293454782,186.3280293454782,305.17577859292993,597.929688562828
L,299.2,308.4,1475,38.7,22,0,0.9896484428141404,0.0103515571858599,0,0.0103515571858599,MONITOR,186.3280293454782,186.3280293454782,305.17577859292993,597.929688562828
L,299.2,308.4,1841,22.8,40,0,0.9895770946139896,0.0104229053860106,0,0.0104229053860106,MONITOR,187.6122969481908,187.6122969481908,305.2114526930053,597.9154189227979
M,299.3,308.5,1305,60.6,44,0,0.9541702251005602,0.0458297748994398,0,0.0458297748994398,SCHEDULE,322.91488744971986,824.9359481899163,322.91488744971986,590.834045020112
L,299.3,308.5,1772,26.1,52,0,0.9895770946139896,0.0104229053860106,0,0.0104229053860106,MONITOR,187.6122969481908,187.6122969481908,305.2114526930053,597.9154189227979
H,299.3,308.6,1520,41.4,67,0,0.9909847138835626,0.0090152861164377,0,0.0090152861164377,MONITOR,162.27515009587862,162.27515009587862,304.50764305821883,598.1969427767125
L,299.2,308.5,1366,49.7,74,0,0.962872747611852,0.0371272523881479,0,0.0371272523881479,SCHEDULE,318.56362619407395,668.2905429866622,318.56362619407395,592.5745495223704
M,299.2,308.4,1856,22.7,86,0,0.9907270591995844,0.0092729408004161,0,0.0092729408004161,MONITOR,166.91293440748981,166.91293440748981,304.63647040020805,598.1454118399167
L,299.3,308.5,1409,44.8,91,0,0.9896484428141404,0.0103515571858599,0,0.0103515571858599,MONITOR,186.3280293454782,186.3280293454782,305.17577859292993,597.929688562828
M,299.3,308.5,1404,49.4,93,0,0.989970920952573,0.0100290790474276,0,0.0100290790474276,MONITOR,180.5234228536968,180.5234228536968,305.01453952371384,597.9941841905145
L,299.1,308.2,1493,34.9,119,0,0.9896484428141404,0.0103515571858599,0,0.0103515571858599,MONITOR,186.3280293454782,186.3280293454782,305.17577859292993,597.929688562828
L,299.1,308.2,1568,33.3,123,0,0.9896484428141404,0.0103515571858599,0,0.0103515571858599,MONITOR,186.3280293454782,186.3280293454782,305.17577859292993,597.929688562828
L,299.1,308.3,1524,34.1,128,0,0.9896484428141404,0.0103515571858599,0,0.0103515571858599,MONITOR,186.3280293454782,186.3280293454782,305.17577859292993,597.929688562828
L,299.2,308.5,1487,41.2,140,0,0.9896484428141404,0.0103515571858599,0,0.0103515571858599,MONITOR,186.3280293454782,186.3280293454782,305.17577859292993,597.929688562828
L,299.2,308.5,1340,50.0,144,0,0.962872747611852,0.0371272523881479,0,0.0371272523881479,SCHEDULE,318.56362619407395,668.2905429866622,318.56362619407395,592.5745495223704
L,299.2,308.5,1488,40.3,148,0,0.9896484428141404,0.0103515571858599,0,0.0103515571858599,MONITOR,186.3280293454782,186.3280293454782,305.17577859292993,597.929688562828
L,299.2,308.6,1582,38.8,156,0,0.9896484428141404,0.0103515571858599,0,0.0103515571858599,MONITOR,186.3280293454782,186.3280293454782,305.17577859292993,597.929688562828
M,299.2,308.5,1594,35.8,160,0,0.9909386628880568,0.0090613371119437,0,0.0090613371119437,MONITOR,163.1040680149866,163.1040680149866,304.5306685559719,598.1877325776113
H,299.2,308.6,1462,55.0,163,0,0.9885178088467936,0.0114821911532067,0,0.0114821911532067,MONITOR,206.6794407577206,206.6794407577206,305.74109557660336,597.7035617693587
M,299.2,308.6,1367,47.6,168,0,0.967886634982642,0.0321133650173582,0,0.0321133650173582,SCHEDULE,316.0566825086791,578.0405703124477,316.0566825086791,593.5773269965283
L,299.2,308.7,1325,51.0,171,0,0.962872747611852,0.0371272523881479,0,0.0371272523881479,SCHEDULE,318.56362619407395,668.2905429866622,318.56362619407395,592.5745495223704
L,299.0,308.4,1356,52.6,188,0,0.962872747611852,0.0371272523881479,0,0.0371272523881479,SCHEDULE,318.56362619407395,668.2905429866622,318.56362619407395,592.5745495223704
L,299.1,308.6,1408,46.7,196,0,0.9893069679511828,0.0106930320488173,0,0.0106930320488173,MONITOR,192.47457687871142,192.47457687871142,305.34651602440863,597.8613935902365
L,299.0,308.4,1571,38.6,5,0,0.9896484428141404,0.0103515571858599,0,0.0103515571858599,MONITOR,186.3280293454782,186.3280293454782,305.17577859292993,597.929688562828
L,298.9,308.3,1576,36.6,7,0,0.9896484428141404,0.0103515571858599,0,0.0103515571858599,MONITOR,186.3280293454782,186.3280293454782,305.17577859292993,597.929688562828
M,298.9,308.2,2022,20.0,23,0,0.9894488653272876,0.0105511346727129,0,0.0105511346727129,MONITOR,189.92042410883218,189.92042410883218,305.27556733635646,597.8897730654575
L,299.1,308.5,1676,31.0,69,0,0.9895770946139896,0.0104229053860106,0,0.0104229053860106,MONITOR,187.6122969481908,187.6122969481908,305.2114526930053,597.9154189227979
M,299.1,308.4,1332,51.7,71,0,0.9675447546407616,0.0324552453592385,0,0.0324552453592385,SCHEDULE,316.22762267961923,584.194416466293,316.22762267961923,593.5089509281523
L,299.3,308.8,1772,25.2,89,0,0.9895770946139896,0.0104229053860106,0,0.0104229053860106,MONITOR,187.6122969481908,187.6122969481908,305.2114526930053,597.9154189227979
L,299.0,308.6,1648,30.8,98,0,0.9896484428141404,0.0103515571858599,0,0.0103515571858599,MONITOR,186.3280293454782,186.3280293454782,305.17577859292993,597.929688562828
L,299.0,308.6,1653,31.7,100,0,0.9896484428141404,0.0103515571858599,0,0.0103515571858599,MONITOR,186.3280293454782,186.3280293454782,305.17577859292993,597.929688562828
L,299.0,308.6,1297,54.2,110,0,0.9602464609035388,0.039753539096461,0,0.039753539096461,SCHEDULE,319.8767695482305,715.5637037362981,319.8767695482305,592.0492921807078
M,298.9,308.5,1534,42.9,121,0,0.9909386628880568,0.0090613371119437,0,0.0090613371119437,MONITOR,163.1040680149866,163.1040680149866,304.5306685559719,598.1877325776113
L,298.9,308.6,1481,40.7,124,0,0.9896484428141404,0.0103515571858599,0,0.0103515571858599,MONITOR,186.3280293454782,186.3280293454782,305.17577859292993,597.929688562828
L,299.0,308.6,1429,37.7,126,0,0.9896484428141404,0.0103515571858599,0,0.0103515571858599,MONITOR,186.3280293454782,186.3280293454782,305.17577859292993,597.929688562828
L,298.9,308.5,1467,44.7,136,0,0.9896484428141404,0.0103515571858599,0,0.0103515571858599,MONITOR,186.3280293454782,186.3280293454782,305.17577859292993,597.929688562828
L,298.9,308.5,1503,40.6,145,0,0.9896484428141404,0.0103515571858599,0,0.0103515571858599,MONITOR,186.3280293454782,186.3280293454782,305.17577859292993,597.929688562828
M,298.9,308.5,1456,50.0,156,0,0.9909386628880568,0.0090613371119437,0,0.0090613371119437,MONITOR,163.1040680149866,163.1040680149866,304.5306685559719,598.1877325776113
L,299.0,308.6,1734,32.4,161,0,0.9895770946139896,0.0104229053860106,0,0.0104229053860106,MONITOR,187.6122969481908,187.6122969481908,305.2114526930053,597.9154189227979
M,298.9,308.7,1402,49.8,167,0,0.9907661698345636,0.0092338301654369,0,0.0092338301654369,MONITOR,166.2089429778642,166.2089429778642,304.61691508271844,598.1532339669126
H,298.8,308.6,1524,37.7,170,0,0.9908818682048762,0.0091181317951241,0,0.0091181317951241,MONITOR,164.1263723122338,164.1263723122338,304.55906589756205,598.1763736409753
H,298.9,308.6,1623,31.0,180,0,0.9909847138835626,0.0090152861164377,0,0.0090152861164377,MONITOR,162.27515009587862,162.27515009587862,304.50764305821883,598.1969427767125
L,298.9,308.7,1356,50.7,185,0,0.962872747611852,0.0371272523881479,0,0.0371272523881479,SCHEDULE,318.56362619407395,668.2905429866622,318.56362619407395,592.5745495223704
H,298.9,308.7,1500,41.6,187,0,0.9909847138835626,0.0090152861164377,0,0.0090152861164377,MONITOR,162.27515009587862,162.27515009587862,304.50764305821883,598.1969427767125
H,299.0,308.8,1382,58.5,199,0,0.986512928932942,0.0134870710670583,0,0.0134870710670583,MONITOR,242.7672792070494,242.7672792070494,306.74353553352915,597.3025857865883
M,299.1,308.8,1491,41.0,209,0,0.9710589796849272,0.0289410203150736,0,0.0289410203150736,SCHEDULE,314.4705101575368,520.9383656713248,314.4705101575368,594.2117959369854
L,299.1,308.9,1467,47.2,218,0,0.9324606145105342,0.0675393854894658,0,0.0675393854894658,SCHEDULE,333.7696927447329,1215.7089388103843,333.7696927447329,586.4921229021069
M,299.1,308.9,1325,48.4,220,0,0.8662227145640645,0.1337772854359355,0,0.1337772854359355,SCHEDULE,366.88864271796774,2407.991137846839,366.88864271796774,573.2445429128129
L,299.2,309.0,1515,48.9,228,1,0.8823910516122936,0.1176089483877066,0,0.1176089483877066,SCHEDULE,358.8044741938533,2116.961070978719,358.8044741938533,576.4782103224587
L,299.0,308.9,1615,30.6,14,0,0.9896484428141404,0.0103515571858599,0,0.0103515571858599,MONITOR,186.3280293454782,186.3280293454782,305.17577859292993,597.929688562828
L,298.9,308.8,1530,38.3,23,0,0.9896484428141404,0.0103515571858599,0,0.0103515571858599,MONITOR,186.3280293454782,186.3280293454782,305.17577859292993,597.929688562828
L,298.8,308.5,1490,35.0,29,0,0.9896484428141404,0.0103515571858599,0,0.0103515571858599,MONITOR,186.3280293454782,186.3280293454782,305.17577859292993,597.929688562828
M,298.9,308.6,1425,49.6,35,0,0.9909386628880568,0.0090613371119437,0,0.0090613371119437,MONITOR,163.1040680149866,163.1040680149866,304.5306685559719,598.1877325776113
M,298.8,308.6,1598,35.1,52,0,0.9909386628880568,0.0090613371119437,0,0.0090613371119437,MONITOR,163.1040680149866,163.1040680149866,304.5306685559719,598.1877325776113
L,298.8,308.6,1501,35.0,55,0,0.9896484428141404,0.0103515571858599,0,0.0103515571858599,MONITOR,186.3280293454782,186.3280293454782,305.17577859292993,597.929688562828
L,298.9,308.7,1438,51.7,64,0,0.9892694903908704,0.0107305096091297,0,0.0107305096091297,MONITOR,193.1491729643346,193.1491729643346,305.36525480456487,597.8538980781741
L,298.8,308.7,1490,33.6,71,0,0.9896484428141404,0.0103515571858599,0,0.0103515571858599,MONITOR,186.3280293454782,186.3280293454782,305.17577859292993,597.929688562828
L,298.9,308.8,1281,53.9,77,0,0.9588925211751448,0.0411074788248549,0,0.0411074788248549,SCHEDULE,320.5537394124275,739.9346188473883,320.5537394124275,591.7785042350291
L,299.1,308.8,1429,50.1,84,0,0.9892694903908704,0.0107305096091297,0,0.0107305096091297,MONITOR,193.1491729643346,193.1491729643346,305.36525480456487,597.8538980781741
L,299.1,308.8,1413,42.1,86,0,0.9896484428141404,0.0103515571858599,0,0.0103515571858599,MONITOR,186.3280293454782,186.3280293454782,305.17577859292993,597.929688562828
H,299.1,308.8,1553,32.6,90,0,0.9909847138835626,0.0090152861164377,0,0.0090152861164377,MONITOR,162.27515009587862,162.27515009587862,304.50764305821883,598.1969427767125
L,299.4,309.2,1489,42.3,114,0,0.9896229046893684,0.0103770953106319,0,0.0103770953106319,MONITOR,186.7877155913742,186.7877155913742,305.188547655316,597.9245809378737
L,299.3,309.2,1541,37.2,118,0,0.9896229046893684,0.0103770953106319,0,0.0103770953106319,MONITOR,186.7877155913742,186.7877155913742,305.188547655316,597.9245809378737
H,299.3,309.1,1552,40.7,120,0,0.9909847138835626,0.0090152861164377,0,0.0090152861164377,MONITOR,162.27515009587862,162.27515009587862,304.50764305821883,598.1969427767125
M,299.4,309.1,1440,50.0,134,0,0.9908818447062387,0.0091181552937619,0,0.0091181552937619,MONITOR,164.1267952877142,164.1267952877142,304.55907764688095,598.1763689412476
H,299.5,309.2,1872,22.6,162,0,0.9905592455144596,0.0094407544855405,0,0.0094407544855405,MONITOR,169.933580739729,169.933580739729,304.72037724277027,598.1118491028919
L,299.5,309.3,1972,19.3,177,0,0.9892229744450374,0.0107770255549628,0,0.0107770255549628,MONITOR,193.9864599893304,193.9864599893304,305.38851277748137,597.8445948890073
L,299.5,309.3,1422,49.2,179,0,0.9896229046893684,0.0103770953106319,0,0.0103770953106319,MONITOR,186.7877155913742,186.7877155913742,305.188547655316,597.9245809378737
L,299.4,309.3,1391,46.6,185,0,0.989450411635875,0.0105495883641251,0,0.0105495883641251,MONITOR,189.8925905542518,189.8925905542518,305.2747941820625,597.8900823271749
L,299.3,309.1,1293,53.7,189,0,0.9500675876665976,0.0499324123334022,0,0.0499324123334022,SCHEDULE,324.9662061667011,898.7834220012395,324.9662061667011,590.0135175333196
L,299.2,309.1,1345,60.7,191,1,0.8900630373753513,0.1099369626246484,0,0.1099369626246484,SCHEDULE,354.96848131232423,1978.8653272436711,354.96848131232423,578.0126074750704
L,299.2,308.9,1342,50.8,195,0,0.9625312727488944,0.0374687272511054,0,0.0374687272511054,SCHEDULE,318.7343636255527,674.4370905198972,318.7343636255527,592.5062545497789
M,298.8,308.6,1486,41.1,13,0,0.9909386628880568,0.0090613371119437,0,0.0090613371119437,MONITOR,163.1040680149866,163.1040680149866,304.5306685559719,598.1877325776113
L,299.0,308.7,1449,38.9,18,0,0.9896484428141404,0.0103515571858599,0,0.0103515571858599,MONITOR,186.3280293454782,186.3280293454782,305.17577859292993,597.929688562828
L,299.1,308.8,1320,67.5,20,1,0.057385175510932,0.942614824489068,1,0.942614824489068,STOP,411.47703510218645,16967.066840803225,771.307412244534,411.47703510218645
M,299.3,309.2,1334,46.3,31,0,0.9674338127892816,0.0325661872107186,0,0.0325661872107186,SCHEDULE,316.2830936053593,586.1913697929348,316.2830936053593,593.4867625578563
L,299.5,309.3,1409,44.7,46,0,0.9896229046893684,0.0103770953106319,0,0.0103770953106319,MONITOR,186.7877155913742,186.7877155913742,305.188547655316,597.9245809378737
H,299.4,309.1,1547,40.9,50,0,0.9909847138835626,0.0090152861164377,0,0.0090152861164377,MONITOR,162.27515009587862,162.27515009587862,304.50764305821883,598.1969427767125
L,299.4,309.1,1957,22.1,55,0,0.9892485125698094,0.0107514874301908,0,0.0107514874301908,MONITOR,193.5267737434344,193.5267737434344,305.3757437150954,597.8497025139618
M,299.3,309.1,1571,38.3,59,0,0.989970920952573,0.0100290790474276,0,0.0100290790474276,MONITOR,180.5234228536968,180.5234228536968,305.01453952371384,597.9941841905145
L,299.3,309.1,1634,36.8,62,0,0.9896484428141404,0.0103515571858599,0,0.0103515571858599,MONITOR,186.3280293454782,186.3280293454782,305.17577859292993,597.929688562828
L,299.4,309.1,1207,66.5,66,0,0.7335986225251816,0.2664013774748183,0,0.2664013774748183,SCHEDULE,433.20068873740917,4795.224794546729,433.20068873740917,546.7197245050363
M,299.4,309.1,1461,48.6,70,0,0.9908818447062387,0.0091181552937619,0,0.0091181552937619,MONITOR,164.1267952877142,164.1267952877142,304.55907764688095,598.1763689412476
L,299.4,309.2,1556,35.7,75,0,0.9896229046893684,0.0103770953106319,0,0.0103770953106319,MONITOR,186.7877155913742,186.7877155913742,305.188547655316,597.9245809378737
M,299.5,309.3,1506,41.5,77,0,0.9907709028547588,0.0092290971452419,0,0.0092290971452419,MONITOR,166.1237486143542,166.1237486143542,304.61454857262095,598.1541805709517
M,299.6,309.4,1642,30.3,80,0,0.9907709028547588,0.0092290971452419,0,0.0092290971452419,MONITOR,166.1237486143542,166.1237486143542,304.61454857262095,598.1541805709517
M,299.6,309.4,1283,62.1,83,0,0.924246578429194,0.0757534215708063,0,0.0757534215708063,SCHEDULE,337.87671078540313,1363.5615882745135,337.87671078540313,584.8493156858387
H,299.9,309.6,1410,51.2,98,0,0.990897447363729,0.0091025526362714,0,0.0091025526362714,MONITOR,163.8459474528852,163.8459474528852,304.55127631813576,598.1794894727458
L,299.9,309.6,1294,49.7,126,0,0.9603141020908232,0.0396858979091765,0,0.0396858979091765,SCHEDULE,319.8429489545882,714.3461623651771,319.8429489545882,592.0628204181647
M,299.8,309.4,1412,47.8,130,0,0.9907709028547588,0.0092290971452419,0,0.0092290971452419,MONITOR,166.1237486143542,166.1237486143542,304.61454857262095,598.1541805709517
H,299.8,309.5,1420,46.7,136,0,0.990897447363729,0.0091025526362714,0,0.0091025526362714,MONITOR,163.8459474528852,163.8459474528852,304.55127631813576,598.1794894727458
M,299.8,309.4,1401,48.1,143,0,0.9905984098012652,0.0094015901987351,0,0.0094015901987351,MONITOR,169.2286235772318,169.2286235772318,304.70079509936755,598.1196819602529
L,299.9,309.6,1280,59.3,163,0,0.9574772242941064,0.0425227757058934,0,0.0425227757058934,SCHEDULE,321.2613878529467,765.4099627060812,321.2613878529467,591.4954448588213
L,299.9,309.5,1772,23.5,167,0,0.9895515564892176,0.0104484435107825,0,0.0104484435107825,MONITOR,188.071983194085,188.071983194085,305.2242217553912,597.9103112978435
L,299.9,309.5,1567,35.5,171,0,0.9896229046893684,0.0103770953106319,0,0.0103770953106319,MONITOR,186.7877155913742,186.7877155913742,305.188547655316,597.9245809378737
M,299.8,309.4,1751,27.0,173,0,0.9905592991662862,0.0094407008337144,0,0.0094407008337144,MONITOR,169.93261500685918,169.93261500685918,304.72035041685723,598.1118598332571
L,300.0,309.4,1395,44.5,181,0,0.989450411635875,0.0105495883641251,0,0.0105495883641251,MONITOR,189.8925905542518,189.8925905542518,305.2747941820625,597.8900823271749
L,299.9,309.3,1620,31.1,196,0,0.9892814298264108,0.0107185701735893,0,0.0107185701735893,MONITOR,192.93426312460738,192.93426312460738,305.3592850867946,597.856285965282
L,299.8,309.4,2256,15.9,201,0,0.9713612607957194,0.028638739204281,0,0.028638739204281,SCHEDULE,314.3193696021405,515.4973056770581,314.3193696021405,594.2722521591438
M,299.8,309.3,1663,35.2,208,0,0.9709167577764009,0.0290832422235998,0,0.0290832422235998,SCHEDULE,314.5416211117999,523.4983600247964,314.5416211117999,594.1833515552801
L,299.8,309.4,1467,46.2,219,0,0.9354065137200204,0.0645934862799797,0,0.0645934862799797,SCHEDULE,332.2967431399898,1162.6827530396345,332.2967431399898,587.081302744004
M,299.7,309.3,1399,41.9,221,1,0.9388780953039734,0.061121904696027,0,0.061121904696027,SCHEDULE,330.56095234801353,1100.194284528486,330.56095234801353,587.7756190607946
L,299.8,309.4,1480,40.9,2,0,0.9896229046893684,0.0103770953106319,0,0.0103770953106319,MONITOR,186.7877155913742,186.7877155913742,305.188547655316,597.9245809378737
L,299.7,309.3,1574,35.8,6,0,0.9896229046893684,0.0103770953106319,0,0.0103770953106319,MONITOR,186.7877155913742,186.7877155913742,305.188547655316,597.9245809378737
L,299.8,309.4,1460,37.4,25,0,0.9896229046893684,0.0103770953106319,0,0.0103770953106319,MONITOR,186.7877155913742,186.7877155913742,305.188547655316,597.9245809378737
L,299.8,309.4,1609,32.5,27,0,0.9896229046893684,0.0103770953106319,0,0.0103770953106319,MONITOR,186.7877155913742,186.7877155913742,305.188547655316,597.9245809378737
L,299.9,309.4,1348,52.8,31,0,0.9628472094870798,0.0371527905129199,0,0.0371527905129199,SCHEDULE,318.57639525645993,668.7502292325581,318.57639525645993,592.569441897416
L,299.9,309.4,1322,53.9,33,0,0.9628472094870798,0.0371527905129199,0,0.0371527905129199,SCHEDULE,318.57639525645993,668.7502292325581,318.57639525645993,592.569441897416
M,300.1,309.6,1625,38.0,46,0,0.9907709028547588,0.0092290971452419,0,0.0092290971452419,MONITOR,166.1237486143542,166.1237486143542,304.61454857262095,598.1541805709517
L,300.0,309.6,1452,46.0,51,0,0.9893371315781552,0.0106628684218452,0,0.0106628684218452,MONITOR,191.9316315932136,191.9316315932136,305.33143421092257,597.867426315631
L,300.0,309.4,2010,20.0,55,0,0.9892229744450374,0.0107770255549628,0,0.0107770255549628,MONITOR,193.9864599893304,193.9864599893304,305.38851277748137,597.8445948890073
M,299.7,309.2,1608,34.4,68,0,0.9907709028547588,0.0092290971452419,0,0.0092290971452419,MONITOR,166.1237486143542,166.1237486143542,304.61454857262095,598.1541805709517
L,299.6,309.1,1641,35.8,81,0,0.9896484428141404,0.0103515571858599,0,0.0103515571858599,MONITOR,186.3280293454782,186.3280293454782,305.17577859292993,597.929688562828
L,299.6,309.1,1407,50.6,85,0,0.9892694903908704,0.0107305096091297,0,0.0107305096091297,MONITOR,193.1491729643346,193.1491729643346,305.36525480456487,597.8538980781741
L,299.5,309.0,1498,44.6,101,0,0.9896484428141404,0.0103515571858599,0,0.0103515571858599,MONITOR,186.3280293454782,186.3280293454782,305.17577859292993,597.929688562828
L,299.5,309.1,1357,47.3,106,0,0.9632517000351216,0.0367482999648781,0,0.0367482999648781,SCHEDULE,318.37414998243906,661.4693993678057,318.37414998243906,592.6503400070244
L,299.5,309.2,1690,29.2,108,0,0.9895515564892176,0.0104484435107825,0,0.0104484435107825,MONITOR,188.071983194085,188.071983194085,305.2242217553912,597.9103112978435
L,299.6,309.2,1559,39.1,110,0,0.9896229046893684,0.0103770953106319,0,0.0103770953106319,MONITOR,186.7877155913742,186.7877155913742,305.188547655316,597.9245809378737
M,299.6,309.3,1553,32.4,112,0,0.9907709028547588,0.0092290971452419,0,0.0092290971452419,MONITOR,166.1237486143542,166.1237486143542,304.61454857262095,598.1541805709517
L,299.6,309.3,1558,34.8,115,0,0.9896229046893684,0.0103770953106319,0,0.0103770953106319,MONITOR,186.7877155913742,186.7877155913742,305.188547655316,597.9245809378737
M,299.8,309.3,1470,42.7,119,0,0.9907709028547588,0.0092290971452419,0,0.0092290971452419,MONITOR,166.1237486143542,166.1237486143542,304.61454857262095,598.1541805709517
L,299.7,309.3,1434,38.5,127,0,0.9896229046893684,0.0103770953106319,0,0.0103770953106319,MONITOR,186.7877155913742,186.7877155913742,305.188547655316,597.9245809378737
L,299.7,309.2,1412,45.4,147,0,0.9896229046893684,0.0103770953106319,0,0.0103770953106319,MONITOR,186.7877155913742,186.7877155913742,305.188547655316,597.9245809378737
L,299.8,309.2,1572,35.4,158,0,0.9896229046893684,0.0103770953106319,0,0.0103770953106319,MONITOR,186.7877155913742,186.7877155913742,305.188547655316,597.9245809378737
L,299.6,309.0,1525,42.8,160,0,0.9896484428141404,0.0103515571858599,0,0.0103515571858599,MONITOR,186.3280293454782,186.3280293454782,305.17577859292993,597.929688562828
L,299.7,309.2,1631,35.1,177,0,0.9896229046893684,0.0103770953106319,0,0.0103770953106319,MONITOR,186.7877155913742,186.7877155913742,305.188547655316,597.9245809378737
L,299.7,309.1,1417,50.1,187,0,0.9892694903908704,0.0107305096091297,0,0.0107305096091297,MONITOR,193.1491729643346,193.1491729643346,305.36525480456487,597.8538980781741
L,299.7,309.2,1478,38.8,199,0,0.9888810030178872,0.0111189969821131,0,0.0111189969821131,MONITOR,200.1419456780358,200.1419456780358,305.55949849105656,597.7762006035774
M,299.7,309.2,1412,45.3,205,0,0.9742061348673622,0.0257938651326385,0,0.0257938651326385,SCHEDULE,312.89693256631926,464.289572387493,312.89693256631926,594.8412269734723
L,299.8,309.3,1299,65.1,212,1,0.2862600045779804,0.7137399954220197,1,0.7137399954220197,STOP,457.25200091559606,12847.319917596355,656.8699977110099,457.25200091559606
L,299.8,309.2,1479,44.4,214,0,0.9571681550297132,0.042831844970287,0,0.042831844970287,SCHEDULE,321.4159224851435,770.973209465166,321.4159224851435,591.4336310059425
M,299.9,309.4,1399,54.8,3,0,0.9898079011192142,0.0101920988807862,0,0.0101920988807862,MONITOR,183.4577798541516,183.4577798541516,305.09604944039313,597.9615802238428
L,300.0,309.5,1925,21.9,9,0,0.9892229744450374,0.0107770255549628,0,0.0107770255549628,MONITOR,193.9864599893304,193.9864599893304,305.38851277748137,597.8445948890073
L,300.0,309.6,1364,45.9,16,0,0.9629403887991363,0.0370596112008635,0,0.0370596112008635,SCHEDULE,318.52980560043176,667.0730016155429,318.52980560043176,592.5880777598273
L,299.9,309.4,1467,41.2,20,0,0.9896229046893684,0.0103770953106319,0,0.0103770953106319,MONITOR,186.7877155913742,186.7877155913742,305.188547655316,597.9245809378737
L,300.1,309.4,1559,39.7,24,0,0.9896229046893684,0.0103770953106319,0,0.0103770953106319,MONITOR,186.7877155913742,186.7877155913742,305.188547655316,597.9245809378737
L,300.1,309.4,1453,47.6,28,0,0.9896229046893684,0.0103770953106319,0,0.0103770953106319,MONITOR,186.7877155913742,186.7877155913742,305.188547655316,597.9245809378737
L,300.0,309.4,1308,50.2,32,0,0.9602209227787668,0.039779077221233,0,0.039779077221233,SCHEDULE,319.8895386106165,716.023389982194,319.8895386106165,592.0441845557534
L,300.2,309.5,2183,17.8,39,0,0.9892229744450374,0.0107770255549628,0,0.0107770255549628,MONITOR,193.9864599893304,193.9864599893304,305.38851277748137,597.8445948890073
M,300.2,309.6,1491,41.8,41,0,0.9907709028547588,0.0092290971452419,0,0.0092290971452419,MONITOR,166.1237486143542,166.1237486143542,304.61454857262095,598.1541805709517
L,300.2,309.6,1430,52.7,47,0,0.9893371315781552,0.0106628684218452,0,0.0106628684218452,MONITOR,191.9316315932136,191.9316315932136,305.33143421092257,597.867426315631
M,300.2,309.5,1630,28.3,51,0,0.9907709028547588,0.0092290971452419,0,0.0092290971452419,MONITOR,166.1237486143542,166.1237486143542,304.61454857262095,598.1541805709517
L,300.4,309.7,1584,32.6,71,0,0.9893371315781552,0.0106628684218452,0,0.0106628684218452,MONITOR,191.9316315932136,191.9316315932136,305.33143421092257,597.867426315631
L,300.4,309.6,1553,43.9,75,0,0.9893371315781552,0.0106628684218452,0,0.0106628684218452,MONITOR,191.9316315932136,191.9316315932136,305.33143421092257,597.867426315631
L,300.2,309.5,1539,35.3,80,0,0.9896229046893684,0.0103770953106319,0,0.0103770953106319,MONITOR,186.7877155913742,186.7877155913742,305.188547655316,597.9245809378737
M,300.3,309.6,1509,46.6,95,0,0.9907709028547588,0.0092290971452419,0,0.0092290971452419,MONITOR,166.1237486143542,166.1237486143542,304.61454857262095,598.1541805709517
L,300.0,309.4,1460,43.5,102,0,0.9896229046893684,0.0103770953106319,0,0.0103770953106319,MONITOR,186.7877155913742,186.7877155913742,305.188547655316,597.9245809378737
L,299.9,309.3,1471,41.8,109,0,0.9896229046893684,0.0103770953106319,0,0.0103770953106319,MONITOR,186.7877155913742,186.7877155913742,305.188547655316,597.9245809378737
L,299.8,309.1,1772,24.8,113,0,0.9895770946139896,0.0104229053860106,0,0.0104229053860106,MONITOR,187.6122969481908,187.6122969481908,305.2114526930053,597.9154189227979
M,300.1,309.4,1569,31.6,124,0,0.9907709028547588,0.0092290971452419,0,0.0092290971452419,MONITOR,166.1237486143542,166.1237486143542,304.61454857262095,598.1541805709517
L,300.2,309.5,1729,28.4,131,0,0.9895515564892176,0.0104484435107825,0,0.0104484435107825,MONITOR,188.071983194085,188.071983194085,305.2242217553912,597.9103112978435
M,300.3,309.6,1419,42.5,137,0,0.9907709028547588,0.0092290971452419,0,0.0092290971452419,MONITOR,166.1237486143542,166.1237486143542,304.61454857262095,598.1541805709517
M,300.3,309.5,1320,62.2,142,0,0.9168715620659096,0.0831284379340906,0,0.0831284379340906,SCHEDULE,341.5642189670453,1496.3118828136307,341.5642189670453,583.3743124131819
M,300.3,309.4,1612,33.1,150,0,0.9907709028547588,0.0092290971452419,0,0.0092290971452419,MONITOR,166.1237486143542,166.1237486143542,304.61454857262095,598.1541805709517
M,300.4,309.4,1875,23.9,155,0,0.990378865270254,0.0096211347297464,0,0.0096211347297464,MONITOR,173.1804251354352,173.1804251354352,304.81056736487324,598.0757730540507
L,300.3,309.3,1612,36.0,158,0,0.9896229046893684,0.0103770953106319,0,0.0103770953106319,MONITOR,186.7877155913742,186.7877155913742,305.188547655316,597.9245809378737
M,300.4,309.3,1411,41.6,160,0,0.9907709028547588,0.0092290971452419,0,0.0092290971452419,MONITOR,166.1237486143542,166.1237486143542,304.61454857262095,598.1541805709517
M,300.4,309.3,1467,40.3,166,0,0.9907709028547588,0.0092290971452419,0,0.0092290971452419,MONITOR,166.1237486143542,166.1237486143542,304.61454857262095,598.1541805709517
L,300.3,309.2,1572,32.0,173,0,0.9896229046893684,0.0103770953106319,0,0.0103770953106319,MONITOR,186.7877155913742,186.7877155913742,305.188547655316,597.9245809378737
M,300.3,309.1,1458,44.3,175,0,0.9908818447062387,0.0091181552937619,0,0.0091181552937619,MONITOR,164.1267952877142,164.1267952877142,304.55907764688095,598.1763689412476
M,300.4,309.4,1362,42.1,182,0,0.9677188749493436,0.0322811250506564,0,0.0322811250506564,SCHEDULE,316.14056252532816,581.0602509118152,316.14056252532816,593.5437749898687
L,300.3,309.2,1532,40.2,194,0,0.9892814298264108,0.0107185701735893,0,0.0107185701735893,MONITOR,192.93426312460738,192.93426312460738,305.3592850867946,597.856285965282
L,300.3,309.2,1412,44.8,200,0,0.9858317261822732,0.0141682738177269,0,0.0141682738177269,MONITOR,255.0289287190842,255.0289287190842,307.08413690886346,597.1663452364546
M,300.3,309.3,1391,57.9,204,0,0.9224712854286083,0.0775287145713923,0,0.0775287145713923,SCHEDULE,338.7643572856961,1395.5168622850613,338.7643572856961,584.4942570857215
L,300.5,309.3,1470,40.8,219,0,0.9354065137200204,0.0645934862799797,0,0.0645934862799797,SCHEDULE,332.2967431399898,1162.6827530396345,332.2967431399898,587.081302744004
L,300.5,309.3,1528,37.0,221,0,0.9354065137200204,0.0645934862799797,0,0.0645934862799797,SCHEDULE,332.2967431399898,1162.6827530396345,332.2967431399898,587.081302744004
H,300.5,309.3,1471,45.2,223,0,0.9456851936263316,0.0543148063736685,0,0.0543148063736685,SCHEDULE,327.15740318683424,977.666514726033,327.15740318683424,589.1370387252664
L,300.7,309.5,1479,43.6,240,0,0.930117176795964,0.0698828232040362,0,0.0698828232040362,SCHEDULE,334.9414116020181,1257.8908176726516,334.9414116020181,586.0234353591927
H,300.6,309.4,1380,47.6,246,1,0.4311625155955657,0.5688374844044344,1,0.5688374844044344,STOP,486.2325031191131,10239.074719279819,584.4187422022172,486.2325031191131
L,300.8,309.7,1997,20.7,5,0,0.9889290976061096,0.0110709023938909,0,0.0110709023938909,MONITOR,199.2762430900362,199.2762430900362,305.5354511969454,597.7858195212218
M,300.7,309.6,1536,37.2,19,0,0.990762799127044,0.0092372008729567,0,0.0092372008729567,MONITOR,166.2696157132206,166.2696157132206,304.61860043647835,598.1525598254086
H,300.6,309.4,1555,37.9,24,0,0.990951072031076,0.0090489279689244,0,0.0090489279689244,MONITOR,162.88070344063922,162.88070344063922,304.5244639844622,598.1902144062151
H,300.5,309.4,1502,34.3,40,0,0.990951072031076,0.0090489279689244,0,0.0090489279689244,MONITOR,162.88070344063922,162.88070344063922,304.5244639844622,598.1902144062151
L,300.6,309.5,1437,40.0,55,0,0.9896148009616536,0.0103851990383466,0,0.0103851990383466,MONITOR,186.9335826902388,186.9335826902388,305.1925995191733,597.9229601923307
M,300.5,309.5,1320,49.9,59,0,0.9674338127892816,0.0325661872107186,0,0.0325661872107186,SCHEDULE,316.2830936053593,586.1913697929348,316.2830936053593,593.4867625578563
M,300.7,309.7,1523,38.2,73,0,0.990762799127044,0.0092372008729567,0,0.0092372008729567,MONITOR,166.2696157132206,166.2696157132206,304.61860043647835,598.1525598254086
L,300.6,309.6,1682,30.7,78,0,0.9892576796502895,0.0107423203497106,0,0.0107423203497106,MONITOR,193.3617662947908,193.3617662947908,305.37116017485533,597.8515359300579
L,300.7,309.6,1329,54.3,80,0,0.9629403887991363,0.0370596112008635,0,0.0370596112008635,SCHEDULE,318.52980560043176,667.0730016155429,318.52980560043176,592.5880777598273
L,300.7,309.6,1733,24.8,85,0,0.9892576796502895,0.0107423203497106,0,0.0107423203497106,MONITOR,193.3617662947908,193.3617662947908,305.37116017485533,597.8515359300579
M,300.6,309.5,1530,40.2,93,0,0.990762799127044,0.0092372008729567,0,0.0092372008729567,MONITOR,166.2696157132206,166.2696157132206,304.61860043647835,598.1525598254086
M,300.7,309.5,1733,26.7,108,0,0.9905511954385716,0.0094488045614291,0,0.0094488045614291,MONITOR,170.0784821057238,170.0784821057238,304.72440228071457,598.1102390877141
L,300.6,309.4,1552,36.4,113,0,0.9896148009616536,0.0103851990383466,0,0.0103851990383466,MONITOR,186.9335826902388,186.9335826902388,305.1925995191733,597.9229601923307
H,300.6,309.6,1888,20.5,133,0,0.990551141786745,0.0094488582132553,0,0.0094488582132553,MONITOR,170.0794478385954,170.0794478385954,304.72442910662767,598.110228357349
L,300.5,309.5,1255,62.1,138,0,0.9270722574077966,0.0729277425922036,0,0.0729277425922036,SCHEDULE,336.4638712961018,1312.6993666596647,336.4638712961018,585.4144514815592
L,300.8,309.7,1481,38.1,153,0,0.9893290278504404,0.01067097214956,0,0.01067097214956,MONITOR,192.07749869208,192.07749869208,305.33548607477996,597.8658055700879
H,300.7,309.6,1403,51.3,174,0,0.990716850582521,0.0092831494174793,0,0.0092831494174793,MONITOR,167.0966895146274,167.0966895146274,304.64157470873965,598.1433701165042
M,300.8,309.7,1680,28.2,189,0,0.990349976063936,0.0096500239360648,0,0.0096500239360648,MONITOR,173.7004308491664,173.7004308491664,304.8250119680324,598.069995212787
L,300.7,309.5,1461,49.9,0,0,0.9892358485383838,0.0107641514616164,0,0.0107641514616164,MONITOR,193.7547263090952,193.7547263090952,305.3820757308082,597.8471697076768
H,300.7,309.5,2007,19.7,2,0,0.990551141786745,0.0094488582132553,0,0.0094488582132553,MONITOR,170.0794478385954,170.0794478385954,304.72442910662767,598.110228357349
M,300.7,309.5,1622,30.5,14,0,0.990762799127044,0.0092372008729567,0,0.0092372008729567,MONITOR,166.2696157132206,166.2696157132206,304.61860043647835,598.1525598254086
M,300.7,309.4,1589,35.0,52,0,0.990762799127044,0.0092372008729567,0,0.0092372008729567,MONITOR,166.2696157132206,166.2696157132206,304.61860043647835,598.1525598254086
L,300.7,309.5,1508,39.9,59,0,0.9896148009616536,0.0103851990383466,0,0.0103851990383466,MONITOR,186.9335826902388,186.9335826902388,305.1925995191733,597.9229601923307
M,300.7,309.5,1838,24.9,66,0,0.9905511954385716,0.0094488045614291,0,0.0094488045614291,MONITOR,170.0784821057238,170.0784821057238,304.72440228071457,598.1102390877141
H,300.5,309.4,1360,46.2,93,0,0.9671144698615732,0.0328855301384267,0,0.0328855301384267,SCHEDULE,316.44276506921335,591.9395424916805,316.44276506921335,593.4228939723147
M,300.5,309.3,1881,25.5,98,0,0.9903707615425392,0.0096292384574612,0,0.0096292384574612,MONITOR,173.32629223430158,173.32629223430158,304.8146192287306,598.0741523085078
H,300.5,309.4,1642,36.2,103,0,0.990951072031076,0.0090489279689244,0,0.0090489279689244,MONITOR,162.88070344063922,162.88070344063922,304.5244639844622,598.1902144062151
L,300.6,309.8,1455,48.0,125,0,0.9888720454361746,0.0111279545638257,0,0.0111279545638257,MONITOR,200.30318214886262,200.30318214886262,305.56397728191286,597.7744090872349
M,300.6,309.8,1532,42.5,130,0,0.9903058167127782,0.0096941832872224,0,0.0096941832872224,MONITOR,174.49529917000322,174.49529917000322,304.84709164361124,598.0611633425556
M,300.6,309.9,1449,42.4,169,0,0.9903058167127782,0.0096941832872224,0,0.0096941832872224,MONITOR,174.49529917000322,174.49529917000322,304.84709164361124,598.0611633425556
M,300.2,309.5,1434,51.5,189,0,0.9904294279918012,0.0095705720081994,0,0.0095705720081994,MONITOR,172.27029614758922,172.27029614758922,304.7852860040997,598.0858855983602
L,300.5,309.7,1589,30.5,198,0,0.988987552987483,0.0110124470125174,0,0.0110124470125174,MONITOR,198.2240462253132,198.2240462253132,305.50622350625866,597.7975105974965
L,300.5,309.6,1760,30.6,213,0,0.959227517059034,0.0407724829409663,0,0.0407724829409663,SCHEDULE,320.3862414704831,733.9046929373933,320.3862414704831,591.8455034118067
L,300.5,309.6,1366,50.2,219,0,0.8429754348006813,0.1570245651993185,0,0.1570245651993185,SCHEDULE,378.5122825996592,2826.442173587733,378.5122825996592,568.5950869601363
L,300.5,309.5,1379,55.6,2,0,0.9660424511190248,0.0339575488809749,0,0.0339575488809749,SCHEDULE,316.9787744404875,611.2358798575482,316.9787744404875,593.208490223805
M,300.3,309.5,1665,31.4,32,0,0.990699554654608,0.0093004453453926,0,0.0093004453453926,MONITOR,167.40801621706677,167.40801621706677,304.6502226726963,598.1399109309215
L,300.3,309.5,1474,38.7,35,0,0.9896229046893684,0.0103770953106319,0,0.0103770953106319,MONITOR,186.7877155913742,186.7877155913742,305.188547655316,597.9245809378737
L,300.3,309.5,1551,37.9,42,0,0.9896229046893684,0.0103770953106319,0,0.0103770953106319,MONITOR,186.7877155913742,186.7877155913742,305.188547655316,597.9245809378737
M,300.2,309.4,1501,40.0,48,0,0.9907709028547588,0.0092290971452419,0,0.0092290971452419,MONITOR,166.1237486143542,166.1237486143542,304.61454857262095,598.1541805709517
L,300.2,309.4,1558,38.3,51,0,0.9896229046893684,0.0103770953106319,0,0.0103770953106319,MONITOR,186.7877155913742,186.7877155913742,305.188547655316,597.9245809378737
L,300.1,309.1,1400,46.7,77,0,0.9894759497606472,0.0105240502393531,0,0.0105240502393531,MONITOR,189.4329043083558,189.4329043083558,305.26202511967654,597.8951899521294
L,300.1,309.1,1353,58.7,86,0,0.9625670520669876,0.0374329479330121,0,0.0374329479330121,SCHEDULE,318.71647396650604,673.7930627942178,318.71647396650604,592.5134104133975
L,300.0,309.1,1431,45.4,90,0,0.9896484428141404,0.0103515571858599,0,0.0103515571858599,MONITOR,186.3280293454782,186.3280293454782,305.17577859292993,597.929688562828
H,300.0,309.0,1622,31.8,103,0,0.9909847138835626,0.0090152861164377,0,0.0090152861164377,MONITOR,162.27515009587862,162.27515009587862,304.50764305821883,598.1969427767125
L,300.0,309.1,1631,28.3,110,0,0.9896484428141404,0.0103515571858599,0,0.0103515571858599,MONITOR,186.3280293454782,186.3280293454782,305.17577859292993,597.929688562828
M,300.0,309.3,1932,21.8,135,0,0.990378865270254,0.0096211347297464,0,0.0096211347297464,MONITOR,173.1804251354352,173.1804251354352,304.81056736487324,598.0757730540507
M,300.0,309.3,1407,43.9,138,0,0.9907709028547588,0.0092290971452419,0,0.0092290971452419,MONITOR,166.1237486143542,166.1237486143542,304.61454857262095,598.1541805709517
L,300.1,309.2,1441,42.9,148,0,0.9896229046893684,0.0103770953106319,0,0.0103770953106319,MONITOR,186.7877155913742,186.7877155913742,305.188547655316,597.9245809378737
M,300.0,309.1,1474,45.2,152,0,0.9908818447062387,0.0091181552937619,0,0.0091181552937619,MONITOR,164.1267952877142,164.1267952877142,304.55907764688095,598.1763689412476
M,300.0,309.1,1624,30.8,155,0,0.9908818447062387,0.0091181552937619,0,0.0091181552937619,MONITOR,164.1267952877142,164.1267952877142,304.55907764688095,598.1763689412476
L,300.0,309.3,1972,22.0,175,0,0.9892229744450374,0.0107770255549628,0,0.0107770255549628,MONITOR,193.9864599893304,193.9864599893304,305.38851277748137,597.8445948890073
M,299.9,309.1,1513,43.8,188,0,0.9908818447062387,0.0091181552937619,0,0.0091181552937619,MONITOR,164.1267952877142,164.1267952877142,304.55907764688095,598.1763689412476
H,299.8,309.0,1467,37.3,193,0,0.9906432390206052,0.0093567609793951,0,0.0093567609793951,MONITOR,168.4216976291118,168.4216976291118,304.6783804896976,598.128647804121
M,300.1,309.3,1469,43.9,20,0,0.9907709028547588,0.0092290971452419,0,0.0092290971452419,MONITOR,166.1237486143542,166.1237486143542,304.61454857262095,598.1541805709517
M,300.2,309.5,1458,46.9,23,0,0.9907709028547588,0.0092290971452419,0,0.0092290971452419,MONITOR,166.1237486143542,166.1237486143542,304.61454857262095,598.1541805709517
L,300.1,309.4,1858,23.6,26,0,0.9895515564892176,0.0104484435107825,0,0.0104484435107825,MONITOR,188.071983194085,188.071983194085,305.2242217553912,597.9103112978435
L,300.4,309.9,1567,36.5,72,0,0.9888801491638892,0.011119850836111,0,0.011119850836111,MONITOR,200.157315049998,200.157315049998,305.5599254180555,597.7760298327778
L,300.4,309.9,1376,43.5,74,0,0.9617189047955766,0.0382810952044234,0,0.0382810952044234,SCHEDULE,319.1405476022117,689.0597136796213,319.1405476022117,592.3437809591154
M,300.5,309.9,1780,26.5,101,0,0.9900942130243056,0.0099057869756948,0,0.0099057869756948,MONITOR,178.30416556250643,178.30416556250643,304.9528934878474,598.018842604861
L,300.4,309.7,1467,36.9,131,0,0.9893371315781552,0.0106628684218452,0,0.0106628684218452,MONITOR,191.9316315932136,191.9316315932136,305.33143421092257,597.867426315631
L,300.5,309.9,1480,40.0,148,0,0.9888720454361746,0.0111279545638257,0,0.0111279545638257,MONITOR,200.30318214886262,200.30318214886262,305.56397728191286,597.7744090872349
M,300.4,309.7,1539,37.7,156,0,0.9907709028547588,0.0092290971452419,0,0.0092290971452419,MONITOR,166.1237486143542,166.1237486143542,304.61454857262095,598.1541805709517
M,300.4,309.6,1614,30.3,161,0,0.9907709028547588,0.0092290971452419,0,0.0092290971452419,MONITOR,166.1237486143542,166.1237486143542,304.61454857262095,598.1541805709517
L,300.4,309.6,1386,56.9,170,0,0.9888589429797976,0.0111410570202026,0,0.0111410570202026,MONITOR,200.5390263636468,200.5390263636468,305.5705285101013,597.7717885959595
L,300.3,309.6,1624,32.6,175,0,0.9893371315781552,0.0106628684218452,0,0.0106628684218452,MONITOR,191.9316315932136,191.9316315932136,305.33143421092257,597.867426315631
L,300.1,309.3,1570,36.8,189,0,0.9892814298264108,0.0107185701735893,0,0.0107185701735893,MONITOR,192.93426312460738,192.93426312460738,305.3592850867946,597.856285965282
M,300.2,309.4,1433,48.8,191,0,0.9904294279918012,0.0095705720081994,0,0.0095705720081994,MONITOR,172.27029614758922,172.27029614758922,304.7852860040997,598.0858855983602
M,300.1,309.3,1443,50.3,196,0,0.9904294279918012,0.0095705720081994,0,0.0095705720081994,MONITOR,172.27029614758922,172.27029614758922,304.7852860040997,598.0858855983602
L,300.1,309.3,1685,27.1,203,0,0.976188744625934,0.0238112553740663,0,0.0238112553740663,SCHEDULE,311.9056276870332,428.60259673319337,311.9056276870332,595.2377489251868
L,300.1,309.1,1551,33.7,214,0,0.9571681550297132,0.042831844970287,0,0.042831844970287,SCHEDULE,321.4159224851435,770.973209465166,321.4159224851435,591.4336310059425
M,300.1,309.2,1418,39.8,221,0,0.9469707677177666,0.0530292322822339,0,0.0530292322822339,SCHEDULE,326.51461614111696,954.5261810802102,326.51461614111696,589.3941535435532
M,300.0,309.2,1635,32.4,4,0,0.9907709028547588,0.0092290971452419,0,0.0092290971452419,MONITOR,166.1237486143542,166.1237486143542,304.61454857262095,598.1541805709517
M,300.0,309.1,1463,45.7,11,0,0.9908818447062387,0.0091181552937619,0,0.0091181552937619,MONITOR,164.1267952877142,164.1267952877142,304.55907764688095,598.1763689412476
M,300.1,309.2,1454,44.4,19,0,0.9907709028547588,0.0092290971452419,0,0.0092290971452419,MONITOR,166.1237486143542,166.1237486143542,304.61454857262095,598.1541805709517
L,300.2,309.1,1479,47.0,22,0,0.9896484428141404,0.0103515571858599,0,0.0103515571858599,MONITOR,186.3280293454782,186.3280293454782,305.17577859292993,597.929688562828
M,300.1,309.1,1533,38.0,26,0,0.9908818447062387,0.0091181552937619,0,0.0091181552937619,MONITOR,164.1267952877142,164.1267952877142,304.55907764688095,598.1763689412476
L,300.1,309.0,1404,54.8,29,0,0.9892694903908704,0.0107305096091297,0,0.0107305096091297,MONITOR,193.1491729643346,193.1491729643346,305.36525480456487,597.8538980781741
M,300.2,309.0,1642,31.2,37,0,0.9908818447062387,0.0091181552937619,0,0.0091181552937619,MONITOR,164.1267952877142,164.1267952877142,304.55907764688095,598.1763689412476
L,300.3,309.2,1462,51.4,48,0,0.9892439522660984,0.0107560477339017,0,0.0107560477339017,MONITOR,193.60885921023058,193.60885921023058,305.37802386695085,597.8487904532197
L,300.4,309.2,1752,29.0,52,0,0.9895515564892176,0.0104484435107825,0,0.0104484435107825,MONITOR,188.071983194085,188.071983194085,305.2242217553912,597.9103112978435
H,300.4,309.3,1396,51.2,54,0,0.9907249543102356,0.0092750456897646,0,0.0092750456897646,MONITOR,166.95082241576281,166.95082241576281,304.6375228448823,598.1449908620472
L,300.6,309.6,1426,53.6,66,0,0.9893290278504404,0.01067097214956,0,0.01067097214956,MONITOR,192.07749869208,192.07749869208,305.33548607477996,597.8658055700879
M,300.7,309.6,1525,36.5,71,0,0.990762799127044,0.0092372008729567,0,0.0092372008729567,MONITOR,166.2696157132206,166.2696157132206,304.61860043647835,598.1525598254086
L,300.6,309.6,1423,49.1,74,0,0.9893290278504404,0.01067097214956,0,0.01067097214956,MONITOR,192.07749869208,192.07749869208,305.33548607477996,597.8658055700879
M,300.7,309.7,1435,44.7,76,0,0.990762799127044,0.0092372008729567,0,0.0092372008729567,MONITOR,166.2696157132206,166.2696157132206,304.61860043647835,598.1525598254086
M,300.5,309.3,1589,34.9,91,0,0.990762799127044,0.0092372008729567,0,0.0092372008729567,MONITOR,166.2696157132206,166.2696157132206,304.61860043647835,598.1525598254086
L,300.5,309.3,1475,46.8,94,0,0.9896148009616536,0.0103851990383466,0,0.0103851990383466,MONITOR,186.9335826902388,186.9335826902388,305.1925995191733,597.9229601923307
L,300.7,309.3,1580,38.3,102,0,0.9896148009616536,0.0103851990383466,0,0.0103851990383466,MONITOR,186.9335826902388,186.9335826902388,305.1925995191733,597.9229601923307
L,301.0,309.6,1724,28.1,133,0,0.9893062233396102,0.0106937766603902,0,0.0106937766603902,MONITOR,192.48797988702358,192.48797988702358,305.3468883301951,597.861244667922
M,301.0,309.6,1588,32.7,138,0,0.9908113428163644,0.0091886571836363,0,0.0091886571836363,MONITOR,165.3958293054534,165.3958293054534,304.5943285918181,598.1622685632727
M,301.0,309.8,1594,31.1,143,0,0.9903543604020986,0.009645639597902,0,0.009645639597902,MONITOR,173.621512762236,173.621512762236,304.822819798951,598.0708720804197
M,301.0,309.7,1511,39.3,146,0,0.9908113428163644,0.0091886571836363,0,0.0091886571836363,MONITOR,165.3958293054534,165.3958293054534,304.5943285918181,598.1622685632727
L,301.1,309.8,1493,38.9,149,0,0.988920589125495,0.0110794108745053,0,0.0110794108745053,MONITOR,199.4293957410954,199.4293957410954,305.5397054372526,597.784117825099
L,301.1,309.6,1502,48.9,160,0,0.9893775715397608,0.0106224284602396,0,0.0106224284602396,MONITOR,191.2037122843128,191.2037122843128,305.3112142301198,597.875514307952
M,301.3,310.0,2068,17.8,176,0,0.9893649224748208,0.01063507752518,0,0.01063507752518,MONITOR,191.43139545324,191.43139545324,305.31753876259,597.872984494964
L,301.3,310.1,1558,36.3,184,0,0.989092366714806,0.0109076332851944,0,0.0109076332851944,MONITOR,196.3373991334992,196.3373991334992,305.4538166425972,597.8184733429612
L,301.3,310.0,1550,41.5,197,0,0.9887508918518486,0.0112491081481518,0,0.0112491081481518,MONITOR,202.4839466667324,202.4839466667324,305.6245540740759,597.7501783703696
M,301.3,309.9,1565,36.0,213,0,0.9638868323323224,0.0361131676676779,0,0.0361131676676779,SCHEDULE,318.05658383383894,650.0370180182022,318.05658383383894,592.7773664664644
M,301.2,310.0,1445,45.6,18,0,0.9905261379914096,0.0094738620085911,0,0.0094738620085911,MONITOR,170.5295161546398,170.5295161546398,304.7369310042955,598.1052275982818
L,301.2,309.9,1449,45.5,23,0,0.988920589125495,0.0110794108745053,0,0.0110794108745053,MONITOR,199.4293957410954,199.4293957410954,305.5397054372526,597.784117825099
L,301.2,310.0,1618,37.6,32,0,0.989092366714806,0.0109076332851944,0,0.0109076332851944,MONITOR,196.3373991334992,196.3373991334992,305.4538166425972,597.8184733429612
L,301.2,310.2,1385,42.3,42,0,0.9889198736613128,0.0110801263386876,0,0.0110801263386876,MONITOR,199.4422740963768,199.4422740963768,305.5400631693438,597.7839747322624
L,301.3,310.3,1400,44.3,47,0,0.9889198736613128,0.0110801263386876,0,0.0110801263386876,MONITOR,199.4422740963768,199.4422740963768,305.5400631693438,597.7839747322624
L,301.1,310.2,1496,43.4,54,0,0.989092366714806,0.0109076332851944,0,0.0109076332851944,MONITOR,196.3373991334992,196.3373991334992,305.4538166425972,597.8184733429612
L,301.2,310.3,1499,38.1,61,0,0.989092366714806,0.0109076332851944,0,0.0109076332851944,MONITOR,196.3373991334992,196.3373991334992,305.4538166425972,597.8184733429612
H,301.3,310.4,1538,38.4,65,0,0.9906545306559208,0.0093454693440798,0,0.0093454693440798,MONITOR,168.2184481934364,168.2184481934364,304.67273467203995,598.1309061311841
L,301.3,310.5,1365,47.7,70,0,0.9579043367436384,0.0420956632563613,0,0.0420956632563613,SCHEDULE,321.0478316281807,757.7219386145034,321.0478316281807,591.5808673487278
L,301.3,310.4,1384,50.1,88,0,0.9889198736613128,0.0110801263386876,0,0.0110801263386876,MONITOR,199.4422740963768,199.4422740963768,305.5400631693438,597.7839747322624
L,301.3,310.4,1346,46.7,90,0,0.9579043367436384,0.0420956632563613,0,0.0420956632563613,SCHEDULE,321.0478316281807,757.7219386145034,321.0478316281807,591.5808673487278
L,301.4,310.4,1436,49.7,108,0,0.989092366714806,0.0109076332851944,0,0.0109076332851944,MONITOR,196.3373991334992,196.3373991334992,305.4538166425972,597.8184733429612
L,301.4,310.4,1689,30.6,110,0,0.9890210185146552,0.010978981485345,0,0.010978981485345,MONITOR,197.62166673621002,197.62166673621002,305.48949074267244,597.804203702931
L,301.5,310.6,1522,41.0,114,0,0.989092366714806,0.0109076332851944,0,0.0109076332851944,MONITOR,196.3373991334992,196.3373991334992,305.4538166425972,597.8184733429612
L,301.5,310.5,1351,52.9,116,0,0.9579043367436384,0.0420956632563613,0,0.0420956632563613,SCHEDULE,321.0478316281807,757.7219386145034,321.0478316281807,591.5808673487278
L,301.5,310.6,1578,34.1,120,0,0.989092366714806,0.0109076332851944,0,0.0109076332851944,MONITOR,196.3373991334992,196.3373991334992,305.4538166425972,597.8184733429612
L,301.5,310.6,1587,33.7,122,0,0.989092366714806,0.0109076332851944,0,0.0109076332851944,MONITOR,196.3373991334992,196.3373991334992,305.4538166425972,597.8184733429612
L,301.6,310.6,1418,43.9,129,0,0.987862161897992,0.0121378381020087,0,0.0121378381020087,MONITOR,218.4810858361566,218.4810858361566,306.06891905100434,597.5724323795982
L,301.7,310.8,1385,50.7,133,0,0.9867629731650664,0.0132370268349342,0,0.0132370268349342,MONITOR,238.2664830288156,238.2664830288156,306.6185134174671,597.3525946330132
L,301.7,310.9,1705,31.2,146,0,0.986864118018409,0.0131358819815916,0,0.0131358819815916,MONITOR,236.4458756686488,236.4458756686488,306.5679409907958,597.3728236036817
M,301.6,310.9,1510,40.9,152,0,0.9892549609255346,0.0107450390744664,0,0.0107450390744664,MONITOR,193.4107033403952,193.4107033403952,305.3725195372332,597.8509921851066
L,301.5,310.8,1382,52.4,165,0,0.9889198736613128,0.0110801263386876,0,0.0110801263386876,MONITOR,199.4422740963768,199.4422740963768,305.5400631693438,597.7839747322624
M,301.5,310.8,1628,36.4,167,0,0.990534030651236,0.0094659693487647,0,0.0094659693487647,MONITOR,170.3874482777646,170.3874482777646,304.73298467438235,598.1068061302472
L,301.3,310.7,1594,34.1,172,0,0.989092366714806,0.0109076332851944,0,0.0109076332851944,MONITOR,196.3373991334992,196.3373991334992,305.4538166425972,597.8184733429612
M,301.3,310.7,1532,40.7,178,0,0.9905261379914096,0.0094738620085911,0,0.0094738620085911,MONITOR,170.5295161546398,170.5295161546398,304.7369310042955,598.1052275982818
L,301.4,310.8,1680,31.4,185,0,0.9890210185146552,0.010978981485345,0,0.010978981485345,MONITOR,197.62166673621002,197.62166673621002,305.48949074267244,597.804203702931
L,301.6,310.9,1632,31.6,189,0,0.987862161897992,0.0121378381020087,0,0.0121378381020087,MONITOR,218.4810858361566,218.4810858361566,306.06891905100434,597.5724323795982
L,301.5,310.8,1367,49.0,193,0,0.9575628618806812,0.0424371381193188,0,0.0424371381193188,SCHEDULE,321.21856905965944,763.8684861477384,321.21856905965944,591.5125723761363
L,301.6,310.8,1355,57.8,195,1,0.9342810990045182,0.0657189009954818,0,0.0657189009954818,SCHEDULE,332.85945049774085,1182.9402179186725,332.85945049774085,586.8562198009035
L,301.5,310.6,1519,40.7,208,0,0.9697357213581402,0.03026427864186,0,0.03026427864186,SCHEDULE,315.13213932093,544.7570155534801,315.13213932093,593.947144271628
L,301.4,310.5,1633,39.5,0,0,0.989092366714806,0.0109076332851944,0,0.0109076332851944,MONITOR,196.3373991334992,196.3373991334992,305.4538166425972,597.8184733429612
M,301.4,310.7,1692,32.3,5,0,0.9901685648040264,0.0098314351959742,0,0.0098314351959742,MONITOR,176.9658335275356,176.9658335275356,304.9157175979871,598.0337129608052
L,301.4,310.7,1584,32.2,17,0,0.989092366714806,0.0109076332851944,0,0.0109076332851944,MONITOR,196.3373991334992,196.3373991334992,305.4538166425972,597.8184733429612
L,301.4,310.7,1568,35.2,23,0,0.989092366714806,0.0109076332851944,0,0.0109076332851944,MONITOR,196.3373991334992,196.3373991334992,305.4538166425972,597.8184733429612
M,301.5,310.8,1385,47.5,30,0,0.9903615375977428,0.0096384624022579,0,0.0096384624022579,MONITOR,173.49232324064218,173.49232324064218,304.81923120112896,598.0723075195484
L,301.3,310.6,1376,47.6,45,0,0.9617189047955766,0.0382810952044234,0,0.0382810952044234,SCHEDULE,319.1405476022117,689.0597136796213,319.1405476022117,592.3437809591154
M,301.7,310.9,1435,48.0,66,0,0.9882892915533448,0.011710708446656,0,0.011710708446656,MONITOR,210.79275203980802,210.79275203980802,305.855354223328,597.6578583106688
L,301.5,310.6,1490,48.1,81,0,0.989092366714806,0.0109076332851944,0,0.0109076332851944,MONITOR,196.3373991334992,196.3373991334992,305.4538166425972,597.8184733429612
M,301.4,310.6,1459,35.0,87,0,0.990534030651236,0.0094659693487647,0,0.0094659693487647,MONITOR,170.3874482777646,170.3874482777646,304.73298467438235,598.1068061302472
L,301.3,310.5,1337,52.7,106,0,0.9579043367436384,0.0420956632563613,0,0.0420956632563613,SCHEDULE,321.0478316281807,757.7219386145034,321.0478316281807,591.5808673487278
L,301.2,310.4,1381,49.8,115,0,0.986672767688384,0.0133272323116164,0,0.0133272323116164,MONITOR,239.8901816090952,239.8901816090952,306.6636161558082,597.3345535376768
L,301.3,310.3,1313,55.6,127,0,0.9549723544904613,0.0450276455095385,0,0.0450276455095385,SCHEDULE,322.51382275476925,810.497619171693,322.51382275476925,590.9944708980923
L,301.3,310.3,1560,36.3,129,0,0.989092366714806,0.0109076332851944,0,0.0109076332851944,MONITOR,196.3373991334992,196.3373991334992,305.4538166425972,597.8184733429612
L,301.6,310.6,1621,33.7,137,0,0.987862161897992,0.0121378381020087,0,0.0121378381020087,MONITOR,218.4810858361566,218.4810858361566,306.06891905100434,597.5724323795982
M,301.5,310.5,1623,33.5,157,0,0.990534030651236,0.0094659693487647,0,0.0094659693487647,MONITOR,170.3874482777646,170.3874482777646,304.73298467438235,598.1068061302472
L,301.6,310.6,1562,34.4,162,0,0.987862161897992,0.0121378381020087,0,0.0121378381020087,MONITOR,218.4810858361566,218.4810858361566,306.06891905100434,597.5724323795982
L,301.6,310.6,1391,49.4,164,0,0.9876896688444988,0.0123103311555019,0,0.0123103311555019,MONITOR,221.5859607990342,221.5859607990342,306.15516557775095,597.5379337688996
L,301.6,310.7,1429,43.6,176,0,0.987862161897992,0.0121378381020087,0,0.0121378381020087,MONITOR,218.4810858361566,218.4810858361566,306.06891905100434,597.5724323795982
M,301.6,310.7,2012,20.7,178,0,0.9880858527491192,0.0119141472508817,0,0.0119141472508817,MONITOR,214.4546505158706,214.4546505158706,305.9570736254409,597.6171705498238
L,301.5,310.5,1535,39.0,204,0,0.9756663103790864,0.024333689620914,0,0.024333689620914,SCHEDULE,312.166844810457,438.006413176452,312.166844810457,595.1332620758172
M,301.6,310.6,1599,36.1,208,0,0.9703674275380167,0.0296325724619839,0,0.0296325724619839,SCHEDULE,314.8162862309919,533.3863043157102,314.8162862309919,594.0734855076032
L,301.7,310.6,1624,34.5,216,0,0.9255455161632132,0.074454483836787,0,0.074454483836787,SCHEDULE,337.22724191839353,1340.180709062166,337.22724191839353,585.1091032326426
L,301.7,310.7,1605,33.3,220,0,0.923664014927506,0.0763359850724944,0,0.0763359850724944,SCHEDULE,338.1679925362472,1374.0477313048991,338.1679925362472,584.7328029855012
H,301.4,310.3,1611,41.5,11,0,0.9906545306559208,0.0093454693440798,0,0.0093454693440798,MONITOR,168.2184481934364,168.2184481934364,304.67273467203995,598.1309061311841
H,301.4,310.4,1610,38.6,16,0,0.9906545306559208,0.0093454693440798,0,0.0093454693440798,MONITOR,168.2184481934364,168.2184481934364,304.67273467203995,598.1309061311841
L,301.7,310.6,1303,59.7,42,0,0.8941314722659444,0.1058685277340554,0,0.1058685277340554,SCHEDULE,352.9342638670277,1905.6334992129973,352.9342638670277,578.826294453189
L,301.8,310.8,1736,26.5,56,0,0.9853814506028116,0.0146185493971891,0,0.0146185493971891,MONITOR,263.13388914940384,263.13388914940384,307.30927469859455,597.0762901205621
L,301.8,310.7,1441,49.3,58,0,0.9854527988029622,0.0145472011970385,0,0.0145472011970385,MONITOR,261.849621546693,261.849621546693,307.2736005985193,597.0905597605923
L,301.8,310.7,1523,43.3,60,0,0.9854527988029622,0.0145472011970385,0,0.0145472011970385,MONITOR,261.849621546693,261.849621546693,307.2736005985193,597.0905597605923
M,301.8,310.8,1691,33.4,62,0,0.9858277615491148,0.0141722384508861,0,0.0141722384508861,MONITOR,255.1002921159498,255.1002921159498,307.08611922544304,597.1655523098228
M,301.9,310.8,1557,35.3,65,0,0.9846742116881102,0.0153257883118906,0,0.0153257883118906,MONITOR,275.8641896140308,275.8641896140308,307.6628941559453,596.9348423376218
L,301.9,310.8,1650,29.8,94,0,0.9851495276950688,0.0148504723049318,0,0.0148504723049318,MONITOR,267.3085014887724,267.3085014887724,307.4252361524659,597.0299055390137
M,301.9,311.0,1384,47.4,121,0,0.9832517186346168,0.0167482813653838,0,0.0167482813653838,MONITOR,301.4690645769084,301.4690645769084,308.3741406826919,596.6503437269232
L,301.9,310.9,1309,48.0,124,0,0.8632228270715153,0.1367771729284846,0,0.1367771729284846,SCHEDULE,368.3885864642423,2461.9891127127225,368.3885864642423,572.6445654143031
L,301.9,311.0,1642,33.1,126,0,0.9851495276950688,0.0148504723049318,0,0.0148504723049318,MONITOR,267.3085014887724,267.3085014887724,307.4252361524659,597.0299055390137
L,301.9,311.0,1353,43.8,130,0,0.8625796873891223,0.1374203126108776,0,0.1374203126108776,SCHEDULE,368.7101563054388,2473.5656269957967,368.7101563054388,572.5159374778244
H,301.9,311.0,1871,26.0,132,0,0.986552504834388,0.0134474951656125,0,0.0134474951656125,MONITOR,242.05491298102498,242.05491298102498,306.72374758280625,597.3105009668775
L,301.6,310.8,1726,26.7,150,0,0.9877908136978412,0.0122091863021594,0,0.0122091863021594,MONITOR,219.7653534388692,219.7653534388692,306.1045931510797,597.5581627395682
H,301.6,310.8,1435,47.2,152,0,0.9893137325351574,0.0106862674648432,0,0.0106862674648432,MONITOR,192.3528143671776,192.3528143671776,305.34313373242156,597.8627465070313
M,301.7,310.8,1502,34.4,157,0,0.9882892915533448,0.011710708446656,0,0.011710708446656,MONITOR,210.79275203980802,210.79275203980802,305.855354223328,597.6578583106688
L,301.8,311.0,1771,27.2,162,0,0.9853814506028116,0.0146185493971891,0,0.0146185493971891,MONITOR,263.13388914940384,263.13388914940384,307.30927469859455,597.0762901205621
M,301.8,311.0,1393,49.5,168,0,0.984476616695772,0.0155233833042286,0,0.0155233833042286,MONITOR,279.4208994761148,279.4208994761148,307.76169165211434,596.8953233391543
L,301.9,310.9,1567,39.0,214,1,0.9508274831264768,0.0491725168735234,0,0.0491725168735234,SCHEDULE,324.5862584367617,885.1053037234212,324.5862584367617,590.1654966252953
M,302.0,311.0,1980,21.5,20,0,0.9815135267509888,0.018486473249012,0,0.018486473249012,SCHEDULE,309.24323662450604,332.756518482216,309.24323662450604,596.3027053501977
L,302.0,311.0,1686,32.5,25,0,0.9831221342202554,0.0168778657797453,0,0.0168778657797453,MONITOR,303.8015840354154,303.8015840354154,308.43893288987266,596.624426844051
L,301.9,310.9,1574,31.4,27,0,0.9851495276950688,0.0148504723049318,0,0.0148504723049318,MONITOR,267.3085014887724,267.3085014887724,307.4252361524659,597.0299055390137
L,301.8,310.8,1546,43.4,29,0,0.9854527988029622,0.0145472011970385,0,0.0145472011970385,MONITOR,261.849621546693,261.849621546693,307.2736005985193,597.0905597605923
L,301.8,310.9,1449,36.5,33,0,0.9854527988029622,0.0145472011970385,0,0.0145472011970385,MONITOR,261.849621546693,261.849621546693,307.2736005985193,597.0905597605923
M,301.9,310.9,1317,51.9,40,0,0.8671904803476882,0.132809519652312,0,0.132809519652312,SCHEDULE,366.404759826156,2390.571353741616,366.404759826156,573.4380960695376
M,301.8,310.9,1299,60.4,48,0,0.8742374642050601,0.1257625357949401,0,0.1257625357949401,SCHEDULE,362.88126789747,2263.725644308922,362.88126789747,574.847492841012
L,301.9,310.9,1799,24.2,54,0,0.9850781794949184,0.0149218205050824,0,0.0149218205050824,MONITOR,268.5927690914832,268.5927690914832,307.4609102525412,597.0156358989835
L,301.9,310.8,1525,43.2,62,0,0.9851495276950688,0.0148504723049318,0,0.0148504723049318,MONITOR,267.3085014887724,267.3085014887724,307.4252361524659,597.0299055390137
L,301.8,310.7,1551,37.7,64,0,0.9854527988029622,0.0145472011970385,0,0.0145472011970385,MONITOR,261.849621546693,261.849621546693,307.2736005985193,597.0905597605923
M,301.8,310.7,1309,43.3,68,0,0.8875511375421649,0.1124488624578354,0,0.1124488624578354,SCHEDULE,356.2244312289177,2024.0795242410372,356.2244312289177,577.5102275084329
L,301.8,310.7,1680,32.4,76,0,0.9853814506028116,0.0146185493971891,0,0.0146185493971891,MONITOR,263.13388914940384,263.13388914940384,307.30927469859455,597.0762901205621
L,301.7,310.6,1486,38.5,78,0,0.9869354662185598,0.013064533781441,0,0.013064533781441,MONITOR,235.161608065938,235.161608065938,306.5322668907205,597.3870932437119
M,301.8,310.7,1465,35.8,82,0,0.9858991097492656,0.0141008902507354,0,0.0141008902507354,MONITOR,253.8160245132372,253.8160245132372,307.05044512536773,597.179821949853
M,301.7,310.6,1492,42.2,85,0,0.9882892915533448,0.011710708446656,0,0.011710708446656,MONITOR,210.79275203980802,210.79275203980802,305.855354223328,597.6578583106688
M,301.8,310.7,1420,52.0,88,0,0.9777115081601252,0.0222884918398757,0,0.0222884918398757,SCHEDULE,311.1442459199379,401.19285311776264,311.1442459199379,595.5423016320249
L,301.8,310.6,1295,62.3,91,0,0.8431947159450576,0.1568052840549424,0,0.1568052840549424,SCHEDULE,378.4026420274712,2822.4951129889632,378.4026420274712,568.6389431890115
L,301.8,310.5,1548,34.1,93,0,0.9854527988029622,0.0145472011970385,0,0.0145472011970385,MONITOR,261.849621546693,261.849621546693,307.2736005985193,597.0905597605923
L,301.8,310.6,1452,48.4,110,0,0.9854527988029622,0.0145472011970385,0,0.0145472011970385,MONITOR,261.849621546693,261.849621546693,307.2736005985193,597.0905597605923
L,301.6,310.4,1599,41.7,116,0,0.987862161897992,0.0121378381020087,0,0.0121378381020087,MONITOR,218.4810858361566,218.4810858361566,306.06891905100434,597.5724323795982
M,301.7,310.5,1625,35.9,121,0,0.9882892915533448,0.011710708446656,0,0.011710708446656,MONITOR,210.79275203980802,210.79275203980802,305.855354223328,597.6578583106688
L,301.8,310.7,1751,29.3,133,0,0.9853814506028116,0.0146185493971891,0,0.0146185493971891,MONITOR,263.13388914940384,263.13388914940384,307.30927469859455,597.0762901205621
L,301.9,310.7,1947,25.0,137,0,0.9850781794949184,0.0149218205050824,0,0.0149218205050824,MONITOR,268.5927690914832,268.5927690914832,307.4609102525412,597.0156358989835
H,301.6,310.4,1369,45.4,156,0,0.9322739368321606,0.0677260631678394,0,0.0677260631678394,SCHEDULE,333.86303158391974,1219.069137021109,333.86303158391974,586.4547873664321
M,301.6,310.4,1377,44.9,161,0,0.9330605747580992,0.0669394252419012,0,0.0669394252419012,SCHEDULE,333.4697126209506,1204.9096543542216,333.4697126209506,586.6121149516198
M,301.6,310.4,1452,45.7,164,0,0.9892549609255346,0.0107450390744664,0,0.0107450390744664,MONITOR,193.4107033403952,193.4107033403952,305.3725195372332,597.8509921851066
L,301.6,310.4,1517,41.1,167,0,0.987862161897992,0.0121378381020087,0,0.0121378381020087,MONITOR,218.4810858361566,218.4810858361566,306.06891905100434,597.5724323795982
M,301.7,310.5,1724,33.0,171,0,0.9882179433531942,0.0117820566468067,0,0.0117820566468067,MONITOR,212.07701964252058,212.07701964252058,305.89102832340336,597.6435886706387
M,301.7,310.6,1417,45.2,185,0,0.9882892915533448,0.011710708446656,0,0.011710708446656,MONITOR,210.79275203980802,210.79275203980802,305.855354223328,597.6578583106688
L,301.8,310.8,1557,33.3,190,0,0.9854527988029622,0.0145472011970385,0,0.0145472011970385,MONITOR,261.849621546693,261.849621546693,307.2736005985193,597.0905597605923
L,301.6,310.7,1638,33.8,196,0,0.987862161897992,0.0121378381020087,0,0.0121378381020087,MONITOR,218.4810858361566,218.4810858361566,306.06891905100434,597.5724323795982
L,301.9,311.2,1435,44.2,16,0,0.9851495276950688,0.0148504723049318,0,0.0148504723049318,MONITOR,267.3085014887724,267.3085014887724,307.4252361524659,597.0299055390137
M,302.2,311.5,1360,53.0,36,0,0.8531049826826567,0.1468950173173435,0,0.1468950173173435,SCHEDULE,373.4475086586717,2644.110311712183,373.4475086586717,570.6209965365313
L,302.1,311.3,1415,44.1,43,0,0.983193482420406,0.0168065175795946,0,0.0168065175795946,MONITOR,302.51731643270284,302.51731643270284,308.4032587897973,596.638696484081
L,302.2,311.4,1499,37.7,55,0,0.9846616429080012,0.0153383570919995,0,0.0153383570919995,MONITOR,276.090427655991,276.090427655991,307.6691785459997,596.9323285816001
L,302.2,311.4,1449,46.5,60,0,0.9846616429080012,0.0153383570919995,0,0.0153383570919995,MONITOR,276.090427655991,276.090427655991,307.6691785459997,596.9323285816001
M,302.3,311.5,1445,44.8,65,0,0.9834694617815092,0.0165305382184915,0,0.0165305382184915,MONITOR,297.549687932847,297.549687932847,308.26526910924576,596.6938923563017
L,302.3,311.6,1784,26.4,79,0,0.9847126034035664,0.0152873965964343,0,0.0152873965964343,MONITOR,275.1731387358174,275.1731387358174,307.64369829821715,596.9425206807132
M,302.2,311.5,1863,25.7,85,0,0.9832758048856428,0.0167241951143581,0,0.0167241951143581,MONITOR,301.0355120584458,301.0355120584458,308.3620975571791,596.6551609771284
L,302.2,311.5,1427,43.8,88,0,0.9846616429080012,0.0153383570919995,0,0.0153383570919995,MONITOR,276.090427655991,276.090427655991,307.6691785459997,596.9323285816001
L,302.1,311.5,1444,44.9,97,0,0.983193482420406,0.0168065175795946,0,0.0168065175795946,MONITOR,302.51731643270284,302.51731643270284,308.4032587897973,596.638696484081
M,302.2,311.5,1734,25.0,116,0,0.9832758048856428,0.0167241951143581,0,0.0167241951143581,MONITOR,301.0355120584458,301.0355120584458,308.3620975571791,596.6551609771284
L,302.3,311.6,1398,49.1,119,0,0.9846114585502238,0.0153885414497768,0,0.0153885414497768,MONITOR,276.9937460959824,276.9937460959824,307.6942707248884,596.9222917100446
M,302.3,311.7,1517,37.6,124,0,0.9834694617815092,0.0165305382184915,0,0.0165305382184915,MONITOR,297.549687932847,297.549687932847,308.26526910924576,596.6938923563017
M,302.4,311.8,1358,50.6,133,0,0.8506844456826623,0.1493155543173377,0,0.1493155543173377,SCHEDULE,374.65777715866886,2687.6799777120787,374.65777715866886,570.1368891365325
L,302.4,311.8,1465,40.2,143,0,0.9847027007972768,0.0152972992027237,0,0.0152972992027237,MONITOR,275.3513856490266,275.3513856490266,307.64864960136185,596.9405401594552
M,302.3,311.7,1486,39.6,147,0,0.9834694617815092,0.0165305382184915,0,0.0165305382184915,MONITOR,297.549687932847,297.549687932847,308.26526910924576,596.6938923563017
M,302.1,311.5,1866,23.1,159,0,0.9818076443980476,0.0181923556019532,0,0.0181923556019532,SCHEDULE,309.0961778009766,327.4624008351576,309.0961778009766,596.3615288796094
L,302.2,311.5,1744,31.2,172,0,0.9845902947078504,0.0154097052921502,0,0.0154097052921502,MONITOR,277.37469525870364,277.37469525870364,307.7048526460751,596.9180589415699
M,301.9,311.1,1380,51.6,184,0,0.9694288622269376,0.0305711377730632,0,0.0305711377730632,SCHEDULE,315.2855688865316,550.2804799151376,315.2855688865316,593.8857724453874
L,302.0,311.1,1406,50.5,187,0,0.98049660550675,0.0195033944932505,0,0.0195033944932505,SCHEDULE,309.75169724662527,351.061100878509,309.75169724662527,596.0993211013499
M,302.1,311.3,1511,45.0,204,0,0.9732552913577824,0.0267447086422184,0,0.0267447086422184,SCHEDULE,313.3723543211092,481.4047555599312,313.3723543211092,594.6510582715563
L,302.2,311.2,1928,23.1,2,0,0.9845902947078504,0.0154097052921502,0,0.0154097052921502,MONITOR,277.37469525870364,277.37469525870364,307.7048526460751,596.9180589415699
H,302.2,311.3,1758,26.4,4,0,0.9858523173799278,0.0141476826200727,0,0.0141476826200727,MONITOR,254.6582871613086,254.6582871613086,307.07384131003636,597.1704634759855
L,302.1,311.2,1447,50.3,11,0,0.983193482420406,0.0168065175795946,0,0.0168065175795946,MONITOR,302.51731643270284,302.51731643270284,308.4032587897973,596.638696484081
L,302.1,311.2,1417,48.0,13,0,0.983193482420406,0.0168065175795946,0,0.0168065175795946,MONITOR,302.51731643270284,302.51731643270284,308.4032587897973,596.638696484081
M,302.0,311.3,1725,27.7,23,0,0.9818076443980476,0.0181923556019532,0,0.0181923556019532,SCHEDULE,309.0961778009766,327.4624008351576,309.0961778009766,596.3615288796094
M,302.1,311.3,1497,38.4,28,0,0.9818789925981984,0.0181210074018026,0,0.0181210074018026,SCHEDULE,309.06050370090134,326.1781332324468,309.06050370090134,596.3757985196395
L,302.1,311.4,1549,44.6,31,0,0.983193482420406,0.0168065175795946,0,0.0168065175795946,MONITOR,302.51731643270284,302.51731643270284,308.4032587897973,596.638696484081
L,302.2,311.4,1754,26.9,33,0,0.9845902947078504,0.0154097052921502,0,0.0154097052921502,MONITOR,277.37469525870364,277.37469525870364,307.7048526460751,596.9180589415699
L,302.3,311.5,1543,33.1,39,0,0.984783951603717,0.0152160483962836,0,0.0152160483962836,MONITOR,273.88887113310483,273.88887113310483,307.6080241981418,596.9567903207433
L,302.4,311.5,1590,39.9,58,0,0.9847027007972768,0.0152972992027237,0,0.0152972992027237,MONITOR,275.3513856490266,275.3513856490266,307.64864960136185,596.9405401594552
L,302.3,311.2,1758,24.4,68,0,0.9847126034035664,0.0152873965964343,0,0.0152873965964343,MONITOR,275.1731387358174,275.1731387358174,307.64369829821715,596.9425206807132
L,302.3,311.3,1457,44.5,83,0,0.984783951603717,0.0152160483962836,0,0.0152160483962836,MONITOR,273.88887113310483,273.88887113310483,307.6080241981418,596.9567903207433
M,302.4,311.3,1312,61.5,85,0,0.7687832410752846,0.2312167589247153,0,0.2312167589247153,SCHEDULE,415.6083794623577,4161.901660644875,415.6083794623577,553.7566482150569
M,302.2,311.2,1347,49.8,94,0,0.860042584271797,0.1399574157282033,0,0.1399574157282033,SCHEDULE,369.97870786410164,2519.2334831076596,369.97870786410164,572.0085168543593
L,302.2,311.1,1470,39.6,97,0,0.9846616429080012,0.0153383570919995,0,0.0153383570919995,MONITOR,276.090427655991,276.090427655991,307.6691785459997,596.9323285816001
M,302.2,311.2,1873,24.0,99,0,0.9832758048856428,0.0167241951143581,0,0.0167241951143581,MONITOR,301.0355120584458,301.0355120584458,308.3620975571791,596.6551609771284
M,302.2,311.1,1434,58.6,102,0,0.9725520588548584,0.0274479411451423,0,0.0274479411451423,SCHEDULE,313.72397057257115,494.0629406125614,313.72397057257115,594.5104117709716
M,302.3,311.2,1454,43.8,112,0,0.9834694617815092,0.0165305382184915,0,0.0165305382184915,MONITOR,297.549687932847,297.549687932847,308.26526910924576,596.6938923563017
L,302.3,311.2,1401,49.7,118,0,0.9846114585502238,0.0153885414497768,0,0.0153885414497768,MONITOR,276.9937460959824,276.9937460959824,307.6942707248884,596.9222917100446
L,302.4,311.3,1503,38.2,120,0,0.9847027007972768,0.0152972992027237,0,0.0152972992027237,MONITOR,275.3513856490266,275.3513856490266,307.64864960136185,596.9405401594552
L,302.5,311.4,1409,53.1,126,0,0.9737611205479232,0.0262388794520773,0,0.0262388794520773,SCHEDULE,313.11943972603865,472.2998301373914,313.11943972603865,594.7522241095846
L,302.4,311.1,1652,33.9,139,0,0.9847027007972768,0.0152972992027237,0,0.0152972992027237,MONITOR,275.3513856490266,275.3513856490266,307.64864960136185,596.9405401594552
L,302.2,311.0,1463,46.8,150,0,0.9846616429080012,0.0153383570919995,0,0.0153383570919995,MONITOR,276.090427655991,276.090427655991,307.6691785459997,596.9323285816001
L,302.3,311.0,1412,47.0,164,0,0.984783951603717,0.0152160483962836,0,0.0152160483962836,MONITOR,273.88887113310483,273.88887113310483,307.6080241981418,596.9567903207433
L,302.3,311.1,1630,35.6,183,0,0.984783951603717,0.0152160483962836,0,0.0152160483962836,MONITOR,273.88887113310483,273.88887113310483,307.6080241981418,596.9567903207433
M,302.3,311.0,1384,49.7,192,0,0.983296968728016,0.0167030312719847,0,0.0167030312719847,MONITOR,300.65456289572455,300.65456289572455,308.35151563599237,596.6593937456031
M,302.4,311.1,1480,45.7,200,0,0.9815244712399986,0.0184755287600022,0,0.0184755287600022,SCHEDULE,309.2377643800011,332.5595176800396,309.2377643800011,596.3048942479995
L,302.5,311.1,1538,36.8,208,0,0.9681108506445446,0.0318891493554559,0,0.0318891493554559,SCHEDULE,315.9445746777279,574.0046883982062,315.9445746777279,593.6221701289088
L,302.4,311.1,1446,42.9,5,0,0.9847027007972768,0.0152972992027237,0,0.0152972992027237,MONITOR,275.3513856490266,275.3513856490266,307.64864960136185,596.9405401594552
L,302.3,310.8,1377,47.3,22,1,0.8615236614833468,0.1384763385166532,0,0.1384763385166532,SCHEDULE,369.2381692583266,2492.5740932997574,369.2381692583266,572.3047322966693
L,302.3,310.8,1511,48.1,24,0,0.9850055582519164,0.0149944417480842,0,0.0149944417480842,MONITOR,269.8999514655156,269.8999514655156,307.49722087404206,597.0011116503831
L,302.3,310.9,1412,48.9,28,0,0.9850055582519164,0.0149944417480842,0,0.0149944417480842,MONITOR,269.8999514655156,269.8999514655156,307.49722087404206,597.0011116503831
L,302.3,310.9,1459,35.0,32,0,0.9850055582519164,0.0149944417480842,0,0.0149944417480842,MONITOR,269.8999514655156,269.8999514655156,307.49722087404206,597.0011116503831
M,302.2,310.8,1356,48.3,36,0,0.860042584271797,0.1399574157282033,0,0.1399574157282033,SCHEDULE,369.97870786410164,2519.2334831076596,369.97870786410164,572.0085168543593
L,302.1,310.8,1786,25.7,47,0,0.9831221342202554,0.0168778657797453,0,0.0168778657797453,MONITOR,303.8015840354154,303.8015840354154,308.43893288987266,596.624426844051
M,302.1,310.9,1916,23.1,51,0,0.9818076443980476,0.0181923556019532,0,0.0181923556019532,SCHEDULE,309.0961778009766,327.4624008351576,309.0961778009766,596.3615288796094
M,302.2,310.9,1771,27.6,54,0,0.9832758048856428,0.0167241951143581,0,0.0167241951143581,MONITOR,301.0355120584458,301.0355120584458,308.3620975571791,596.6551609771284
M,302.3,311.0,1546,35.5,70,0,0.9834694617815092,0.0165305382184915,0,0.0165305382184915,MONITOR,297.549687932847,297.549687932847,308.26526910924576,596.6938923563017
M,302.1,310.7,1608,30.3,81,0,0.9818789925981984,0.0181210074018026,0,0.0181210074018026,SCHEDULE,309.06050370090134,326.1781332324468,309.06050370090134,596.3757985196395
L,302.1,310.6,1459,47.6,93,0,0.983193482420406,0.0168065175795946,0,0.0168065175795946,MONITOR,302.51731643270284,302.51731643270284,308.4032587897973,596.638696484081
L,302.3,310.8,1421,41.4,102,0,0.9850055582519164,0.0149944417480842,0,0.0149944417480842,MONITOR,269.8999514655156,269.8999514655156,307.49722087404206,597.0011116503831
M,302.4,311.0,1464,44.2,106,0,0.9833882109750692,0.0166117890249316,0,0.0166117890249316,MONITOR,299.0122024487688,299.0122024487688,308.30589451246584,596.6776421950137
L,302.3,310.9,1620,30.3,112,0,0.9850055582519164,0.0149944417480842,0,0.0149944417480842,MONITOR,269.8999514655156,269.8999514655156,307.49722087404206,597.0011116503831
H,302.3,310.8,1438,43.8,119,0,0.986205852528932,0.0137941474710685,0,0.0137941474710685,MONITOR,248.294654479233,248.294654479233,306.8970737355342,597.2411705057863
M,302.3,310.8,1762,27.8,127,0,0.983619720229558,0.0163802797704427,0,0.0163802797704427,MONITOR,294.8450358679686,294.8450358679686,308.19013988522136,596.7239440459115
M,302.3,310.9,1742,29.7,137,0,0.983619720229558,0.0163802797704427,0,0.0163802797704427,MONITOR,294.8450358679686,294.8450358679686,308.19013988522136,596.7239440459115
M,302.3,311.1,1435,43.1,149,0,0.9834694617815092,0.0165305382184915,0,0.0165305382184915,MONITOR,297.549687932847,297.549687932847,308.26526910924576,596.6938923563017
L,302.4,311.0,1610,33.1,161,0,0.9847027007972768,0.0152972992027237,0,0.0152972992027237,MONITOR,275.3513856490266,275.3513856490266,307.64864960136185,596.9405401594552
L,302.5,311.2,1227,60.1,167,0,0.6189597430708028,0.3810402569291972,0,0.3810402569291972,SCHEDULE,490.5201284645986,6858.724624725549,490.5201284645986,523.7919486141606
L,302.4,311.1,1484,45.9,169,0,0.9847027007972768,0.0152972992027237,0,0.0152972992027237,MONITOR,275.3513856490266,275.3513856490266,307.64864960136185,596.9405401594552
L,302.3,310.9,1720,28.1,178,0,0.9849342100517658,0.0150657899482348,0,0.0150657899482348,MONITOR,271.1842190682264,271.1842190682264,307.53289497411737,596.986842010353
L,302.3,311.0,1561,37.2,180,0,0.984783951603717,0.0152160483962836,0,0.0152160483962836,MONITOR,273.88887113310483,273.88887113310483,307.6080241981418,596.9567903207433
L,302.4,311.0,1486,40.4,192,0,0.9847027007972768,0.0152972992027237,0,0.0152972992027237,MONITOR,275.3513856490266,275.3513856490266,307.64864960136185,596.9405401594552
H,302.4,311.1,1578,32.3,196,0,0.9859647234693544,0.0140352765306463,0,0.0140352765306463,MONITOR,252.6349775516334,252.6349775516334,307.0176382653231,597.1929446938707
L,302.6,311.6,1311,53.2,0,0,0.8177139306025203,0.1822860693974793,0,0.1822860693974793,SCHEDULE,391.14303469873965,3281.1492491546273,391.14303469873965,563.5427861205042
L,302.7,311.9,1389,46.5,15,0,0.9845302077437836,0.0154697922562169,0,0.0154697922562169,MONITOR,278.4562606119042,278.4562606119042,307.73489612810846,596.9060415487567
L,302.6,311.8,1627,31.8,23,0,0.9847027007972768,0.0152972992027237,0,0.0152972992027237,MONITOR,275.3513856490266,275.3513856490266,307.64864960136185,596.9405401594552
H,302.6,311.7,1471,48.3,25,0,0.9859647234693544,0.0140352765306463,0,0.0140352765306463,MONITOR,252.6349775516334,252.6349775516334,307.0176382653231,597.1929446938707
L,302.5,311.6,1595,29.5,35,0,0.9847027007972768,0.0152972992027237,0,0.0152972992027237,MONITOR,275.3513856490266,275.3513856490266,307.64864960136185,596.9405401594552
M,302.4,311.4,1534,40.1,41,0,0.9833882109750692,0.0166117890249316,0,0.0166117890249316,MONITOR,299.0122024487688,299.0122024487688,308.30589451246584,596.6776421950137
L,302.5,311.5,1677,29.2,49,0,0.9846313525971262,0.0153686474028743,0,0.0153686474028743,MONITOR,276.63565325173744,276.63565325173744,307.68432370143717,596.9262705194252
L,302.3,311.2,1903,22.9,55,0,0.9847126034035664,0.0152873965964343,0,0.0152873965964343,MONITOR,275.1731387358174,275.1731387358174,307.64369829821715,596.9425206807132
L,302.4,311.2,1404,52.0,57,0,0.974387193360168,0.0256128066398327,0,0.0256128066398327,SCHEDULE,312.80640331991634,461.0305195169886,312.80640331991634,594.8774386720335
L,302.3,311.2,1549,40.6,66,0,0.984783951603717,0.0152160483962836,0,0.0152160483962836,MONITOR,273.88887113310483,273.88887113310483,307.6080241981418,596.9567903207433
M,302.2,311.2,1627,33.2,74,0,0.9833471530857936,0.0166528469142074,0,0.0166528469142074,MONITOR,299.7512444557332,299.7512444557332,308.32642345710366,596.6694306171585
H,302.2,311.1,1476,39.6,96,0,0.9859236655800784,0.0140763344199221,0,0.0140763344199221,MONITOR,253.3740195585978,253.3740195585978,307.03816720996105,597.1847331160155
L,302.4,311.4,1831,26.9,121,0,0.9846313525971262,0.0153686474028743,0,0.0153686474028743,MONITOR,276.63565325173744,276.63565325173744,307.68432370143717,596.9262705194252
L,302.6,311.5,1885,27.5,147,0,0.9846313525971262,0.0153686474028743,0,0.0153686474028743,MONITOR,276.63565325173744,276.63565325173744,307.68432370143717,596.9262705194252
M,302.6,311.4,1718,31.2,154,0,0.9833168627749186,0.0166831372250823,0,0.0166831372250823,MONITOR,300.29647005148144,300.29647005148144,308.34156861254115,596.6633725549835
L,302.6,311.5,1442,59.8,169,1,0.942666204395848,0.0573337956041524,0,0.0573337956041524,SCHEDULE,328.66689780207616,1032.0083208747433,328.66689780207616,588.5332408791695
L,302.6,311.6,1576,34.7,182,0,0.9847027007972768,0.0152972992027237,0,0.0152972992027237,MONITOR,275.3513856490266,275.3513856490266,307.64864960136185,596.9405401594552
M,302.6,311.6,1518,39.0,184,0,0.9833882109750692,0.0166117890249316,0,0.0166117890249316,MONITOR,299.0122024487688,299.0122024487688,308.30589451246584,596.6776421950137
M,302.6,311.6,1227,68.2,187,1,0.2767197282879866,0.7232802717120134,1,0.7232802717120134,STOP,455.3439456575974,13019.04489081624,661.6401358560067,455.3439456575974
L,302.2,311.3,1570,36.1,0,0,0.9846616429080012,0.0153383570919995,0,0.0153383570919995,MONITOR,276.090427655991,276.090427655991,307.6691785459997,596.9323285816001
L,302.3,311.4,1570,37.2,15,0,0.984783951603717,0.0152160483962836,0,0.0152160483962836,MONITOR,273.88887113310483,273.88887113310483,307.6080241981418,596.9567903207433
M,302.3,311.4,1571,32.7,17,0,0.9831753441344504,0.0168246558655504,0,0.0168246558655504,MONITOR,302.8438055799072,302.8438055799072,308.4123279327752,596.63506882689
L,302.3,311.5,1448,49.6,28,0,0.984783951603717,0.0152160483962836,0,0.0152160483962836,MONITOR,273.88887113310483,273.88887113310483,307.6080241981418,596.9567903207433
M,302.2,311.4,1538,37.4,37,0,0.9833471530857936,0.0166528469142074,0,0.0166528469142074,MONITOR,299.7512444557332,299.7512444557332,308.32642345710366,596.6694306171585
L,302.4,311.5,1785,24.8,45,0,0.9846313525971262,0.0153686474028743,0,0.0153686474028743,MONITOR,276.63565325173744,276.63565325173744,307.68432370143717,596.9262705194252
H,302.3,311.5,1526,38.2,47,0,0.9860459742757944,0.0139540257242062,0,0.0139540257242062,MONITOR,251.17246303571162,251.17246303571162,306.9770128621031,597.2091948551587
M,302.3,311.6,1668,33.2,52,0,0.9833981135813586,0.0166018864186422,0,0.0166018864186422,MONITOR,298.8339555355596,298.8339555355596,308.3009432093211,596.6796227162715
M,302.3,311.4,1479,45.6,59,0,0.9834694617815092,0.0165305382184915,0,0.0165305382184915,MONITOR,297.549687932847,297.549687932847,308.26526910924576,596.6938923563017
H,302.4,311.5,1540,43.7,81,0,0.9859647234693544,0.0140352765306463,0,0.0140352765306463,MONITOR,252.6349775516334,252.6349775516334,307.0176382653231,597.1929446938707
H,302.3,311.4,1372,46.0,86,0,0.8688449007319599,0.1311550992680401,0,0.1311550992680401,SCHEDULE,365.57754963402004,2360.7917868247214,365.57754963402004,573.768980146392
M,302.2,311.3,1375,47.0,98,0,0.8776900234608686,0.1223099765391318,0,0.1223099765391318,SCHEDULE,361.1549882695659,2201.5795777043722,361.1549882695659,575.5380046921737
L,302.3,311.4,1434,40.3,133,0,0.984783951603717,0.0152160483962836,0,0.0152160483962836,MONITOR,273.88887113310483,273.88887113310483,307.6080241981418,596.9567903207433
L,302.3,311.3,1621,31.6,135,0,0.984783951603717,0.0152160483962836,0,0.0152160483962836,MONITOR,273.88887113310483,273.88887113310483,307.6080241981418,596.9567903207433
M,302.3,311.3,1625,33.1,137,0,0.9834694617815092,0.0165305382184915,0,0.0165305382184915,MONITOR,297.549687932847,297.549687932847,308.26526910924576,596.6938923563017
L,302.1,311.0,1586,35.1,142,0,0.983193482420406,0.0168065175795946,0,0.0168065175795946,MONITOR,302.51731643270284,302.51731643270284,308.4032587897973,596.638696484081
H,302.1,311.2,1598,37.9,148,0,0.9844555050924833,0.0155444949075172,0,0.0155444949075172,MONITOR,279.8009083353096,279.8009083353096,307.7722474537586,596.8911010184966
L,302.1,311.2,1454,59.2,153,1,0.9530231051390526,0.0469768948609478,0,0.0469768948609478,SCHEDULE,323.4884474304739,845.5841074970604,323.4884474304739,590.6046210278105
L,302.1,311.2,1369,50.8,164,0,0.8497093237819071,0.1502906762180927,0,0.1502906762180927,SCHEDULE,375.14533810904635,2705.2321719256684,375.14533810904635,569.9418647563815
M,302.2,311.2,1360,52.8,176,0,0.8531049826826567,0.1468950173173435,0,0.1468950173173435,SCHEDULE,373.4475086586717,2644.110311712183,373.4475086586717,570.6209965365313
M,302.2,311.1,1728,34.0,179,0,0.9832758048856428,0.0167241951143581,0,0.0167241951143581,MONITOR,301.0355120584458,301.0355120584458,308.3620975571791,596.6551609771284
M,302.0,310.8,1783,23.1,190,0,0.9818076443980476,0.0181923556019532,0,0.0181923556019532,SCHEDULE,309.0961778009766,327.4624008351576,309.0961778009766,596.3615288796094
M,302.0,310.9,1558,45.3,193,0,0.9818789925981984,0.0181210074018026,0,0.0181210074018026,SCHEDULE,309.06050370090134,326.1781332324468,309.06050370090134,596.3757985196395
L,302.1,310.9,1666,30.7,203,0,0.9753155874303778,0.0246844125696227,0,0.0246844125696227,SCHEDULE,312.34220628481137,444.3194262532086,312.34220628481137,595.0631174860755
M,302.1,311.0,1574,34.1,215,0,0.956035743117974,0.0439642568820267,0,0.0439642568820267,SCHEDULE,321.98212844101334,791.3566238764806,321.98212844101334,591.2071486235947
L,302.0,310.8,2143,17.3,227,0,0.8503118778508477,0.1496881221491526,0,0.1496881221491526,SCHEDULE,374.8440610745763,2694.386198684747,374.8440610745763,570.0623755701695
L,302.0,310.8,1454,36.6,0,0,0.983193482420406,0.0168065175795946,0,0.0168065175795946,MONITOR,302.51731643270284,302.51731643270284,308.4032587897973,596.638696484081
L,302.0,310.9,1539,34.2,13,0,0.983193482420406,0.0168065175795946,0,0.0168065175795946,MONITOR,302.51731643270284,302.51731643270284,308.4032587897973,596.638696484081
M,302.0,310.8,1445,46.3,17,0,0.9815848749511394,0.0184151250488614,0,0.0184151250488614,SCHEDULE,309.20756252443067,331.47225087950517,309.20756252443067,596.3169749902277
M,301.8,310.9,1881,20.9,23,0,0.9858277615491148,0.0141722384508861,0,0.0141722384508861,MONITOR,255.1002921159498,255.1002921159498,307.08611922544304,597.1655523098228
L,301.9,311.0,1455,46.0,29,0,0.9851495276950688,0.0148504723049318,0,0.0148504723049318,MONITOR,267.3085014887724,267.3085014887724,307.4252361524659,597.0299055390137
L,301.9,311.0,2691,12.1,31,1,0.0770382465547994,0.9229617534452008,1,0.9229617534452008,STOP,415.4076493109598,16613.311562013616,761.4808767226004,415.4076493109598
M,301.9,310.8,1563,39.2,39,0,0.9846742116881102,0.0153257883118906,0,0.0153257883118906,MONITOR,275.8641896140308,275.8641896140308,307.6628941559453,596.9348423376218
M,301.9,310.9,2305,16.1,42,0,0.9639789679427544,0.0360210320572464,0,0.0360210320572464,SCHEDULE,318.0105160286232,648.3785770304352,318.0105160286232,592.7957935885507
L,302.0,311.0,1865,22.7,48,0,0.9831221342202554,0.0168778657797453,0,0.0168778657797453,MONITOR,303.8015840354154,303.8015840354154,308.43893288987266,596.624426844051
L,302.0,310.9,1495,38.6,52,0,0.983193482420406,0.0168065175795946,0,0.0168065175795946,MONITOR,302.51731643270284,302.51731643270284,308.4032587897973,596.638696484081
M,302.0,310.9,1456,47.2,54,0,0.9818789925981984,0.0181210074018026,0,0.0181210074018026,SCHEDULE,309.06050370090134,326.1781332324468,309.06050370090134,596.3757985196395
L,302.0,310.9,1446,44.0,64,0,0.983193482420406,0.0168065175795946,0,0.0168065175795946,MONITOR,302.51731643270284,302.51731643270284,308.4032587897973,596.638696484081
L,302.0,310.8,1948,19.7,66,0,0.9831221342202554,0.0168778657797453,0,0.0168778657797453,MONITOR,303.8015840354154,303.8015840354154,308.43893288987266,596.624426844051
M,301.9,310.7,1511,37.6,70,0,0.9846742116881102,0.0153257883118906,0,0.0153257883118906,MONITOR,275.8641896140308,275.8641896140308,307.6628941559453,596.9348423376218
L,301.9,310.7,1405,48.8,78,0,0.9838995276950688,0.0161004723049318,0,0.0161004723049318,MONITOR,289.8085014887724,289.8085014887724,308.0502361524659,596.7799055390137
M,301.9,310.7,1405,47.9,80,0,0.98342421168811,0.0165757883118907,0,0.0165757883118907,MONITOR,298.36418961403257,298.36418961403257,308.28789415594537,596.6848423376218
L,302.0,310.7,1453,42.7,92,0,0.983193482420406,0.0168065175795946,0,0.0168065175795946,MONITOR,302.51731643270284,302.51731643270284,308.4032587897973,596.638696484081
L,302.0,310.4,1357,58.0,108,1,0.7594283848779547,0.2405716151220452,0,0.2405716151220452,SCHEDULE,420.2858075610226,4330.289072196813,420.2858075610226,551.885676975591
L,302.0,310.4,1336,58.2,110,1,0.757449218211288,0.2425507817887119,0,0.2425507817887119,SCHEDULE,421.27539089435595,4365.914072196814,421.27539089435595,551.4898436422576
L,302.0,310.4,1611,35.6,117,0,0.983193482420406,0.0168065175795946,0,0.0168065175795946,MONITOR,302.51731643270284,302.51731643270284,308.4032587897973,596.638696484081
L,302.0,310.5,2197,15.8,133,0,0.9831221342202554,0.0168778657797453,0,0.0168778657797453,MONITOR,303.8015840354154,303.8015840354154,308.43893288987266,596.624426844051
H,302.0,310.5,1812,24.4,138,0,0.9843841568923324,0.0156158431076678,0,0.0156158431076678,MONITOR,281.0851759380204,281.0851759380204,307.8079215538339,596.8768313784665
L,301.9,310.4,1370,51.7,153,1,0.8057661144859948,0.1942338855140052,0,0.1942338855140052,SCHEDULE,397.11694275700256,3496.2099392520936,397.11694275700256,561.1532228971989
L,301.9,310.4,1518,34.1,155,0,0.9836421202876616,0.0163578797123392,0,0.0163578797123392,MONITOR,294.4418348221056,294.4418348221056,308.17893985616956,596.7284240575322
L,302.0,310.4,1464,47.2,159,0,0.983193482420406,0.0168065175795946,0,0.0168065175795946,MONITOR,302.51731643270284,302.51731643270284,308.4032587897973,596.638696484081
L,301.9,310.4,1884,23.4,163,0,0.9835707720875108,0.0164292279124898,0,0.0164292279124898,MONITOR,295.7261024248164,295.7261024248164,308.2146139562449,596.7141544175021
L,302.0,310.4,1448,43.4,167,0,0.983193482420406,0.0168065175795946,0,0.0168065175795946,MONITOR,302.51731643270284,302.51731643270284,308.4032587897973,596.638696484081
L,302.0,310.6,1583,35.2,171,0,0.983193482420406,0.0168065175795946,0,0.0168065175795946,MONITOR,302.51731643270284,302.51731643270284,308.4032587897973,596.638696484081
L,302.0,310.6,1361,46.7,182,0,0.852406200695563,0.1475937993044368,0,0.1475937993044368,SCHEDULE,373.79689965221837,2656.6883874798627,373.79689965221837,570.4812401391126
H,301.9,310.5,1472,39.7,187,0,0.9866238530345388,0.0133761469654618,0,0.0133761469654618,MONITOR,240.7706453783124,240.7706453783124,306.6880734827309,597.3247706069076
L,301.9,310.5,1340,55.7,204,1,0.8088702062028149,0.1911297937971849,0,0.1911297937971849,SCHEDULE,395.56489689859245,3440.3362883493282,395.56489689859245,561.7740412405631
L,302.0,310.6,1366,47.7,206,0,0.8387284160753797,0.1612715839246199,0,0.1612715839246199,SCHEDULE,380.6357919623099,2902.8885106431585,380.6357919623099,567.7456832150759
L,302.1,310.7,1325,45.1,208,1,0.7994689778033698,0.2005310221966302,0,0.2005310221966302,SCHEDULE,400.2655110983151,3609.5583995393436,400.2655110983151,559.8937955606739
M,302.1,310.7,1364,47.8,213,1,0.8132712956863741,0.1867287043136259,0,0.1867287043136259,SCHEDULE,393.36435215681297,3361.116677645266,393.36435215681297,562.6542591372748
L,302.1,310.6,1385,53.6,5,0,0.975964348334996,0.0240356516650043,0,0.0240356516650043,SCHEDULE,312.0178258325021,432.6417299700774,312.0178258325021,595.1928696669992
L,301.9,310.4,1708,24.8,17,0,0.9835707720875108,0.0164292279124898,0,0.0164292279124898,MONITOR,295.7261024248164,295.7261024248164,308.2146139562449,596.7141544175021
L,301.9,310.4,1286,62.8,22,1,0.7617777497440715,0.2382222502559287,0,0.2382222502559287,SCHEDULE,419.1111251279643,4288.000504606716,419.1111251279643,552.3555499488142
L,301.8,310.3,1688,28.8,31,0,0.9838903564091072,0.0161096435908935,0,0.0161096435908935,MONITOR,289.973584636083,289.973584636083,308.05482179544674,596.7780712818212
M,301.7,310.3,1787,26.7,33,0,0.9882342565668972,0.0117657434331036,0,0.0117657434331036,MONITOR,211.7833817958648,211.7833817958648,305.8828717165518,597.6468513133793
L,301.7,310.1,1424,50.2,54,0,0.9804865278983956,0.0195134721016052,0,0.0195134721016052,SCHEDULE,309.7567360508026,351.2424978288936,309.7567360508026,596.097305579679
L,301.7,310.1,1500,39.6,56,0,0.9847920834539512,0.0152079165460496,0,0.0152079165460496,MONITOR,273.7424978288928,273.7424978288928,307.60395827302483,596.95841669079
L,301.9,310.3,1398,44.0,65,0,0.9822359404478712,0.0177640595521293,0,0.0177640595521293,SCHEDULE,308.88202977606466,319.75307193832737,308.88202977606466,596.4471880895742
L,301.9,310.3,1972,21.3,67,0,0.983587085301214,0.0164129146987867,0,0.0164129146987867,MONITOR,295.4324645781606,295.4324645781606,308.2064573493933,596.7174170602426
L,301.9,310.4,1603,37.6,69,0,0.9836421202876616,0.0163578797123392,0,0.0163578797123392,MONITOR,294.4418348221056,294.4418348221056,308.17893985616956,596.7284240575322
L,301.9,310.4,1610,34.8,71,0,0.9836421202876616,0.0163578797123392,0,0.0163578797123392,MONITOR,294.4418348221056,294.4418348221056,308.17893985616956,596.7284240575322
M,301.9,310.4,1373,48.0,73,1,0.8304542153916222,0.169545784608378,0,0.169545784608378,SCHEDULE,384.772892304189,3051.824122950804,384.772892304189,566.0908430783244
M,302.0,310.5,1425,44.7,76,0,0.9818789925981984,0.0181210074018026,0,0.0181210074018026,SCHEDULE,309.06050370090134,326.1781332324468,309.06050370090134,596.3757985196395
L,301.9,310.4,1889,21.5,92,0,0.9835707720875108,0.0164292279124898,0,0.0164292279124898,MONITOR,295.7261024248164,295.7261024248164,308.2146139562449,596.7141544175021
M,302.0,310.4,1608,33.1,97,0,0.9818789925981984,0.0181210074018026,0,0.0181210074018026,SCHEDULE,309.06050370090134,326.1781332324468,309.06050370090134,596.3757985196395
L,302.0,310.4,1591,29.8,105,0,0.983193482420406,0.0168065175795946,0,0.0168065175795946,MONITOR,302.51731643270284,302.51731643270284,308.4032587897973,596.638696484081
M,302.3,310.7,1559,33.9,119,0,0.9836910684297088,0.0163089315702921,0,0.0163089315702921,MONITOR,293.5607682652578,293.5607682652578,308.15446578514604,596.7382136859416
M,302.2,310.6,1355,51.5,126,1,0.8549880574275095,0.1450119425724906,0,0.1450119425724906,SCHEDULE,372.5059712862453,2610.214966304831,372.5059712862453,570.9976114855019
L,302.2,310.6,1386,50.0,132,0,0.984489149854508,0.0155108501454927,0,0.0155108501454927,MONITOR,279.1953026188686,279.1953026188686,307.7554250727464,596.8978299709015
M,302.2,310.6,1346,49.2,134,1,0.860042584271797,0.1399574157282033,0,0.1399574157282033,SCHEDULE,369.97870786410164,2519.2334831076596,369.97870786410164,572.0085168543593
L,302.3,310.7,1612,33.4,139,0,0.9850055582519164,0.0149944417480842,0,0.0149944417480842,MONITOR,269.8999514655156,269.8999514655156,307.49722087404206,597.0011116503831
M,302.3,310.7,1544,39.7,141,0,0.9836910684297088,0.0163089315702921,0,0.0163089315702921,MONITOR,293.5607682652578,293.5607682652578,308.15446578514604,596.7382136859416
L,302.2,310.6,1334,53.2,159,1,0.8436401247568216,0.1563598752431781,0,0.1563598752431781,SCHEDULE,378.1799376215891,2814.4777543772057,378.1799376215891,568.7280249513644
L,302.4,311.1,1634,34.2,184,0,0.9847027007972768,0.0152972992027237,0,0.0152972992027237,MONITOR,275.3513856490266,275.3513856490266,307.64864960136185,596.9405401594552
M,302.4,311.1,1432,44.5,195,0,0.9833882109750692,0.0166117890249316,0,0.0166117890249316,MONITOR,299.0122024487688,299.0122024487688,308.30589451246584,596.6776421950137
M,302.5,311.1,1638,32.0,198,0,0.9833882109750692,0.0166117890249316,0,0.0166117890249316,MONITOR,299.0122024487688,299.0122024487688,308.30589451246584,596.6776421950137
L,302.3,310.8,1723,26.3,213,0,0.9446150378467142,0.0553849621532862,0,0.0553849621532862,SCHEDULE,327.6924810766431,996.9293187591516,327.6924810766431,588.9230075693428
M,302.3,310.8,1721,28.4,215,0,0.950478262579928,0.0495217374200726,0,0.0495217374200726,SCHEDULE,324.76086871003633,891.3912735613068,324.76086871003633,590.0956525159855
M,302.3,310.9,1710,30.4,218,1,0.9448913319681252,0.0551086680318756,0,0.0551086680318756,SCHEDULE,327.5543340159378,991.9560245737608,327.5543340159378,588.9782663936248
M,302.0,310.6,1392,60.5,10,0,0.8962025547386442,0.1037974452613563,0,0.1037974452613563,SCHEDULE,351.89872263067815,1868.3540147044134,351.89872263067815,579.2405109477287
L,301.9,310.6,1573,36.6,15,0,0.9851495276950688,0.0148504723049318,0,0.0148504723049318,MONITOR,267.3085014887724,267.3085014887724,307.4252361524659,597.0299055390137
M,302.0,310.6,1479,40.5,24,0,0.9818789925981984,0.0181210074018026,0,0.0181210074018026,SCHEDULE,309.06050370090134,326.1781332324468,309.06050370090134,596.3757985196395
M,301.9,310.6,1260,65.9,29,0,0.4147695904405312,0.5852304095594687,1,0.5852304095594687,STOP,482.95391808810626,10534.147372070436,592.6152047797343,482.95391808810626
L,302.1,310.7,1359,49.3,41,1,0.852406200695563,0.1475937993044368,0,0.1475937993044368,SCHEDULE,373.79689965221837,2656.6883874798627,373.79689965221837,570.4812401391126
L,302.2,310.9,1452,42.3,56,0,0.9846616429080012,0.0153383570919995,0,0.0153383570919995,MONITOR,276.090427655991,276.090427655991,307.6691785459997,596.9323285816001
H,302.2,310.9,1522,35.9,61,0,0.9859236655800784,0.0140763344199221,0,0.0140763344199221,MONITOR,253.3740195585978,253.3740195585978,307.03816720996105,597.1847331160155
L,302.2,310.8,1438,41.4,66,0,0.9846616429080012,0.0153383570919995,0,0.0153383570919995,MONITOR,276.090427655991,276.090427655991,307.6691785459997,596.9323285816001
L,302.2,310.9,1604,40.5,68,0,0.9846616429080012,0.0153383570919995,0,0.0153383570919995,MONITOR,276.090427655991,276.090427655991,307.6691785459997,596.9323285816001
L,302.4,310.9,1469,39.6,86,0,0.9849243074454764,0.0150756925545242,0,0.0150756925545242,MONITOR,271.3624659814356,271.3624659814356,307.5378462772621,596.9848614890951
L,302.6,311.0,1537,35.5,91,0,0.9847027007972768,0.0152972992027237,0,0.0152972992027237,MONITOR,275.3513856490266,275.3513856490266,307.64864960136185,596.9405401594552
L,302.6,311.0,1506,37.2,95,0,0.9847027007972768,0.0152972992027237,0,0.0152972992027237,MONITOR,275.3513856490266,275.3513856490266,307.64864960136185,596.9405401594552
M,302.5,311.0,1387,52.1,116,0,0.972749848855232,0.0272501511447687,0,0.0272501511447687,SCHEDULE,313.62507557238433,490.5027206058366,313.62507557238433,594.5499697710462
H,302.7,311.1,1418,43.4,130,0,0.9859029950742924,0.014097004925708,0,0.014097004925708,MONITOR,253.746088662744,253.746088662744,307.048502462854,597.1805990148584
L,302.6,311.0,1424,38.0,144,0,0.9847027007972768,0.0152972992027237,0,0.0152972992027237,MONITOR,275.3513856490266,275.3513856490266,307.64864960136185,596.9405401594552
L,302.6,311.0,1520,42.8,148,0,0.9847027007972768,0.0152972992027237,0,0.0152972992027237,MONITOR,275.3513856490266,275.3513856490266,307.64864960136185,596.9405401594552
L,302.5,310.8,1577,36.9,158,0,0.9849243074454764,0.0150756925545242,0,0.0150756925545242,MONITOR,271.3624659814356,271.3624659814356,307.5378462772621,596.9848614890951
M,302.4,310.5,1500,36.7,164,0,0.9834969339749244,0.0165030660250762,0,0.0165030660250762,MONITOR,297.0551884513716,297.0551884513716,308.25153301253806,596.6993867949847
M,302.2,310.4,1456,47.5,167,0,0.9833471530857936,0.0166528469142074,0,0.0166528469142074,MONITOR,299.7512444557332,299.7512444557332,308.32642345710366,596.6694306171585
M,301.7,310.0,1391,50.6,195,0,0.9793179539883178,0.020682046011683,0,0.020682046011683,SCHEDULE,310.34102300584146,372.276828210294,310.34102300584146,595.8635907976634
M,301.8,310.0,1781,23.9,198,0,0.9798270651857292,0.0201729348142717,0,0.0201729348142717,SCHEDULE,310.08646740713584,363.1128266568906,310.08646740713584,595.9654130371457
L,301.8,310.0,2032,19.0,203,0,0.9700960729798576,0.0299039270201431,0,0.0299039270201431,SCHEDULE,314.95196351007155,538.2706863625758,314.95196351007155,594.0192145959713
L,301.6,310.1,1694,26.3,14,0,0.987550537120486,0.0124494628795146,0,0.0124494628795146,MONITOR,224.0903318312628,224.0903318312628,306.22473143975725,597.510107424097
L,301.6,310.1,1687,26.6,16,0,0.987550537120486,0.0124494628795146,0,0.0124494628795146,MONITOR,224.0903318312628,224.0903318312628,306.22473143975725,597.510107424097
M,301.4,310.0,1651,29.8,44,0,0.990534030651236,0.0094659693487647,0,0.0094659693487647,MONITOR,170.3874482777646,170.3874482777646,304.73298467438235,598.1068061302472
L,301.5,310.1,1541,42.2,52,0,0.989092366714806,0.0109076332851944,0,0.0109076332851944,MONITOR,196.3373991334992,196.3373991334992,305.4538166425972,597.8184733429612
M,301.6,310.2,1411,45.1,54,0,0.9892549609255346,0.0107450390744664,0,0.0107450390744664,MONITOR,193.4107033403952,193.4107033403952,305.3725195372332,597.8509921851066
L,301.7,310.3,1397,44.6,57,0,0.9867792863787695,0.0132207136212311,0,0.0132207136212311,MONITOR,237.9728451821598,237.9728451821598,306.61035681061554,597.3558572757537
L,301.6,310.2,1384,57.1,68,0,0.985176684998238,0.0148233150017628,0,0.0148233150017628,MONITOR,266.8196700317304,266.8196700317304,307.4116575008814,597.0353369996475
L,301.6,310.1,1362,55.8,70,1,0.9074332729175616,0.0925667270824384,0,0.0925667270824384,SCHEDULE,346.2833635412192,1666.2010874838913,346.2833635412192,581.4866545835123
H,301.7,310.1,1660,29.3,72,0,0.9862664087934208,0.0137335912065797,0,0.0137335912065797,MONITOR,247.2046417184346,247.2046417184346,306.86679560328986,597.253281758684
L,301.6,310.0,1566,30.3,79,0,0.9876218853206368,0.012378114679364,0,0.012378114679364,MONITOR,222.806064228552,222.806064228552,306.18905733968205,597.5243770641273
L,301.6,309.8,1588,33.9,89,0,0.9878280507300864,0.0121719492699141,0,0.0121719492699141,MONITOR,219.09508685845378,219.09508685845378,306.0859746349571,597.5656101460172
L,301.6,309.8,1472,42.5,91,0,0.9878280507300864,0.0121719492699141,0,0.0121719492699141,MONITOR,219.09508685845378,219.09508685845378,306.0859746349571,597.5656101460172
M,301.7,309.9,1533,40.9,106,0,0.9840021680068164,0.0159978319931844,0,0.0159978319931844,MONITOR,287.9609758773192,287.9609758773192,307.9989159965922,596.8004336013631
L,301.7,309.8,1398,46.0,109,0,0.982475849618538,0.0175241503814625,0,0.0175241503814625,SCHEDULE,308.76207519073125,315.434706866325,308.76207519073125,596.4951699237074
M,301.7,309.8,1284,68.2,111,1,0.0369857817303469,0.963014218269653,1,0.963014218269653,STOP,407.39715634606944,17334.255928853756,781.5071091348266,407.39715634606944
L,301.7,309.8,1491,39.3,114,0,0.9826483426720312,0.0173516573279693,0,0.0173516573279693,SCHEDULE,308.67582866398465,312.3298319034474,308.67582866398465,596.5296685344061
H,301.8,309.9,1418,51.3,116,0,0.9731589681860524,0.0268410318139483,0,0.0268410318139483,SCHEDULE,313.4205159069742,483.13857265106935,313.4205159069742,594.6317936372103
M,301.9,309.7,1568,37.5,135,0,0.9590271651001708,0.0409728348998299,0,0.0409728348998299,SCHEDULE,320.48641744991494,737.5110281969381,320.48641744991494,591.805433020034
L,301.8,309.6,1432,43.7,138,0,0.9802995299656208,0.0197004700343797,0,0.0197004700343797,SCHEDULE,309.85023501718985,354.6084606188346,309.85023501718985,596.0599059931241
L,302.0,309.8,1456,58.1,145,0,0.9462633215924424,0.0537366784075583,0,0.0537366784075583,SCHEDULE,326.8683392037791,967.2602113360495,326.8683392037791,589.2526643184883
L,302.0,309.9,1407,52.8,154,0,0.9652389193853236,0.0347610806146768,0,0.0347610806146768,SCHEDULE,317.3805403073384,625.6994510641824,317.3805403073384,593.0477838770646
L,302.1,310.1,1543,35.8,164,0,0.9793738296664444,0.0206261703335563,0,0.0206261703335563,SCHEDULE,310.31308516677814,371.2710660040134,310.31308516677814,595.8747659332887
L,302.0,309.7,1414,36.3,209,0,0.9193185880925482,0.0806814119074522,0,0.0806814119074522,SCHEDULE,340.3407059537261,1452.2654143341397,340.3407059537261,583.8637176185096
M,301.9,309.6,1551,34.6,211,0,0.9346380543945276,0.0653619456054733,0,0.0653619456054733,SCHEDULE,332.6809728027367,1176.5150208985194,332.6809728027367,586.9276108789054
M,301.8,309.6,1436,49.0,214,0,0.9193389931541668,0.0806610068458338,0,0.0806610068458338,SCHEDULE,340.33050342291693,1451.8981232250085,340.33050342291693,583.8677986308332
M,301.8,309.5,1732,30.1,220,0,0.8783913310098626,0.121608668990138,0,0.121608668990138,SCHEDULE,360.80433449506904,2188.956041822484,360.80433449506904,575.6782662019724
L,301.8,309.5,1525,39.6,227,0,0.8551011412233384,0.1448988587766621,0,0.1448988587766621,SCHEDULE,372.44942938833105,2608.1794579799175,372.44942938833105,571.0202282446676
L,301.8,309.7,1442,45.3,233,1,0.8173367203936018,0.1826632796063985,0,0.1826632796063985,SCHEDULE,391.3316398031992,3287.939032915173,391.3316398031992,563.4673440787203
L,301.9,309.7,1719,31.9,0,0,0.9785876237190714,0.0214123762809292,0,0.0214123762809292,SCHEDULE,310.70618814046463,385.4227730567256,310.70618814046463,595.7175247438141
M,302.2,310.1,1572,34.6,17,0,0.9785953355467256,0.0214046644532751,0,0.0214046644532751,SCHEDULE,310.70233222663757,385.28396015895174,310.70233222663757,595.719067109345
L,302.3,310.1,1513,40.4,22,0,0.9815478583599077,0.018452141640093,0,0.018452141640093,SCHEDULE,309.2260708200465,332.138549521674,309.2260708200465,596.3095716719814
L,302.5,310.3,1326,58.5,55,1,0.7048849665268494,0.2951150334731507,0,0.2951150334731507,SCHEDULE,447.55751673657534,5312.070602516713,447.55751673657534,540.9769933053699
M,302.7,310.5,1398,47.3,70,0,0.9833244409214312,0.0166755590785694,0,0.0166755590785694,MONITOR,300.16006341424924,300.16006341424924,308.3377795392847,596.6648881842862
L,302.6,310.3,1642,33.2,82,0,0.9851896898727882,0.0148103101272123,0,0.0148103101272123,MONITOR,266.5855822898214,266.5855822898214,307.4051550636062,597.0379379745575
L,302.6,310.2,1325,62.4,92,1,0.6365312162973246,0.3634687837026756,0,0.3634687837026756,SCHEDULE,481.7343918513378,6542.438106648161,481.7343918513378,527.306243259465
M,302.6,310.2,1563,39.0,97,0,0.9841952696789026,0.0158047303210982,0,0.0158047303210982,MONITOR,284.4851457797676,284.4851457797676,307.9023651605491,596.8390539357803
L,302.6,310.3,1479,40.4,105,0,0.9851896898727882,0.0148103101272123,0,0.0148103101272123,MONITOR,266.5855822898214,266.5855822898214,307.4051550636062,597.0379379745575
L,302.3,310.1,1321,52.7,134,1,0.7272628517385997,0.2727371482614004,0,0.2727371482614004,SCHEDULE,436.3685741307002,4909.268668705207,436.3685741307002,545.45257034772
L,302.4,310.2,1578,31.2,139,0,0.9855097595011104,0.0144902404988903,0,0.0144902404988903,MONITOR,260.8243289800254,260.8243289800254,307.24512024944516,597.1019519002219
L,302.4,310.1,1418,52.3,141,0,0.9612663325923018,0.0387336674076987,0,0.0387336674076987,SCHEDULE,319.36683370384935,697.2060133385766,319.36683370384935,592.2532665184604
M,302.4,310.2,1392,55.8,143,0,0.9647970129922436,0.0352029870077571,0,0.0352029870077571,SCHEDULE,317.60149350387854,633.6537661396278,317.60149350387854,592.9594025984485
L,302.5,310.3,1446,44.0,146,0,0.9851896898727882,0.0148103101272123,0,0.0148103101272123,MONITOR,266.5855822898214,266.5855822898214,307.4051550636062,597.0379379745575
L,302.5,310.3,1405,57.4,152,0,0.963811978122724,0.0361880218772764,0,0.0361880218772764,SCHEDULE,318.0940109386382,651.3843937909752,318.0940109386382,592.7623956245448
L,302.4,310.2,2224,16.0,154,0,0.9854384113009595,0.0145615886990409,0,0.0145615886990409,MONITOR,262.1085965827362,262.1085965827362,307.2807943495204,597.0876822601919
L,302.5,310.2,1716,29.9,156,0,0.9854384113009595,0.0145615886990409,0,0.0145615886990409,MONITOR,262.1085965827362,262.1085965827362,307.2807943495204,597.0876822601919
M,302.5,310.3,1488,41.8,160,0,0.9838752000505804,0.0161247999494202,0,0.0161247999494202,MONITOR,290.2463990895636,290.2463990895636,308.0623999747101,596.775040010116
L,302.4,310.3,1374,51.2,163,1,0.7346601627580543,0.2653398372419457,0,0.2653398372419457,SCHEDULE,432.6699186209728,4776.117070355022,432.6699186209728,546.9320325516107
L,302.5,310.3,1549,40.9,170,0,0.9851896898727882,0.0148103101272123,0,0.0148103101272123,MONITOR,266.5855822898214,266.5855822898214,307.4051550636062,597.0379379745575
L,302.4,310.1,1401,48.8,177,0,0.9788077209596574,0.0211922790403431,0,0.0211922790403431,SCHEDULE,310.59613952017156,381.46102272617577,310.59613952017156,595.7615441919314
L,302.7,310.5,1551,35.9,6,0,0.9848114237971324,0.0151885762028683,0,0.0151885762028683,MONITOR,273.3943716516294,273.3943716516294,307.59428810143413,596.9622847594263
L,302.7,310.5,1563,35.0,8,0,0.9848114237971324,0.0151885762028683,0,0.0151885762028683,MONITOR,273.3943716516294,273.3943716516294,307.59428810143413,596.9622847594263
L,302.6,310.2,1923,21.5,18,0,0.9854384113009595,0.0145615886990409,0,0.0145615886990409,MONITOR,262.1085965827362,262.1085965827362,307.2807943495204,597.0876822601919
M,302.6,310.5,1420,56.4,57,0,0.9683073248253032,0.0316926751746976,0,0.0316926751746976,SCHEDULE,315.8463375873488,570.4681531445568,315.8463375873488,593.6614649650604
L,302.5,310.3,1523,36.0,72,0,0.9851896898727882,0.0148103101272123,0,0.0148103101272123,MONITOR,266.5855822898214,266.5855822898214,307.4051550636062,597.0379379745575
L,302.4,310.2,1642,28.3,88,0,0.9855097595011104,0.0144902404988903,0,0.0144902404988903,MONITOR,260.8243289800254,260.8243289800254,307.24512024944516,597.1019519002219
L,302.4,310.1,1426,46.8,95,0,0.9832857695687062,0.0167142304312944,0,0.0167142304312944,MONITOR,300.8561477632992,300.8561477632992,308.3571152156472,596.6571539137411
M,302.4,310.1,1520,36.6,97,0,0.9809712797464986,0.0190287202535023,0,0.0190287202535023,SCHEDULE,309.5143601267511,342.5169645630414,309.5143601267511,596.1942559492995
M,302.5,310.3,1411,49.5,110,0,0.9838752000505804,0.0161247999494202,0,0.0161247999494202,MONITOR,290.2463990895636,290.2463990895636,308.0623999747101,596.775040010116
L,302.4,310.3,1480,45.8,123,0,0.9851896898727882,0.0148103101272123,0,0.0148103101272123,MONITOR,266.5855822898214,266.5855822898214,307.4051550636062,597.0379379745575
L,302.4,310.4,1865,23.9,129,0,0.9847400755969816,0.0152599244030189,0,0.0152599244030189,MONITOR,274.6786392543402,274.6786392543402,307.62996220150944,596.9480151193961
L,302.5,310.4,1488,48.4,134,0,0.9848114237971324,0.0151885762028683,0,0.0151885762028683,MONITOR,273.3943716516294,273.3943716516294,307.59428810143413,596.9622847594263
M,302.5,310.5,1527,38.8,136,0,0.9834969339749244,0.0165030660250762,0,0.0165030660250762,MONITOR,297.0551884513716,297.0551884513716,308.25153301253806,596.6993867949847
L,302.4,310.4,1521,38.5,142,0,0.9848114237971324,0.0151885762028683,0,0.0151885762028683,MONITOR,273.3943716516294,273.3943716516294,307.59428810143413,596.9622847594263
L,302.5,310.5,1507,39.5,147,0,0.9848114237971324,0.0151885762028683,0,0.0151885762028683,MONITOR,273.3943716516294,273.3943716516294,307.59428810143413,596.9622847594263
M,302.6,310.5,1542,39.9,184,0,0.9834969339749244,0.0165030660250762,0,0.0165030660250762,MONITOR,297.0551884513716,297.0551884513716,308.25153301253806,596.6993867949847
L,302.6,310.6,1549,37.5,199,0,0.9849243074454764,0.0150756925545242,0,0.0150756925545242,MONITOR,271.3624659814356,271.3624659814356,307.5378462772621,596.9848614890951
L,302.6,310.5,1461,45.4,0,0,0.9848114237971324,0.0151885762028683,0,0.0151885762028683,MONITOR,273.3943716516294,273.3943716516294,307.59428810143413,596.9622847594263
L,302.6,310.5,1748,28.2,2,0,0.9847400755969816,0.0152599244030189,0,0.0152599244030189,MONITOR,274.6786392543402,274.6786392543402,307.62996220150944,596.9480151193961
L,302.7,310.7,1433,43.7,13,0,0.9849243074454764,0.0150756925545242,0,0.0150756925545242,MONITOR,271.3624659814356,271.3624659814356,307.5378462772621,596.9848614890951
L,302.7,310.7,1597,41.9,15,0,0.9849243074454764,0.0150756925545242,0,0.0150756925545242,MONITOR,271.3624659814356,271.3624659814356,307.5378462772621,596.9848614890951
L,302.9,310.8,1610,32.2,17,0,0.9849243074454764,0.0150756925545242,0,0.0150756925545242,MONITOR,271.3624659814356,271.3624659814356,307.5378462772621,596.9848614890951
L,302.8,310.9,1636,35.0,38,0,0.9849243074454764,0.0150756925545242,0,0.0150756925545242,MONITOR,271.3624659814356,271.3624659814356,307.5378462772621,596.9848614890951
L,302.8,310.9,1708,29.8,42,0,0.9848529592453256,0.0151470407546749,0,0.0151470407546749,MONITOR,272.6467335841482,272.6467335841482,307.57352037733745,596.9705918490649
L,302.9,311.2,1634,36.9,71,0,0.9847027007972768,0.0152972992027237,0,0.0152972992027237,MONITOR,275.3513856490266,275.3513856490266,307.64864960136185,596.9405401594552
M,302.8,311.0,1507,33.4,82,0,0.9833882109750692,0.0166117890249316,0,0.0166117890249316,MONITOR,299.0122024487688,299.0122024487688,308.30589451246584,596.6776421950137
L,302.8,311.1,1721,30.0,87,0,0.9846313525971262,0.0153686474028743,0,0.0153686474028743,MONITOR,276.63565325173744,276.63565325173744,307.68432370143717,596.9262705194252
L,303.0,311.2,1409,41.9,98,0,0.9841848453107932,0.0158151546892074,0,0.0158151546892074,MONITOR,284.67278440573324,284.67278440573324,307.90757734460374,596.8369690621586
M,303.0,311.2,1460,43.9,103,0,0.9827650239101056,0.0172349760898952,0,0.0172349760898952,SCHEDULE,308.6174880449476,310.2295696181136,308.6174880449476,596.553004782021
M,303.0,311.0,1409,41.7,120,0,0.9827650239101056,0.0172349760898952,0,0.0172349760898952,SCHEDULE,308.6174880449476,310.2295696181136,308.6174880449476,596.553004782021
H,302.9,311.0,1469,48.7,130,0,0.9859647234693544,0.0140352765306463,0,0.0140352765306463,MONITOR,252.6349775516334,252.6349775516334,307.0176382653231,597.1929446938707
L,302.9,311.1,1556,45.3,135,0,0.9847027007972768,0.0152972992027237,0,0.0152972992027237,MONITOR,275.3513856490266,275.3513856490266,307.64864960136185,596.9405401594552
L,303.0,311.3,2194,16.5,148,0,0.9841134971106424,0.0158865028893581,0,0.0158865028893581,MONITOR,285.9570520084458,285.9570520084458,307.94325144467905,596.8226994221284
M,303.0,311.3,1335,53.6,164,1,0.8260555130487042,0.1739444869512958,0,0.1739444869512958,SCHEDULE,386.97224347564793,3131.0007651233245,386.97224347564793,565.2111026097408
L,303.0,311.1,1525,40.7,179,0,0.9841848453107932,0.0158151546892074,0,0.0158151546892074,MONITOR,284.67278440573324,284.67278440573324,307.90757734460374,596.8369690621586
M,303.0,311.1,1428,39.8,181,0,0.9827650239101056,0.0172349760898952,0,0.0172349760898952,SCHEDULE,308.6174880449476,310.2295696181136,308.6174880449476,596.553004782021
L,303.0,311.2,1664,29.8,186,0,0.9841134971106424,0.0158865028893581,0,0.0158865028893581,MONITOR,285.9570520084458,285.9570520084458,307.94325144467905,596.8226994221284
L,303.0,311.2,1735,26.1,194,0,0.9841134971106424,0.0158865028893581,0,0.0158865028893581,MONITOR,285.9570520084458,285.9570520084458,307.94325144467905,596.8226994221284
L,303.0,311.2,1383,44.6,198,0,0.9840123522573,0.0159876477427006,0,0.0159876477427006,MONITOR,287.7776593686108,287.7776593686108,307.9938238713503,596.8024704514598
M,303.0,311.2,1614,35.7,207,0,0.9660683931480112,0.0339316068519896,0,0.0339316068519896,SCHEDULE,316.9658034259948,610.7689233358128,316.9658034259948,593.2136786296021
L,303.1,311.3,1474,34.8,215,0,0.9453208170578647,0.0546791829421355,0,0.0546791829421355,SCHEDULE,327.3395914710677,984.225292958439,327.3395914710677,589.0641634115728
L,303.1,311.2,1435,40.1,219,0,0.9430214768075078,0.0569785231924927,0,0.0569785231924927,SCHEDULE,328.48926159624637,1025.6134174648685,328.48926159624637,588.6042953615015
L,303.2,311.4,1514,41.2,230,0,0.882987462128045,0.1170125378719552,0,0.1170125378719552,SCHEDULE,358.5062689359776,2106.2256816951935,358.5062689359776,576.597492425609
L,303.3,311.4,1958,21.5,0,0,0.9841134971106424,0.0158865028893581,0,0.0158865028893581,MONITOR,285.9570520084458,285.9570520084458,307.94325144467905,596.8226994221284
L,303.3,311.4,1658,30.5,7,0,0.9841848453107932,0.0158151546892074,0,0.0158151546892074,MONITOR,284.67278440573324,284.67278440573324,307.90757734460374,596.8369690621586
L,303.1,311.2,1452,52.9,11,0,0.9735126661334508,0.0264873338665498,0,0.0264873338665498,SCHEDULE,313.24366693327494,476.7720095978964,313.24366693327494,594.7025332266901
M,303.1,311.1,1594,35.5,13,0,0.9824709062630468,0.0175290937369541,0,0.0175290937369541,SCHEDULE,308.76454686847705,315.5236872651738,308.76454686847705,596.4941812526092
M,303.1,311.0,1510,47.6,16,0,0.9824709062630468,0.0175290937369541,0,0.0175290937369541,SCHEDULE,308.76454686847705,315.5236872651738,308.76454686847705,596.4941812526092
L,303.1,311.2,1679,34.8,25,0,0.9841134971106424,0.0158865028893581,0,0.0158865028893581,MONITOR,285.9570520084458,285.9570520084458,307.94325144467905,596.8226994221284
H,303.3,311.2,1607,31.7,34,0,0.9853415364043908,0.0146584635956099,0,0.0146584635956099,MONITOR,263.8523447209782,263.8523447209782,307.329231797805,597.0683072808781
L,303.3,311.3,1389,53.9,39,0,0.9730707720079464,0.0269292279920542,0,0.0269292279920542,SCHEDULE,313.4646139960271,484.7261038569756,313.4646139960271,594.6141544015892
M,303.4,311.4,1307,54.0,44,1,0.8228185144322321,0.177181485567768,0,0.177181485567768,SCHEDULE,388.590742783884,3189.266740219824,388.590742783884,564.5637028864464
M,303.3,311.5,1569,36.6,47,0,0.9827650239101056,0.0172349760898952,0,0.0172349760898952,SCHEDULE,308.6174880449476,310.2295696181136,308.6174880449476,596.553004782021
H,303.3,311.4,1692,27.9,55,0,0.98527018820424,0.0147298117957605,0,0.0147298117957605,MONITOR,265.136612323689,265.136612323689,307.36490589788025,597.0540376408478
L,303.3,311.5,1412,55.6,67,0,0.9698232228241136,0.0301767771758869,0,0.0301767771758869,SCHEDULE,315.0883885879435,543.1819891659642,315.0883885879435,593.9646445648227
H,303.6,311.7,1476,40.1,85,0,0.9853582508265492,0.0146417491734513,0,0.0146417491734513,MONITOR,263.5514851221234,263.5514851221234,307.32087458672567,597.0716501653097
L,303.6,311.7,1491,39.8,92,0,0.9842015597329516,0.0157984402670489,0,0.0157984402670489,MONITOR,284.3719248068802,284.3719248068802,307.89922013352447,596.8403119465902
M,303.6,311.8,1421,44.8,101,1,0.9833372938878197,0.0166627061121811,0,0.0166627061121811,MONITOR,299.9287100192598,299.9287100192598,308.33135305609056,596.6674587775639
L,303.5,311.6,1577,38.1,112,0,0.9842015597329516,0.0157984402670489,0,0.0157984402670489,MONITOR,284.3719248068802,284.3719248068802,307.89922013352447,596.8403119465902
L,303.4,311.5,1424,50.8,128,0,0.9814879683971371,0.0185120316028633,0,0.0185120316028633,SCHEDULE,309.25601580143166,333.21656885153936,309.25601580143166,596.2975936794273
H,303.5,311.7,1584,32.7,143,0,0.9853582508265492,0.0146417491734513,0,0.0146417491734513,MONITOR,263.5514851221234,263.5514851221234,307.32087458672567,597.0716501653097
L,303.6,311.8,1222,66.8,148,1,0.5405729572623216,0.4594270427376783,0,0.4594270427376783,STOP,508.1145914524643,8269.686769278209,529.7135213688391,508.1145914524643
M,303.6,311.8,1432,42.5,150,0,0.9833372938878197,0.0166627061121811,0,0.0166627061121811,MONITOR,299.9287100192598,299.9287100192598,308.33135305609056,596.6674587775639
L,303.6,311.8,1614,33.2,155,0,0.9842015597329516,0.0157984402670489,0,0.0157984402670489,MONITOR,284.3719248068802,284.3719248068802,307.89922013352447,596.8403119465902
M,303.4,311.6,1446,50.0,163,0,0.9827650239101056,0.0172349760898952,0,0.0172349760898952,SCHEDULE,308.6174880449476,310.2295696181136,308.6174880449476,596.553004782021
L,303.4,311.6,1712,30.1,182,0,0.9841134971106424,0.0158865028893581,0,0.0158865028893581,MONITOR,285.9570520084458,285.9570520084458,307.94325144467905,596.8226994221284
M,303.4,311.6,1425,45.4,184,0,0.9827650239101056,0.0172349760898952,0,0.0172349760898952,SCHEDULE,308.6174880449476,310.2295696181136,308.6174880449476,596.553004782021
M,303.4,311.7,1690,34.9,189,0,0.9826936757099548,0.0173063242900459,0,0.0173063242900459,SCHEDULE,308.6531621450229,311.5138372208262,308.6531621450229,596.5387351419909
M,303.4,311.7,1353,44.1,192,1,0.8304477624831463,0.1695522375168539,0,0.1695522375168539,SCHEDULE,384.77611875842695,3051.94027530337,384.77611875842695,566.0895524966293
M,303.4,311.8,1391,42.7,197,0,0.9825925308566122,0.0174074691433884,0,0.0174074691433884,SCHEDULE,308.7037345716942,313.3344445809912,308.7037345716942,596.5185061713223
L,303.4,311.9,1771,31.6,202,0,0.9789461092417584,0.0210538907582423,0,0.0210538907582423,SCHEDULE,310.5269453791211,378.97003364836144,310.5269453791211,595.7892218483515
M,303.4,311.8,2133,18.3,207,0,0.9539091718685464,0.0460908281314544,0,0.0460908281314544,SCHEDULE,323.04541406572724,829.6349063661793,323.04541406572724,590.7818343737092
L,303.3,311.7,1508,35.5,217,0,0.938620979968534,0.0613790200314664,0,0.0613790200314664,SCHEDULE,330.6895100157332,1104.8223605663952,330.6895100157332,587.7241959937068
L,303.3,311.7,1539,38.5,221,0,0.9366691936879225,0.0633308063120782,0,0.0633308063120782,SCHEDULE,331.6654031560391,1139.9545136174077,331.6654031560391,587.3338387375843
L,303.2,311.5,1507,39.2,225,0,0.9261486034314214,0.0738513965685791,0,0.0738513965685791,SCHEDULE,336.9256982842895,1329.3251382344238,336.9256982842895,585.2297206862842
L,303.2,311.5,1513,37.9,0,0,0.9841848453107932,0.0158151546892074,0,0.0158151546892074,MONITOR,284.67278440573324,284.67278440573324,307.90757734460374,596.8369690621586
M,303.2,311.4,2102,19.0,5,0,0.9815406256402964,0.0184593743597044,0,0.0184593743597044,SCHEDULE,309.22968717985225,332.2687384746792,309.22968717985225,596.3081251280591
L,303.2,311.4,1351,53.8,8,1,0.8059129227209767,0.1940870772790231,0,0.1940870772790231,SCHEDULE,397.04353863951155,3493.567391022416,397.04353863951155,561.1825845441954
L,303.2,311.2,1427,45.6,25,0,0.9841848453107932,0.0158151546892074,0,0.0158151546892074,MONITOR,284.67278440573324,284.67278440573324,307.90757734460374,596.8369690621586
M,303.3,311.5,1384,54.8,48,0,0.9672900380586468,0.0327099619413539,0,0.0327099619413539,SCHEDULE,316.354980970677,588.7793149443702,316.354980970677,593.4580076117293
H,303.4,311.7,1991,19.0,53,0,0.98527018820424,0.0147298117957605,0,0.0147298117957605,MONITOR,265.136612323689,265.136612323689,307.36490589788025,597.0540376408478
M,303.6,312.0,1645,35.7,81,0,0.9836150599824214,0.0163849400175793,0,0.0163849400175793,MONITOR,294.9289203164274,294.9289203164274,308.19247000878966,596.7230119964842
M,303.6,311.9,1617,36.0,95,0,0.9833372938878197,0.0166627061121811,0,0.0166627061121811,MONITOR,299.9287100192598,299.9287100192598,308.33135305609056,596.6674587775639
M,303.6,312.0,1435,37.9,98,0,0.9836150599824214,0.0163849400175793,0,0.0163849400175793,MONITOR,294.9289203164274,294.9289203164274,308.19247000878966,596.7230119964842
L,303.6,312.0,1391,50.3,101,0,0.9843068327740602,0.0156931672259402,0,0.0156931672259402,MONITOR,282.47701006692364,282.47701006692364,307.8465836129701,596.861366554812
L,303.9,312.6,1642,32.3,127,0,0.9858564004934184,0.0141435995065821,0,0.0141435995065821,MONITOR,254.58479111847782,254.58479111847782,307.07179975329103,597.1712800986836
H,303.6,312.6,1498,40.2,155,0,0.9860398473555192,0.0139601526444812,0,0.0139601526444812,MONITOR,251.2827476006616,251.2827476006616,306.98007632224056,597.2079694711038
L,303.7,312.6,1621,38.8,182,0,0.9848831562619218,0.0151168437380787,0,0.0151168437380787,MONITOR,272.1031872854166,272.1031872854166,307.55842186903936,596.9766312523843
L,303.6,312.6,1606,33.6,184,0,0.9848831562619218,0.0151168437380787,0,0.0151168437380787,MONITOR,272.1031872854166,272.1031872854166,307.55842186903936,596.9766312523843
M,303.4,312.1,1499,39.4,197,0,0.9834466204390756,0.0165533795609251,0,0.0165533795609251,MONITOR,297.9608320966518,297.9608320966518,308.27668978046256,596.6893240878151
L,303.4,311.9,1531,37.9,203,0,0.9752668917061698,0.0247331082938308,0,0.0247331082938308,SCHEDULE,312.3665541469154,445.1959492889544,312.3665541469154,595.0533783412338
L,303.6,312.2,1696,30.7,5,0,0.9848831562619218,0.0151168437380787,0,0.0151168437380787,MONITOR,272.1031872854166,272.1031872854166,307.55842186903936,596.9766312523843
M,303.6,312.1,1627,32.5,7,0,0.9837247727697308,0.0162752272302698,0,0.0162752272302698,MONITOR,292.95409014485637,292.95409014485637,308.1376136151349,596.7449545539461
L,303.5,311.9,1405,45.6,10,0,0.9842015597329516,0.0157984402670489,0,0.0157984402670489,MONITOR,284.3719248068802,284.3719248068802,307.89922013352447,596.8403119465902
L,303.5,311.9,1493,38.7,14,0,0.9842015597329516,0.0157984402670489,0,0.0157984402670489,MONITOR,284.3719248068802,284.3719248068802,307.89922013352447,596.8403119465902
L,303.5,311.9,1515,39.2,24,0,0.9842015597329516,0.0157984402670489,0,0.0157984402670489,MONITOR,284.3719248068802,284.3719248068802,307.89922013352447,596.8403119465902
L,303.5,312.0,1756,29.7,28,0,0.9844793258275534,0.015520674172447,0,0.015520674172447,MONITOR,279.372135104046,279.372135104046,307.7603370862235,596.8958651655106
L,303.3,311.8,1315,62.0,42,1,0.760447663815571,0.2395523361844289,0,0.2395523361844289,SCHEDULE,419.77616809221445,4311.94205131972,419.77616809221445,552.0895327631142
H,303.4,311.9,1402,50.0,54,0,0.9851073149558356,0.0148926850441648,0,0.0148926850441648,MONITOR,268.0683307949664,268.0683307949664,307.4463425220824,597.021462991167
M,303.5,312.0,1475,42.9,85,0,0.9836150599824214,0.0163849400175793,0,0.0163849400175793,MONITOR,294.9289203164274,294.9289203164274,308.19247000878966,596.7230119964842
L,303.7,312.2,1568,33.8,96,0,0.9848831562619218,0.0151168437380787,0,0.0151168437380787,MONITOR,272.1031872854166,272.1031872854166,307.55842186903936,596.9766312523843
L,303.7,312.3,1606,37.4,103,0,0.9848831562619218,0.0151168437380787,0,0.0151168437380787,MONITOR,272.1031872854166,272.1031872854166,307.55842186903936,596.9766312523843
L,303.5,312.3,1946,21.1,112,0,0.9848831562619218,0.0151168437380787,0,0.0151168437380787,MONITOR,272.1031872854166,272.1031872854166,307.55842186903936,596.9766312523843
L,303.6,312.3,1451,43.4,119,0,0.9848831562619218,0.0151168437380787,0,0.0151168437380787,MONITOR,272.1031872854166,272.1031872854166,307.55842186903936,596.9766312523843
L,303.6,312.5,1345,54.1,126,0,0.844974501660791,0.1550254983392086,0,0.1550254983392086,SCHEDULE,377.5127491696043,2790.458970105755,377.5127491696043,568.9949003321583
M,303.7,312.4,1631,28.5,132,0,0.9840188904167896,0.015981109583211,0,0.015981109583211,MONITOR,287.65997249779804,287.65997249779804,307.9905547916055,596.8037780833578
L,303.7,312.4,1316,59.3,137,0,0.8424227997823784,0.1575772002176212,0,0.1575772002176212,SCHEDULE,378.7886001088106,2836.3896039171814,378.7886001088106,568.4845599564758
L,303.7,312.4,1702,31.2,144,0,0.9848831562619218,0.0151168437380787,0,0.0151168437380787,MONITOR,272.1031872854166,272.1031872854166,307.55842186903936,596.9766312523843
L,303.7,312.4,1348,51.0,152,0,0.8514803712460316,0.148519628753968,0,0.148519628753968,SCHEDULE,374.25981437698397,2673.353317571424,374.25981437698397,570.2960742492064
H,303.7,312.5,1520,35.6,154,0,0.9860398473555192,0.0139601526444812,0,0.0139601526444812,MONITOR,251.2827476006616,251.2827476006616,306.98007632224056,597.2079694711038
M,303.8,312.6,1406,47.1,162,0,0.9840188904167896,0.015981109583211,0,0.015981109583211,MONITOR,287.65997249779804,287.65997249779804,307.9905547916055,596.8037780833578
M,303.8,312.6,1684,29.3,167,0,0.9840188904167896,0.015981109583211,0,0.015981109583211,MONITOR,287.65997249779804,287.65997249779804,307.9905547916055,596.8037780833578
H,303.8,312.5,1748,25.1,175,0,0.9860398473555192,0.0139601526444812,0,0.0139601526444812,MONITOR,251.2827476006616,251.2827476006616,306.98007632224056,597.2079694711038
L,303.8,312.5,1372,45.7,180,0,0.8444550259374652,0.1555449740625344,0,0.1555449740625344,SCHEDULE,377.7724870312672,2799.809533125619,377.7724870312672,568.8910051874931
L,303.7,312.5,1481,33.3,182,0,0.9848831562619218,0.0151168437380787,0,0.0151168437380787,MONITOR,272.1031872854166,272.1031872854166,307.55842186903936,596.9766312523843
L,303.7,312.4,1512,39.2,184,0,0.9848831562619218,0.0151168437380787,0,0.0151168437380787,MONITOR,272.1031872854166,272.1031872854166,307.55842186903936,596.9766312523843
L,303.7,312.4,1525,43.9,188,0,0.9848831562619218,0.0151168437380787,0,0.0151168437380787,MONITOR,272.1031872854166,272.1031872854166,307.55842186903936,596.9766312523843
L,303.7,312.3,1922,23.1,193,0,0.9848831562619218,0.0151168437380787,0,0.0151168437380787,MONITOR,272.1031872854166,272.1031872854166,307.55842186903936,596.9766312523843
H,303.6,312.4,1460,53.7,214,0,0.8199018308480123,0.1800981691519877,0,0.1800981691519877,SCHEDULE,390.04908457599385,3241.7670447357787,390.04908457599385,563.9803661696025
L,303.6,312.4,1388,41.9,221,0,0.9393571604781572,0.0606428395218432,0,0.0606428395218432,SCHEDULE,330.3214197609216,1091.5711113931775,330.3214197609216,587.8714320956313
M,303.6,312.5,1459,48.2,17,0,0.9837247727697308,0.0162752272302698,0,0.0162752272302698,MONITOR,292.95409014485637,292.95409014485637,308.1376136151349,596.7449545539461
L,303.5,312.4,1481,43.7,20,0,0.9848831562619218,0.0151168437380787,0,0.0151168437380787,MONITOR,272.1031872854166,272.1031872854166,307.55842186903936,596.9766312523843
M,303.5,312.4,1606,31.7,22,0,0.9840188904167896,0.015981109583211,0,0.015981109583211,MONITOR,287.65997249779804,287.65997249779804,307.9905547916055,596.8037780833578
M,303.4,312.2,1561,38.2,45,0,0.9834466204390756,0.0165533795609251,0,0.0165533795609251,MONITOR,297.9608320966518,297.9608320966518,308.27668978046256,596.6893240878151
L,303.3,312.2,1506,40.0,50,0,0.9848664418397632,0.0151335581602373,0,0.0151335581602373,MONITOR,272.4040468842714,272.4040468842714,307.5667790801187,596.9732883679526
L,303.4,312.2,1337,69.4,52,1,0.0160736196319018,0.983926380368098,1,0.983926380368098,STOP,403.21472392638043,17710.674846625763,791.963190184049,403.21472392638043
M,303.4,312.2,1972,23.5,59,0,0.983375272238925,0.0166247277610757,0,0.0166247277610757,MONITOR,299.24509969936264,299.24509969936264,308.3123638805379,596.6750544477849
L,303.4,312.3,1680,30.6,67,0,0.9847950936396126,0.0152049063603879,0,0.0152049063603879,MONITOR,273.6883144869822,273.6883144869822,307.60245318019395,596.9590187279225
L,303.5,312.3,1584,35.2,74,0,0.9848831562619218,0.0151168437380787,0,0.0151168437380787,MONITOR,272.1031872854166,272.1031872854166,307.55842186903936,596.9766312523843
L,303.5,312.4,1340,44.5,76,0,0.8471559715639428,0.1528440284360569,0,0.1528440284360569,SCHEDULE,376.42201421802844,2751.1925118490244,376.42201421802844,569.4311943127886
H,303.6,312.6,1436,42.0,110,0,0.9859781189604576,0.0140218810395429,0,0.0140218810395429,MONITOR,252.3938587117722,252.3938587117722,307.0109405197714,597.1956237920914
M,303.8,312.7,1555,33.4,128,0,0.9840188904167896,0.015981109583211,0,0.015981109583211,MONITOR,287.65997249779804,287.65997249779804,307.9905547916055,596.8037780833578
M,303.8,312.7,1919,20.2,131,0,0.9840188904167896,0.015981109583211,0,0.015981109583211,MONITOR,287.65997249779804,287.65997249779804,307.9905547916055,596.8037780833578
M,303.8,312.7,1374,53.6,136,0,0.8517625006265511,0.148237499373449,0,0.148237499373449,SCHEDULE,374.1187496867245,2668.2749887220816,374.1187496867245,570.3525001253101
L,303.7,312.5,1670,26.1,139,0,0.9848831562619218,0.0151168437380787,0,0.0151168437380787,MONITOR,272.1031872854166,272.1031872854166,307.55842186903936,596.9766312523843
M,303.8,312.5,2344,15.2,146,0,0.9633949948715844,0.0366050051284161,0,0.0366050051284161,SCHEDULE,318.302502564208,658.8900923114898,318.302502564208,592.6789989743168
L,303.8,312.5,1523,47.0,152,0,0.9848831562619218,0.0151168437380787,0,0.0151168437380787,MONITOR,272.1031872854166,272.1031872854166,307.55842186903936,596.9766312523843
L,303.8,312.6,1735,25.9,154,0,0.9848831562619218,0.0151168437380787,0,0.0151168437380787,MONITOR,272.1031872854166,272.1031872854166,307.55842186903936,596.9766312523843
L,303.9,312.7,1800,24.3,158,0,0.9858564004934184,0.0141435995065821,0,0.0141435995065821,MONITOR,254.58479111847782,254.58479111847782,307.07179975329103,597.1712800986836
L,303.9,312.6,1426,53.4,172,0,0.9806503760226652,0.0193496239773353,0,0.0193496239773353,SCHEDULE,309.6748119886676,348.2932315920354,309.6748119886676,596.1300752045329
H,303.8,312.6,1811,24.9,183,0,0.9860398473555192,0.0139601526444812,0,0.0139601526444812,MONITOR,251.2827476006616,251.2827476006616,306.98007632224056,597.2079694711038
M,303.7,312.8,1558,37.7,206,0,0.9708647788686298,0.029135221131371,0,0.029135221131371,SCHEDULE,314.56761056568547,524.433980364678,314.56761056568547,594.1729557737258
L,303.8,313.1,1869,25.8,211,0,0.960332935884433,0.0396670641155675,0,0.0396670641155675,SCHEDULE,319.8335320577837,714.0071540802151,319.8335320577837,592.0665871768864
L,303.8,313.1,2497,13.0,5,1,0.7492369623759647,0.2507630376240354,0,0.2507630376240354,SCHEDULE,425.3815188120177,4513.734677232637,425.3815188120177,549.8473924751929
L,303.9,313.2,1393,46.5,9,0,0.986695313800626,0.0133046861993742,0,0.0133046861993742,MONITOR,239.48435158873562,239.48435158873562,306.65234309968713,597.3390627601252
M,303.9,313.0,1475,41.0,11,0,0.9849511261776336,0.0150488738223669,0,0.0150488738223669,MONITOR,270.8797288026042,270.8797288026042,307.52443691118344,596.9902252355266
M,303.5,312.6,1642,29.4,18,0,0.9837247727697308,0.0162752272302698,0,0.0162752272302698,MONITOR,292.95409014485637,292.95409014485637,308.1376136151349,596.7449545539461
M,303.6,312.8,1400,43.2,23,0,0.983902527866717,0.0160974721332837,0,0.0160974721332837,MONITOR,289.75449839910664,289.75449839910664,308.0487360666418,596.7805055733432
M,303.6,312.8,1825,25.2,29,0,0.9840750209202102,0.0159249790797905,0,0.0159249790797905,MONITOR,286.649623436229,286.649623436229,307.9624895398953,596.8150041840419
L,303.7,312.8,1627,31.7,40,0,0.9849392867653424,0.0150607132346583,0,0.0150607132346583,MONITOR,271.0928382238494,271.0928382238494,307.5303566173292,596.9878573530683
M,303.7,312.8,1366,47.3,49,0,0.8674771158463079,0.1325228841536923,0,0.1325228841536923,SCHEDULE,366.26144207684615,2385.411914766461,366.26144207684615,573.4954231692616
L,303.8,313.0,1452,38.6,72,0,0.985136265438328,0.0148637345616725,0,0.0148637345616725,MONITOR,267.547222110105,267.547222110105,307.4318672808363,597.0272530876656
L,303.9,313.0,1408,47.5,76,0,0.9861095096698248,0.0138904903301758,0,0.0138904903301758,MONITOR,250.0288259431644,250.0288259431644,306.9452451650879,597.2219019339649
L,304.0,313.1,1404,47.1,90,0,0.9864976804342308,0.0135023195657697,0,0.0135023195657697,MONITOR,243.0417521838546,243.0417521838546,306.7511597828848,597.299536086846
L,303.9,313.1,1639,29.0,95,0,0.9864976804342308,0.0135023195657697,0,0.0135023195657697,MONITOR,243.0417521838546,243.0417521838546,306.7511597828848,597.299536086846
L,304.0,313.3,1294,54.6,102,0,0.856297865984486,0.1437021340155135,0,0.1437021340155135,SCHEDULE,371.85106700775674,2586.638412279243,371.85106700775674,571.2595731968973
M,303.9,313.2,1630,29.3,104,0,0.9860035410089876,0.0139964589910133,0,0.0139964589910133,MONITOR,251.9362618382394,251.9362618382394,306.9982294955066,597.2007082017973
M,303.9,313.1,1437,48.3,110,0,0.9856334145890988,0.0143665854109019,0,0.0143665854109019,MONITOR,258.59853739623424,258.59853739623424,307.183292705451,597.1266829178197
M,303.8,313.0,1514,45.0,113,0,0.984271999593196,0.0157280004068048,0,0.0157280004068048,MONITOR,283.10400732248644,283.10400732248644,307.8640002034024,596.854399918639
M,304.0,313.2,1500,40.6,124,0,0.9860035410089876,0.0139964589910133,0,0.0139964589910133,MONITOR,251.9362618382394,251.9362618382394,306.9982294955066,597.2007082017973
L,304.1,313.2,1412,47.5,150,0,0.9899226022516792,0.0100773977483211,0,0.0100773977483211,MONITOR,181.3931594697798,181.3931594697798,305.03869887416056,597.9845204503358
H,304.0,313.0,1701,30.4,171,0,0.9872662007634222,0.0127337992365783,0,0.0127337992365783,MONITOR,229.2083862584094,229.2083862584094,306.36689961828915,597.4532401526844
L,303.9,313.0,1433,48.4,178,0,0.9861095096698248,0.0138904903301758,0,0.0138904903301758,MONITOR,250.0288259431644,250.0288259431644,306.9452451650879,597.2219019339649
L,303.8,312.9,1619,35.7,182,0,0.9849392867653424,0.0150607132346583,0,0.0150607132346583,MONITOR,271.0928382238494,271.0928382238494,307.5303566173292,596.9878573530683
L,304.0,312.8,1542,42.7,198,0,0.9861095096698248,0.0138904903301758,0,0.0138904903301758,MONITOR,250.0288259431644,250.0288259431644,306.9452451650879,597.2219019339649
L,304.1,313.1,1550,30.9,9,0,0.9895524758317906,0.0104475241682098,0,0.0104475241682098,MONITOR,188.0554350277764,188.0554350277764,305.22376208410486,597.910495166358
M,304.2,313.2,1396,50.5,11,0,0.9885917257059952,0.0114082742940053,0,0.0114082742940053,MONITOR,205.3489372920954,205.3489372920954,305.70413714700265,597.7183451411989
H,304.2,313.0,1442,40.9,23,0,0.990320996160982,0.0096790038390184,0,0.0096790038390184,MONITOR,174.2220691023312,174.2220691023312,304.8395019195092,598.0641992321963
M,304.0,313.0,1454,46.8,30,0,0.9852452438246928,0.0147547561753081,0,0.0147547561753081,MONITOR,265.5856111555458,265.5856111555458,307.37737808765405,597.0490487649383
L,304.2,313.2,1464,44.9,37,0,0.9899226022516792,0.0100773977483211,0,0.0100773977483211,MONITOR,181.3931594697798,181.3931594697798,305.03869887416056,597.9845204503358
L,304.3,313.3,1775,24.9,39,0,0.9905826513379308,0.0094173486620694,0,0.0094173486620694,MONITOR,169.5122759172492,169.5122759172492,304.70867433103473,598.1165302675861
L,304.0,313.0,1541,45.9,64,0,0.9861095096698248,0.0138904903301758,0,0.0138904903301758,MONITOR,250.0288259431644,250.0288259431644,306.9452451650879,597.2219019339649
M,304.0,313.0,1685,28.2,66,0,0.9852452438246928,0.0147547561753081,0,0.0147547561753081,MONITOR,265.5856111555458,265.5856111555458,307.37737808765405,597.0490487649383
L,303.9,313.2,1345,48.2,77,0,0.8705328685604363,0.1294671314395635,0,0.1294671314395635,SCHEDULE,364.7335657197818,2330.4083659121434,364.7335657197818,574.1065737120873
L,304.2,313.4,1457,49.4,96,0,0.9905826513379308,0.0094173486620694,0,0.0094173486620694,MONITOR,169.5122759172492,169.5122759172492,304.70867433103473,598.1165302675861
L,304.2,313.5,1438,50.1,100,0,0.9905826513379308,0.0094173486620694,0,0.0094173486620694,MONITOR,169.5122759172492,169.5122759172492,304.70867433103473,598.1165302675861
L,304.1,313.4,1374,56.6,115,0,0.8728560025657991,0.1271439974342004,0,0.1271439974342004,SCHEDULE,363.5719987171002,2288.591953815607,363.5719987171002,574.57120051316
L,303.9,313.3,1394,51.6,121,0,0.984658485973222,0.0153415140267783,0,0.0153415140267783,MONITOR,276.14725248200943,276.14725248200943,307.67075701338916,596.9316971946444
M,304.0,313.4,1389,45.8,123,0,0.9864910970417458,0.0135089029582547,0,0.0135089029582547,MONITOR,243.16025324858458,243.16025324858458,306.7544514791274,597.2982194083492
M,304.1,313.6,1441,43.7,131,0,0.9897183854927988,0.0102816145072016,0,0.0102816145072016,MONITOR,185.0690611296288,185.0690611296288,305.1408072536008,597.9436770985596
M,304.2,313.8,1481,44.9,136,0,0.9897183854927988,0.0102816145072016,0,0.0102816145072016,MONITOR,185.0690611296288,185.0690611296288,305.1408072536008,597.9436770985596
L,304.2,313.8,1401,53.9,142,0,0.9879010107273402,0.0120989892726599,0,0.0120989892726599,MONITOR,217.7818069078782,217.7818069078782,306.04949463632994,597.580202145468
M,304.2,313.6,1512,33.4,146,0,0.9897183854927988,0.0102816145072016,0,0.0102816145072016,MONITOR,185.0690611296288,185.0690611296288,305.1408072536008,597.9436770985596
M,304.2,313.6,1424,43.7,151,0,0.9897183854927988,0.0102816145072016,0,0.0102816145072016,MONITOR,185.0690611296288,185.0690611296288,305.1408072536008,597.9436770985596
L,304.2,313.6,1469,40.0,154,0,0.9905826513379308,0.0094173486620694,0,0.0094173486620694,MONITOR,169.5122759172492,169.5122759172492,304.70867433103473,598.1165302675861
M,304.2,313.5,1532,41.3,161,0,0.9897183854927988,0.0102816145072016,0,0.0102816145072016,MONITOR,185.0690611296288,185.0690611296288,305.1408072536008,597.9436770985596
M,304.2,313.5,1557,37.3,164,0,0.9897183854927988,0.0102816145072016,0,0.0102816145072016,MONITOR,185.0690611296288,185.0690611296288,305.1408072536008,597.9436770985596
L,304.2,313.4,1735,28.9,192,0,0.9905826513379308,0.0094173486620694,0,0.0094173486620694,MONITOR,169.5122759172492,169.5122759172492,304.70867433103473,598.1165302675861
M,304.3,313.6,1489,40.3,196,0,0.9897183854927988,0.0102816145072016,0,0.0102816145072016,MONITOR,185.0690611296288,185.0690611296288,305.1408072536008,597.9436770985596
L,304.4,313.7,1509,35.0,205,1,0.9812330082310852,0.0187669917689152,0,0.0187669917689152,SCHEDULE,309.3834958844576,337.80585184047357,309.3834958844576,596.246601646217
L,304.2,313.4,1568,37.6,25,0,0.9905826513379308,0.0094173486620694,0,0.0094173486620694,MONITOR,169.5122759172492,169.5122759172492,304.70867433103473,598.1165302675861
M,304.1,313.2,2028,18.9,45,0,0.9890583364065472,0.0109416635934533,0,0.0109416635934533,MONITOR,196.94994468215938,196.94994468215938,305.47083179672666,597.8116672813094
M,304.2,313.4,1329,54.5,75,0,0.8803186756769733,0.1196813243230266,0,0.1196813243230266,SCHEDULE,359.8406621615133,2154.263837814479,359.8406621615133,576.0637351353947
L,304.2,313.4,1740,28.2,78,0,0.9905826513379308,0.0094173486620694,0,0.0094173486620694,MONITOR,169.5122759172492,169.5122759172492,304.70867433103473,598.1165302675861
L,304.2,313.4,1740,23.7,86,0,0.9905826513379308,0.0094173486620694,0,0.0094173486620694,MONITOR,169.5122759172492,169.5122759172492,304.70867433103473,598.1165302675861
H,304.0,313.2,1517,43.1,96,0,0.9880244979477169,0.0119755020522835,0,0.0119755020522835,MONITOR,215.559036941103,215.559036941103,305.9877510261418,597.6048995895433
L,304.0,313.2,1584,38.7,104,0,0.9868678068541192,0.013132193145881,0,0.013132193145881,MONITOR,236.37947662585802,236.37947662585802,306.5660965729405,597.3735613708238
L,303.9,313.1,1586,31.9,108,0,0.9864976804342308,0.0135023195657697,0,0.0135023195657697,MONITOR,243.0417521838546,243.0417521838546,306.7511597828848,597.299536086846
L,304.0,313.0,2012,21.1,115,0,0.9861095096698248,0.0138904903301758,0,0.0138904903301758,MONITOR,250.0288259431644,250.0288259431644,306.9452451650879,597.2219019339649
L,304.0,313.2,1632,30.6,121,0,0.9868678068541192,0.013132193145881,0,0.013132193145881,MONITOR,236.37947662585802,236.37947662585802,306.5660965729405,597.3735613708238
L,303.9,313.1,1310,62.9,130,0,0.802735800685617,0.197264199314383,0,0.197264199314383,SCHEDULE,398.6320996571915,3550.755587658894,398.6320996571915,560.5471601371235
L,303.9,313.0,1551,36.8,140,0,0.9861095096698248,0.0138904903301758,0,0.0138904903301758,MONITOR,250.0288259431644,250.0288259431644,306.9452451650879,597.2219019339649
L,303.8,312.8,1428,53.3,152,0,0.9762049948173852,0.0237950051826152,0,0.0237950051826152,SCHEDULE,311.8975025913076,428.3100932870736,311.8975025913076,595.240998963477
L,303.8,312.8,1503,40.0,154,0,0.9849392867653424,0.0150607132346583,0,0.0150607132346583,MONITOR,271.0928382238494,271.0928382238494,307.5303566173292,596.9878573530683
L,303.8,312.8,1416,58.7,156,0,0.9708057859133926,0.0291942140866078,0,0.0291942140866078,SCHEDULE,314.5971070433039,525.4958535589404,314.5971070433039,594.1611571826784
L,303.7,312.7,1468,43.3,168,0,0.9848831562619218,0.0151168437380787,0,0.0151168437380787,MONITOR,272.1031872854166,272.1031872854166,307.55842186903936,596.9766312523843
L,303.8,312.7,1664,29.3,178,0,0.9848831562619218,0.0151168437380787,0,0.0151168437380787,MONITOR,272.1031872854166,272.1031872854166,307.55842186903936,596.9766312523843
L,303.8,313.0,1633,32.9,207,0,0.9661057735400164,0.0338942264599841,0,0.0338942264599841,SCHEDULE,316.94711322999206,610.0960762797138,316.94711322999206,593.2211547080033
L,303.9,313.1,1440,41.1,12,0,0.9864976804342308,0.0135023195657697,0,0.0135023195657697,MONITOR,243.0417521838546,243.0417521838546,306.7511597828848,597.299536086846
H,303.9,313.1,1790,26.7,17,0,0.9876543715278282,0.0123456284721721,0,0.0123456284721721,MONITOR,222.2213124990978,222.2213124990978,306.1728142360861,597.5308743055656
M,303.7,312.9,1511,41.0,33,0,0.9840750209202102,0.0159249790797905,0,0.0159249790797905,MONITOR,286.649623436229,286.649623436229,307.9624895398953,596.8150041840419
L,303.7,313.0,1457,44.1,40,0,0.985136265438328,0.0148637345616725,0,0.0148637345616725,MONITOR,267.547222110105,267.547222110105,307.4318672808363,597.0272530876656
L,303.7,313.0,1753,29.0,42,0,0.985136265438328,0.0148637345616725,0,0.0148637345616725,MONITOR,267.547222110105,267.547222110105,307.4318672808363,597.0272530876656
L,303.7,313.0,1694,28.0,44,0,0.985136265438328,0.0148637345616725,0,0.0148637345616725,MONITOR,267.547222110105,267.547222110105,307.4318672808363,597.0272530876656
L,303.6,313.0,1593,31.6,52,0,0.985136265438328,0.0148637345616725,0,0.0148637345616725,MONITOR,267.547222110105,267.547222110105,307.4318672808363,597.0272530876656
L,303.6,313.1,1405,38.3,58,0,0.985524436202734,0.0144755637972663,0,0.0144755637972663,MONITOR,260.5601483507934,260.5601483507934,307.2377818986331,597.1048872405466
L,303.5,312.9,1332,52.9,66,0,0.8473203891980774,0.1526796108019222,0,0.1526796108019222,SCHEDULE,376.3398054009611,2748.2329944345993,376.3398054009611,569.4640778396156
M,303.4,312.9,1307,54.3,68,0,0.8562054082688239,0.1437945917311762,0,0.1437945917311762,SCHEDULE,371.89729586558803,2588.3026511611715,371.89729586558803,571.2410816537647
L,303.5,313.0,1482,38.5,82,0,0.985136265438328,0.0148637345616725,0,0.0148637345616725,MONITOR,267.547222110105,267.547222110105,307.4318672808363,597.0272530876656
M,303.5,312.9,1572,44.7,84,0,0.9840750209202102,0.0159249790797905,0,0.0159249790797905,MONITOR,286.649623436229,286.649623436229,307.9624895398953,596.8150041840419
M,303.5,313.0,1492,46.1,89,0,0.984271999593196,0.0157280004068048,0,0.0157280004068048,MONITOR,283.10400732248644,283.10400732248644,307.8640002034024,596.854399918639
L,303.4,312.8,1449,43.9,94,0,0.9849225723431836,0.0150774276568168,0,0.0150774276568168,MONITOR,271.3936978227024,271.3936978227024,307.53871382840833,596.9845144686366
L,303.5,312.8,1877,22.3,96,0,0.9849392867653424,0.0150607132346583,0,0.0150607132346583,MONITOR,271.0928382238494,271.0928382238494,307.5303566173292,596.9878573530683
L,303.4,312.8,1376,53.4,98,0,0.8679801780281893,0.1320198219718105,0,0.1320198219718105,SCHEDULE,366.0099109859052,2376.356795492589,366.0099109859052,573.5960356056379
M,303.7,313.0,1469,39.9,137,0,0.984271999593196,0.0157280004068048,0,0.0157280004068048,MONITOR,283.10400732248644,283.10400732248644,307.8640002034024,596.854399918639
H,303.8,313.2,1381,52.4,140,0,0.9775854397839838,0.0224145602160164,0,0.0224145602160164,SCHEDULE,311.2072801080082,403.4620838882952,311.2072801080082,595.5170879567967
L,303.8,313.2,1525,41.9,145,0,0.9858945626226228,0.0141054373773776,0,0.0141054373773776,MONITOR,253.8978727927968,253.8978727927968,307.0527186886888,597.1789125245244
L,303.8,313.1,1523,39.8,150,0,0.985524436202734,0.0144755637972663,0,0.0144755637972663,MONITOR,260.5601483507934,260.5601483507934,307.2377818986331,597.1048872405466
M,303.9,313.3,1567,35.0,168,0,0.986663590095239,0.0133364099047615,0,0.0133364099047615,MONITOR,240.055378285707,240.055378285707,306.66820495238073,597.3327180190477
M,303.9,313.4,1464,49.1,171,0,0.986663590095239,0.0133364099047615,0,0.0133364099047615,MONITOR,240.055378285707,240.055378285707,306.66820495238073,597.3327180190477
L,303.9,313.4,1442,48.5,174,0,0.987527855940371,0.0124721440596293,0,0.0124721440596293,MONITOR,224.4985930733274,224.4985930733274,306.23607202981464,597.5055711880741
L,303.8,313.2,1336,47.8,176,0,0.8656202303895456,0.1343797696104541,0,0.1343797696104541,SCHEDULE,367.18988480522705,2418.8358529881734,367.18988480522705,573.1240460779093
L,303.8,313.1,1309,55.8,193,0,0.8486913091463144,0.1513086908536851,0,0.1513086908536851,SCHEDULE,375.6543454268425,2723.5564353663317,375.6543454268425,569.7382618292629
H,303.9,313.2,1680,29.1,201,0,0.986654761742238,0.0133452382577626,0,0.0133452382577626,MONITOR,240.2142886397268,240.2142886397268,306.6726191288813,597.3309523484476
M,303.9,313.2,1422,48.0,215,1,0.9387183763166456,0.0612816236833551,0,0.0612816236833551,SCHEDULE,330.64081184167753,1103.0692263003918,330.64081184167753,587.743675263329
L,303.6,312.9,1873,23.5,7,0,0.9849392867653424,0.0150607132346583,0,0.0150607132346583,MONITOR,271.0928382238494,271.0928382238494,307.5303566173292,596.9878573530683
M,303.7,312.9,1566,32.6,9,0,0.9837809032731514,0.0162190967268494,0,0.0162190967268494,MONITOR,291.9437410832892,291.9437410832892,308.1095483634247,596.7561806546302
M,303.5,312.7,1402,47.0,23,0,0.9838463973632964,0.0161536026367042,0,0.0161536026367042,MONITOR,290.7648474606756,290.7648474606756,308.07680131835207,596.7692794726592
M,303.4,312.8,1526,30.8,37,0,0.983502750942496,0.0164972490575046,0,0.0164972490575046,MONITOR,296.9504830350828,296.9504830350828,308.2486245287523,596.700550188499
L,303.5,312.7,1694,27.3,40,0,0.9848831562619218,0.0151168437380787,0,0.0151168437380787,MONITOR,272.1031872854166,272.1031872854166,307.55842186903936,596.9766312523843
M,303.4,312.6,2706,9.8,65,1,0.0,1.0,1,1.0,STOP,400.0,18000.0,800.0,400.0
L,303.2,312.4,1663,33.7,71,0,0.9847950936396126,0.0152049063603879,0,0.0152049063603879,MONITOR,273.6883144869822,273.6883144869822,307.60245318019395,596.9590187279225
H,303.5,312.8,1404,55.8,84,0,0.952432485115761,0.0475675148842394,0,0.0475675148842394,SCHEDULE,323.7837574421197,856.2152679163092,323.7837574421197,590.4864970231521
L,303.5,312.8,1607,38.4,92,0,0.9849392867653424,0.0150607132346583,0,0.0150607132346583,MONITOR,271.0928382238494,271.0928382238494,307.5303566173292,596.9878573530683
L,303.4,312.8,1360,50.8,94,0,0.8527317314201339,0.1472682685798657,0,0.1472682685798657,SCHEDULE,373.63413428993283,2650.8288344375824,373.63413428993283,570.5463462840269
L,303.4,312.7,1534,35.5,98,0,0.9848664418397632,0.0151335581602373,0,0.0151335581602373,MONITOR,272.4040468842714,272.4040468842714,307.5667790801187,596.9732883679526
L,303.3,312.6,1623,34.6,102,0,0.9848664418397632,0.0151335581602373,0,0.0151335581602373,MONITOR,272.4040468842714,272.4040468842714,307.5667790801187,596.9732883679526
M,303.4,312.8,1622,35.1,107,0,0.983502750942496,0.0164972490575046,0,0.0164972490575046,MONITOR,296.9504830350828,296.9504830350828,308.2486245287523,596.700550188499
H,303.3,312.6,1827,24.2,132,0,0.98595178473321,0.0140482152667904,0,0.0140482152667904,MONITOR,252.8678748022272,252.8678748022272,307.02410763339515,597.1903569466418
M,303.3,312.6,1397,47.1,137,0,0.9832741273855824,0.0167258726144183,0,0.0167258726144183,MONITOR,301.0657070595294,301.0657070595294,308.3629363072091,596.6548254771163
L,303.3,312.6,1463,44.0,140,0,0.9848664418397632,0.0151335581602373,0,0.0151335581602373,MONITOR,272.4040468842714,272.4040468842714,307.5667790801187,596.9732883679526
L,303.2,312.6,1601,35.3,148,0,0.9848664418397632,0.0151335581602373,0,0.0151335581602373,MONITOR,272.4040468842714,272.4040468842714,307.5667790801187,596.9732883679526
H,303.0,312.5,1507,37.9,163,0,0.9860231329333606,0.0139768670666397,0,0.0139768670666397,MONITOR,251.5836071995146,251.5836071995146,306.98843353331984,597.204626586672
H,303.0,312.4,1627,37.1,168,0,0.9860231329333606,0.0139768670666397,0,0.0139768670666397,MONITOR,251.5836071995146,251.5836071995146,306.98843353331984,597.204626586672
L,302.9,312.3,1435,47.7,173,0,0.9853842973262468,0.0146157026737536,0,0.0146157026737536,MONITOR,263.08264812756477,263.08264812756477,307.3078513368768,597.0768594652493
H,302.9,312.3,1509,46.8,175,0,0.9866463199983244,0.0133536800016761,0,0.0133536800016761,MONITOR,240.3662400301698,240.3662400301698,306.67684000083807,597.3292639996648
L,302.9,312.3,1515,40.8,183,0,0.9853842973262468,0.0146157026737536,0,0.0146157026737536,MONITOR,263.08264812756477,263.08264812756477,307.3078513368768,597.0768594652493
H,302.8,312.3,1336,57.5,187,0,0.8512367754121597,0.1487632245878402,0,0.1487632245878402,SCHEDULE,374.3816122939201,2677.7380425811234,374.3816122939201,570.247355082432
L,302.9,312.4,1446,41.7,196,0,0.9853842973262468,0.0146157026737536,0,0.0146157026737536,MONITOR,263.08264812756477,263.08264812756477,307.3078513368768,597.0768594652493
L,302.8,312.4,1651,27.0,200,0,0.9837657320809552,0.0162342679190453,0,0.0162342679190453,MONITOR,292.21682254281535,292.21682254281535,308.1171339595227,596.753146416191
L,302.8,312.3,1504,40.3,204,0,0.979223855599379,0.0207761444006215,0,0.0207761444006215,SCHEDULE,310.3880722003108,373.970599211187,310.3880722003108,595.8447711198758
H,302.9,312.3,1754,26.9,209,0,0.9718074373418636,0.0281925626581367,0,0.0281925626581367,SCHEDULE,314.09628132906835,507.46612784646055,314.09628132906835,594.3614874683726
L,302.9,312.2,1469,42.0,214,0,0.9496772288913802,0.0503227711086202,0,0.0503227711086202,SCHEDULE,325.16138555431013,905.8098799551635,325.16138555431013,589.9354457782761
L,302.8,312.2,1433,50.0,216,0,0.9205643421568848,0.0794356578431157,0,0.0794356578431157,SCHEDULE,339.71782892155784,1429.8418411760824,339.71782892155784,584.1128684313769
H,302.8,312.3,1483,47.2,223,0,0.9469269352368156,0.0530730647631845,0,0.0530730647631845,SCHEDULE,326.5365323815923,955.315165737321,326.5365323815923,589.3853870473631
L,302.8,312.4,1529,36.8,237,0,0.7835658574851843,0.2164341425148156,0,0.2164341425148156,SCHEDULE,408.2170712574078,3895.814565266681,408.2170712574078,556.7131714970369
L,302.8,312.4,1523,39.7,239,0,0.7845289722392826,0.2154710277607173,0,0.2154710277607173,SCHEDULE,407.73551388035867,3878.4784996929116,407.73551388035867,556.9057944478566
L,302.6,312.4,1628,33.0,15,0,0.9853842973262468,0.0146157026737536,0,0.0146157026737536,MONITOR,263.08264812756477,263.08264812756477,307.3078513368768,597.0768594652493
L,302.7,312.4,1433,44.2,17,0,0.9853842973262468,0.0146157026737536,0,0.0146157026737536,MONITOR,263.08264812756477,263.08264812756477,307.3078513368768,597.0768594652493
H,302.7,312.5,1527,36.4,26,0,0.9866463199983244,0.0133536800016761,0,0.0133536800016761,MONITOR,240.3662400301698,240.3662400301698,306.67684000083807,597.3292639996648
L,302.6,312.3,1534,34.3,31,0,0.9853842973262468,0.0146157026737536,0,0.0146157026737536,MONITOR,263.08264812756477,263.08264812756477,307.3078513368768,597.0768594652493
L,302.6,312.3,1321,53.4,42,0,0.8485699484908312,0.1514300515091683,0,0.1514300515091683,SCHEDULE,375.71502575458413,2725.7409271650295,375.71502575458413,569.7139896981663
L,302.6,312.3,1512,34.2,44,0,0.9853842973262468,0.0146157026737536,0,0.0146157026737536,MONITOR,263.08264812756477,263.08264812756477,307.3078513368768,597.0768594652493
M,302.7,312.4,1422,44.5,49,0,0.9840698075040392,0.0159301924959615,0,0.0159301924959615,MONITOR,286.743464927307,286.743464927307,307.9650962479808,596.8139615008077
L,302.5,312.2,1775,27.9,56,0,0.9853129491260962,0.0146870508739042,0,0.0146870508739042,MONITOR,264.3669157302756,264.3669157302756,307.34352543695206,597.0625898252191
L,302.6,312.3,1554,42.0,58,0,0.9853842973262468,0.0146157026737536,0,0.0146157026737536,MONITOR,263.08264812756477,263.08264812756477,307.3078513368768,597.0768594652493
L,302.7,312.4,1423,51.9,60,0,0.9808043456677384,0.0191956543322622,0,0.0191956543322622,SCHEDULE,309.5978271661311,345.5217779807196,309.5978271661311,596.1608691335475
L,302.8,312.5,1694,28.4,66,0,0.9853129491260962,0.0146870508739042,0,0.0146870508739042,MONITOR,264.3669157302756,264.3669157302756,307.34352543695206,597.0625898252191
L,302.9,312.5,1550,45.5,72,0,0.9853842973262468,0.0146157026737536,0,0.0146157026737536,MONITOR,263.08264812756477,263.08264812756477,307.3078513368768,597.0768594652493
M,303.0,312.5,1524,42.1,76,0,0.9834466204390756,0.0165533795609251,0,0.0165533795609251,MONITOR,297.9608320966518,297.9608320966518,308.27668978046256,596.6893240878151
L,302.9,312.5,1683,32.1,85,0,0.9853129491260962,0.0146870508739042,0,0.0146870508739042,MONITOR,264.3669157302756,264.3669157302756,307.34352543695206,597.0625898252191
M,303.0,312.6,1392,42.9,94,0,0.9832741273855824,0.0167258726144183,0,0.0167258726144183,MONITOR,301.0657070595294,301.0657070595294,308.3629363072091,596.6548254771163
L,303.0,312.7,2024,19.9,102,0,0.9847950936396126,0.0152049063603879,0,0.0152049063603879,MONITOR,273.6883144869822,273.6883144869822,307.60245318019395,596.9590187279225
M,303.0,312.8,1648,32.1,104,0,0.983502750942496,0.0164972490575046,0,0.0164972490575046,MONITOR,296.9504830350828,296.9504830350828,308.2486245287523,596.700550188499
L,303.1,312.9,1511,40.1,107,0,0.9849225723431836,0.0150774276568168,0,0.0150774276568168,MONITOR,271.3936978227024,271.3936978227024,307.53871382840833,596.9845144686366
L,303.0,312.7,1551,41.8,111,0,0.9848664418397632,0.0151335581602373,0,0.0151335581602373,MONITOR,272.4040468842714,272.4040468842714,307.5667790801187,596.9732883679526
L,303.1,312.8,2329,15.1,113,0,0.9742273285978278,0.0257726714021726,0,0.0257726714021726,SCHEDULE,312.8863357010863,463.9080852391068,312.8863357010863,594.8454657195655
M,303.0,312.7,1553,35.8,122,0,0.9834466204390756,0.0165533795609251,0,0.0165533795609251,MONITOR,297.9608320966518,297.9608320966518,308.27668978046256,596.6893240878151
L,303.1,312.5,1453,49.1,140,0,0.9848664418397632,0.0151335581602373,0,0.0151335581602373,MONITOR,272.4040468842714,272.4040468842714,307.5667790801187,596.9732883679526
M,302.9,312.3,1339,52.1,145,0,0.8580348064166664,0.1419651935833337,0,0.1419651935833337,SCHEDULE,370.9825967916668,2555.3734845000067,370.9825967916668,571.6069612833332
M,302.9,312.3,1426,44.7,157,0,0.9840698075040392,0.0159301924959615,0,0.0159301924959615,MONITOR,286.743464927307,286.743464927307,307.9650962479808,596.8139615008077
L,302.8,312.3,1764,29.9,162,0,0.9853129491260962,0.0146870508739042,0,0.0146870508739042,MONITOR,264.3669157302756,264.3669157302756,307.34352543695206,597.0625898252191
M,302.7,312.2,1439,42.5,164,0,0.9840698075040392,0.0159301924959615,0,0.0159301924959615,MONITOR,286.743464927307,286.743464927307,307.9650962479808,596.8139615008077
L,302.7,312.2,1369,51.8,174,0,0.8397743677295526,0.1602256322704471,0,0.1602256322704471,SCHEDULE,380.11281613522357,2884.0613808680478,380.11281613522357,567.9548735459106
M,302.6,312.1,1445,42.0,181,0,0.9840698075040392,0.0159301924959615,0,0.0159301924959615,MONITOR,286.743464927307,286.743464927307,307.9650962479808,596.8139615008077
L,302.7,312.2,1611,34.1,186,0,0.9853842973262468,0.0146157026737536,0,0.0146157026737536,MONITOR,263.08264812756477,263.08264812756477,307.3078513368768,597.0768594652493
L,302.7,312.2,1450,52.1,213,1,0.9130980518579423,0.0869019481420581,0,0.0869019481420581,SCHEDULE,343.45097407102907,1564.2350665570457,343.45097407102907,582.6196103715884
L,302.8,312.4,1368,49.5,10,0,0.8566781676265437,0.143321832373456,0,0.143321832373456,SCHEDULE,371.66091618672806,2579.792982722208,371.66091618672806,571.3356335253088
M,302.9,312.5,1924,24.0,17,0,0.9837043416568296,0.016295658343171,0,0.016295658343171,MONITOR,293.321850177078,293.321850177078,308.1478291715855,596.7408683313658
M,302.9,312.5,1903,21.2,23,0,0.9839984593038884,0.0160015406961121,0,0.0160015406961121,MONITOR,288.02773253001783,288.02773253001783,308.000770348056,596.7996918607776
L,302.7,312.1,1601,35.2,31,0,0.9853842973262468,0.0146157026737536,0,0.0146157026737536,MONITOR,263.08264812756477,263.08264812756477,307.3078513368768,597.0768594652493
L,302.8,312.1,1520,39.9,48,0,0.9853842973262468,0.0146157026737536,0,0.0146157026737536,MONITOR,263.08264812756477,263.08264812756477,307.3078513368768,597.0768594652493
L,302.8,312.2,1682,30.9,58,0,0.9853129491260962,0.0146870508739042,0,0.0146870508739042,MONITOR,264.3669157302756,264.3669157302756,307.34352543695206,597.0625898252191
L,302.7,312.0,1828,24.0,63,0,0.984909118691728,0.0150908813082725,0,0.0150908813082725,MONITOR,271.635863548905,271.635863548905,307.54544065413626,596.9818237383455
L,302.6,311.9,1397,46.9,82,0,0.9845302077437836,0.0154697922562169,0,0.0154697922562169,MONITOR,278.4562606119042,278.4562606119042,307.73489612810846,596.9060415487567
L,302.6,311.9,1453,39.1,84,0,0.9847027007972768,0.0152972992027237,0,0.0152972992027237,MONITOR,275.3513856490266,275.3513856490266,307.64864960136185,596.9405401594552
M,302.6,312.0,1363,45.7,91,0,0.8494328462888145,0.1505671537111855,0,0.1505671537111855,SCHEDULE,375.2835768555928,2710.208766801339,375.2835768555928,569.886569257763
L,302.5,311.9,1520,44.9,94,0,0.9847027007972768,0.0152972992027237,0,0.0152972992027237,MONITOR,275.3513856490266,275.3513856490266,307.64864960136185,596.9405401594552
M,302.4,311.8,1539,39.9,101,0,0.9833882109750692,0.0166117890249316,0,0.0166117890249316,MONITOR,299.0122024487688,299.0122024487688,308.30589451246584,596.6776421950137
M,302.3,311.8,1879,23.0,124,0,0.9833981135813586,0.0166018864186422,0,0.0166018864186422,MONITOR,298.8339555355596,298.8339555355596,308.3009432093211,596.6796227162715
H,302.3,311.7,1482,39.0,127,0,0.9860459742757944,0.0139540257242062,0,0.0139540257242062,MONITOR,251.17246303571162,251.17246303571162,306.9770128621031,597.2091948551587
L,302.3,311.7,1453,41.2,147,0,0.984783951603717,0.0152160483962836,0,0.0152160483962836,MONITOR,273.88887113310483,273.88887113310483,307.6080241981418,596.9567903207433
H,302.5,312.0,1579,35.7,167,0,0.986242489563956,0.0137575104360444,0,0.0137575104360444,MONITOR,247.6351878487992,247.6351878487992,306.87875521802215,597.2484979127911
L,302.5,311.9,1306,59.7,172,0,0.8210622223191575,0.1789377776808422,0,0.1789377776808422,SCHEDULE,389.4688888404211,3220.8799982551595,389.4688888404211,564.2124444638316
L,302.5,312.0,1411,44.2,177,0,0.9849804668918788,0.0150195331081219,0,0.0150195331081219,MONITOR,270.3515959461942,270.3515959461942,307.50976655406095,596.9960933783756
M,302.5,312.0,1451,43.2,189,0,0.983665977069671,0.0163340229303298,0,0.0163340229303298,MONITOR,294.0124127459364,294.0124127459364,308.1670114651649,596.733195413934
L,302.4,311.9,1541,37.9,192,0,0.9847027007972768,0.0152972992027237,0,0.0152972992027237,MONITOR,275.3513856490266,275.3513856490266,307.64864960136185,596.9405401594552
L,302.4,311.8,1416,46.1,202,0,0.9814402266059976,0.0185597733940031,0,0.0185597733940031,SCHEDULE,309.2798866970016,334.0759210920558,309.2798866970016,596.2880453211994
L,302.4,312.0,1457,45.5,206,0,0.9752902573906,0.0247097426094006,0,0.0247097426094006,SCHEDULE,312.3548713047003,444.7753669692108,312.3548713047003,595.0580514781199
L,302.5,312.2,1738,25.3,14,0,0.9853129491260962,0.0146870508739042,0,0.0146870508739042,MONITOR,264.3669157302756,264.3669157302756,307.34352543695206,597.0625898252191
H,302.4,312.0,1457,43.4,23,0,0.986242489563956,0.0137575104360444,0,0.0137575104360444,MONITOR,247.6351878487992,247.6351878487992,306.87875521802215,597.2484979127911
L,302.6,312.2,1695,27.1,32,0,0.9853129491260962,0.0146870508739042,0,0.0146870508739042,MONITOR,264.3669157302756,264.3669157302756,307.34352543695206,597.0625898252191
M,302.5,312.1,1454,47.6,37,0,0.9840698075040392,0.0159301924959615,0,0.0159301924959615,MONITOR,286.743464927307,286.743464927307,307.9650962479808,596.8139615008077
L,302.4,311.9,1578,29.9,44,0,0.9847027007972768,0.0152972992027237,0,0.0152972992027237,MONITOR,275.3513856490266,275.3513856490266,307.64864960136185,596.9405401594552
M,302.4,311.8,1557,31.5,49,0,0.9833882109750692,0.0166117890249316,0,0.0166117890249316,MONITOR,299.0122024487688,299.0122024487688,308.30589451246584,596.6776421950137
L,302.5,311.9,1481,42.9,52,0,0.9847027007972768,0.0152972992027237,0,0.0152972992027237,MONITOR,275.3513856490266,275.3513856490266,307.64864960136185,596.9405401594552
M,302.5,311.9,1298,57.5,57,0,0.8432098699184881,0.1567901300815118,0,0.1567901300815118,SCHEDULE,378.3950650407559,2822.2223414672126,378.3950650407559,568.6419739836977
M,302.5,311.9,1340,59.4,60,0,0.8138753679935496,0.1861246320064505,0,0.1861246320064505,SCHEDULE,393.06231600322525,3350.2433761161087,393.06231600322525,562.7750735987099
L,302.5,311.9,1437,46.7,65,0,0.9847027007972768,0.0152972992027237,0,0.0152972992027237,MONITOR,275.3513856490266,275.3513856490266,307.64864960136185,596.9405401594552
L,302.7,312.0,1501,37.0,77,0,0.9849804668918788,0.0150195331081219,0,0.0150195331081219,MONITOR,270.3515959461942,270.3515959461942,307.50976655406095,596.9960933783756
M,302.7,312.0,1652,31.0,81,0,0.983665977069671,0.0163340229303298,0,0.0163340229303298,MONITOR,294.0124127459364,294.0124127459364,308.1670114651649,596.733195413934
L,302.8,312.1,1487,36.6,84,0,0.9853842973262468,0.0146157026737536,0,0.0146157026737536,MONITOR,263.08264812756477,263.08264812756477,307.3078513368768,597.0768594652493
L,302.9,312.2,1510,41.4,94,0,0.9853842973262468,0.0146157026737536,0,0.0146157026737536,MONITOR,263.08264812756477,263.08264812756477,307.3078513368768,597.0768594652493
M,303.0,312.3,1674,29.5,109,0,0.983375272238925,0.0166247277610757,0,0.0166247277610757,MONITOR,299.24509969936264,299.24509969936264,308.3123638805379,596.6750544477849
L,303.0,312.3,1486,42.4,112,0,0.9848664418397632,0.0151335581602373,0,0.0151335581602373,MONITOR,272.4040468842714,272.4040468842714,307.5667790801187,596.9732883679526
M,303.0,312.3,1483,38.8,114,0,0.9834466204390756,0.0165533795609251,0,0.0165533795609251,MONITOR,297.9608320966518,297.9608320966518,308.27668978046256,596.6893240878151
M,303.0,312.2,1257,71.3,122,1,0.0160736196319018,0.983926380368098,1,0.983926380368098,STOP,403.21472392638043,17710.674846625763,791.963190184049,403.21472392638043
L,303.1,312.4,1404,61.5,127,1,0.733446016781189,0.2665539832188111,0,0.2665539832188111,SCHEDULE,433.2769916094055,4797.971697938599,433.2769916094055,546.6892033562378
M,303.0,312.4,1645,29.6,129,0,0.9834466204390756,0.0165533795609251,0,0.0165533795609251,MONITOR,297.9608320966518,297.9608320966518,308.27668978046256,596.6893240878151
L,303.0,312.3,1533,38.5,134,0,0.9848664418397632,0.0151335581602373,0,0.0151335581602373,MONITOR,272.4040468842714,272.4040468842714,307.5667790801187,596.9732883679526
L,302.6,312.1,1519,38.1,178,0,0.9853842973262468,0.0146157026737536,0,0.0146157026737536,MONITOR,263.08264812756477,263.08264812756477,307.3078513368768,597.0768594652493
L,302.6,312.1,1420,51.6,182,0,0.9800857943963308,0.0199142056036696,0,0.0199142056036696,SCHEDULE,309.9571028018348,358.45570086605284,309.9571028018348,596.017158879266
L,302.5,311.9,1401,44.9,203,0,0.9785422590704088,0.0214577409295916,0,0.0214577409295916,SCHEDULE,310.72887046479576,386.23933673264884,310.72887046479576,595.7084518140816
L,302.3,311.6,1544,34.3,0,0,0.984783951603717,0.0152160483962836,0,0.0152160483962836,MONITOR,273.88887113310483,273.88887113310483,307.6080241981418,596.9567903207433
L,302.3,311.5,1387,47.3,2,0,0.9846114585502238,0.0153885414497768,0,0.0153885414497768,MONITOR,276.9937460959824,276.9937460959824,307.6942707248884,596.9222917100446
M,302.3,311.5,1316,47.2,4,0,0.8473221298418079,0.1526778701581922,0,0.1526778701581922,SCHEDULE,376.33893507909613,2748.20166284746,376.33893507909613,569.4644259683615
L,302.3,311.5,1794,26.1,7,0,0.9847126034035664,0.0152873965964343,0,0.0152873965964343,MONITOR,275.1731387358174,275.1731387358174,307.64369829821715,596.9425206807132
M,302.3,311.5,1674,30.0,12,0,0.9831039959342998,0.016896004065701,0,0.016896004065701,MONITOR,304.128073182618,304.128073182618,308.4480020328505,596.6207991868598
L,302.2,311.4,1477,41.7,15,0,0.9846616429080012,0.0153383570919995,0,0.0153383570919995,MONITOR,276.090427655991,276.090427655991,307.6691785459997,596.9323285816001
M,302.3,311.5,1530,42.3,21,0,0.9831753441344504,0.0168246558655504,0,0.0168246558655504,MONITOR,302.8438055799072,302.8438055799072,308.4123279327752,596.63506882689
L,302.3,311.4,1845,21.9,27,0,0.9847126034035664,0.0152873965964343,0,0.0152873965964343,MONITOR,275.1731387358174,275.1731387358174,307.64369829821715,596.9425206807132
L,302.2,311.4,2080,19.2,31,0,0.9845902947078504,0.0154097052921502,0,0.0154097052921502,MONITOR,277.37469525870364,277.37469525870364,307.7048526460751,596.9180589415699
H,302.1,311.6,1701,26.2,46,0,0.9843841568923324,0.0156158431076678,0,0.0156158431076678,MONITOR,281.0851759380204,281.0851759380204,307.8079215538339,596.8768313784665
L,302.2,311.6,1462,50.0,51,0,0.9846616429080012,0.0153383570919995,0,0.0153383570919995,MONITOR,276.090427655991,276.090427655991,307.6691785459997,596.9323285816001
L,302.3,311.8,1565,37.8,59,0,0.984783951603717,0.0152160483962836,0,0.0152160483962836,MONITOR,273.88887113310483,273.88887113310483,307.6080241981418,596.9567903207433
M,302.2,311.7,1466,49.0,66,0,0.9833471530857936,0.0166528469142074,0,0.0166528469142074,MONITOR,299.7512444557332,299.7512444557332,308.32642345710366,596.6694306171585
L,302.2,311.6,1383,44.3,72,0,0.984489149854508,0.0155108501454927,0,0.0155108501454927,MONITOR,279.1953026188686,279.1953026188686,307.7554250727464,596.8978299709015
L,302.2,311.5,1482,45.6,87,0,0.9846616429080012,0.0153383570919995,0,0.0153383570919995,MONITOR,276.090427655991,276.090427655991,307.6691785459997,596.9323285816001
M,302.3,311.7,1423,44.6,93,0,0.9834694617815092,0.0165305382184915,0,0.0165305382184915,MONITOR,297.549687932847,297.549687932847,308.26526910924576,596.6938923563017
M,302.4,311.8,1453,42.1,105,0,0.9833882109750692,0.0166117890249316,0,0.0166117890249316,MONITOR,299.0122024487688,299.0122024487688,308.30589451246584,596.6776421950137
L,302.5,311.9,1497,41.6,123,0,0.9847027007972768,0.0152972992027237,0,0.0152972992027237,MONITOR,275.3513856490266,275.3513856490266,307.64864960136185,596.9405401594552
L,302.3,311.7,1544,43.2,128,0,0.984783951603717,0.0152160483962836,0,0.0152160483962836,MONITOR,273.88887113310483,273.88887113310483,307.6080241981418,596.9567903207433
L,302.5,311.8,1335,52.7,135,0,0.8336009572333741,0.1663990427666256,0,0.1663990427666256,SCHEDULE,383.1995213833128,2995.1827697992608,383.1995213833128,566.7201914466749
L,302.4,311.9,1290,70.0,139,1,0.0481948317531139,0.951805168246886,1,0.951805168246886,STOP,409.6389663506228,17132.493028443947,775.9025841234429,409.6389663506228
L,302.4,311.8,1448,43.4,141,0,0.9847027007972768,0.0152972992027237,0,0.0152972992027237,MONITOR,275.3513856490266,275.3513856490266,307.64864960136185,596.9405401594552
L,302.3,311.7,1611,38.6,143,0,0.984783951603717,0.0152160483962836,0,0.0152160483962836,MONITOR,273.88887113310483,273.88887113310483,307.6080241981418,596.9567903207433
H,302.2,311.7,1413,46.5,147,0,0.9858619371850168,0.0141380628149838,0,0.0141380628149838,MONITOR,254.4851306697084,254.4851306697084,307.06903140749193,597.1723874370033
L,302.2,311.7,1330,54.6,154,0,0.8433250247531285,0.1566749752468713,0,0.1566749752468713,SCHEDULE,378.33748762343566,2820.1495544436834,378.33748762343566,568.6650049506258
L,302.2,311.9,1596,38.0,156,0,0.9846616429080012,0.0153383570919995,0,0.0153383570919995,MONITOR,276.090427655991,276.090427655991,307.6691785459997,596.9323285816001
L,302.4,312.0,1621,32.5,169,0,0.9849804668918788,0.0150195331081219,0,0.0150195331081219,MONITOR,270.3515959461942,270.3515959461942,307.50976655406095,596.9960933783756
L,302.2,311.7,1488,44.6,178,0,0.9846616429080012,0.0153383570919995,0,0.0153383570919995,MONITOR,276.090427655991,276.090427655991,307.6691785459997,596.9323285816001
M,302.3,311.8,1475,48.0,180,0,0.9834694617815092,0.0165305382184915,0,0.0165305382184915,MONITOR,297.549687932847,297.549687932847,308.26526910924576,596.6938923563017
M,302.4,311.9,1398,50.1,188,0,0.983215717921576,0.0167842820784248,0,0.0167842820784248,MONITOR,302.1170774116464,302.1170774116464,308.3921410392124,596.643143584315
M,302.3,311.8,1559,34.4,191,0,0.9834694617815092,0.0165305382184915,0,0.0165305382184915,MONITOR,297.549687932847,297.549687932847,308.26526910924576,596.6938923563017
M,302.4,311.9,1422,46.4,194,0,0.9833882109750692,0.0166117890249316,0,0.0166117890249316,MONITOR,299.0122024487688,299.0122024487688,308.30589451246584,596.6776421950137
L,302.2,311.6,1872,20.4,202,0,0.9804629654535614,0.0195370345464391,0,0.0195370345464391,SCHEDULE,309.7685172732195,351.6666218359038,309.7685172732195,596.0925930907122
L,302.2,311.7,1412,44.5,204,0,0.9767837479179728,0.0232162520820276,0,0.0232162520820276,SCHEDULE,311.6081260410138,417.8925374764968,311.6081260410138,595.3567495835945
M,302.4,311.9,1439,36.6,212,0,0.9470009859606426,0.0529990140393581,0,0.0529990140393581,SCHEDULE,326.4995070196791,953.9822527084458,326.4995070196791,589.4001971921284
L,302.3,311.8,1574,42.8,215,0,0.9332371101183397,0.0667628898816608,0,0.0667628898816608,SCHEDULE,333.38144494083036,1201.7320178698944,333.38144494083036,586.6474220236678
L,302.3,311.7,1281,48.8,0,0,0.8393228874207819,0.160677112579218,0,0.160677112579218,SCHEDULE,380.33855628960896,2892.188026425924,380.33855628960896,567.8645774841564
L,302.3,311.7,1414,47.0,11,0,0.984783951603717,0.0152160483962836,0,0.0152160483962836,MONITOR,273.88887113310483,273.88887113310483,307.6080241981418,596.9567903207433
L,302.1,311.5,1533,39.4,26,0,0.983193482420406,0.0168065175795946,0,0.0168065175795946,MONITOR,302.51731643270284,302.51731643270284,308.4032587897973,596.638696484081
M,302.2,311.7,1576,34.0,28,0,0.9833471530857936,0.0166528469142074,0,0.0166528469142074,MONITOR,299.7512444557332,299.7512444557332,308.32642345710366,596.6694306171585
L,302.1,311.4,1391,49.2,52,0,0.9830209893669128,0.0169790106330878,0,0.0169790106330878,MONITOR,305.6221913955804,305.6221913955804,308.48950531654384,596.6041978733824
L,301.9,311.3,1366,55.6,57,0,0.8685722436531704,0.1314277563468295,0,0.1314277563468295,SCHEDULE,365.71387817341474,2365.6996142429307,365.71387817341474,573.7144487306341
L,301.9,311.3,1501,40.8,59,0,0.9851495276950688,0.0148504723049318,0,0.0148504723049318,MONITOR,267.3085014887724,267.3085014887724,307.4252361524659,597.0299055390137
L,301.8,311.3,1551,35.8,61,0,0.9854527988029622,0.0145472011970385,0,0.0145472011970385,MONITOR,261.849621546693,261.849621546693,307.2736005985193,597.0905597605923
M,301.9,311.3,1522,35.6,63,0,0.9846742116881102,0.0153257883118906,0,0.0153257883118906,MONITOR,275.8641896140308,275.8641896140308,307.6628941559453,596.9348423376218
L,301.8,311.2,1334,52.3,68,0,0.8870680542259762,0.1129319457740236,0,0.1129319457740236,SCHEDULE,356.4659728870118,2032.7750239324248,356.4659728870118,577.4136108451953
L,301.7,311.3,1708,30.5,77,0,0.986864118018409,0.0131358819815916,0,0.0131358819815916,MONITOR,236.4458756686488,236.4458756686488,306.5679409907958,597.3728236036817
L,301.7,311.3,1421,45.9,85,0,0.9869354662185598,0.013064533781441,0,0.013064533781441,MONITOR,235.161608065938,235.161608065938,306.5322668907205,597.3870932437119
L,301.6,311.2,1525,43.7,91,0,0.987862161897992,0.0121378381020087,0,0.0121378381020087,MONITOR,218.4810858361566,218.4810858361566,306.06891905100434,597.5724323795982
H,301.6,311.2,1395,46.8,95,0,0.9891412394816642,0.0108587605183363,0,0.0108587605183363,MONITOR,195.4576893300534,195.4576893300534,305.4293802591681,597.8282478963326
L,301.6,311.1,1907,21.5,102,0,0.9877908136978412,0.0122091863021594,0,0.0122091863021594,MONITOR,219.7653534388692,219.7653534388692,306.1045931510797,597.5581627395682
L,301.6,311.1,1325,49.2,104,0,0.9341924568345188,0.0658075431654812,0,0.0658075431654812,SCHEDULE,332.90377158274055,1184.5357769786615,332.90377158274055,586.8384913669037
M,301.7,311.1,1489,41.4,108,0,0.9882892915533448,0.011710708446656,0,0.011710708446656,MONITOR,210.79275203980802,210.79275203980802,305.855354223328,597.6578583106688
L,301.6,311.1,1680,29.2,111,0,0.9877908136978412,0.0122091863021594,0,0.0122091863021594,MONITOR,219.7653534388692,219.7653534388692,306.1045931510797,597.5581627395682
M,301.8,311.1,1399,41.8,125,0,0.984476616695772,0.0155233833042286,0,0.0155233833042286,MONITOR,279.4208994761148,279.4208994761148,307.76169165211434,596.8953233391543
M,301.7,311.2,1563,34.5,139,0,0.9882892915533448,0.011710708446656,0,0.011710708446656,MONITOR,210.79275203980802,210.79275203980802,305.855354223328,597.6578583106688
L,301.6,311.0,1431,42.6,158,0,0.987862161897992,0.0121378381020087,0,0.0121378381020087,MONITOR,218.4810858361566,218.4810858361566,306.06891905100434,597.5724323795982
L,301.5,310.9,1365,46.5,172,0,0.9579043367436384,0.0420956632563613,0,0.0420956632563613,SCHEDULE,321.0478316281807,757.7219386145034,321.0478316281807,591.5808673487278
L,301.4,311.0,1733,25.7,182,0,0.9890210185146552,0.010978981485345,0,0.010978981485345,MONITOR,197.62166673621002,197.62166673621002,305.48949074267244,597.804203702931
H,301.3,311.0,1580,36.6,184,0,0.9906545306559208,0.0093454693440798,0,0.0093454693440798,MONITOR,168.2184481934364,168.2184481934364,304.67273467203995,598.1309061311841
M,301.3,311.0,1402,47.5,197,0,0.990012170074959,0.0099878299250417,0,0.0099878299250417,MONITOR,179.78093865075058,179.78093865075058,304.9939149625208,598.0024340149916
L,301.3,311.0,1542,35.1,204,0,0.9756663103790864,0.024333689620914,0,0.024333689620914,SCHEDULE,312.166844810457,438.006413176452,312.166844810457,595.1332620758172
L,301.3,311.0,1539,36.9,206,0,0.9715138319819648,0.0284861680180355,0,0.0284861680180355,SCHEDULE,314.24308400901776,512.7510243246389,314.24308400901776,594.3027663963929
L,301.3,311.0,1418,41.9,208,0,0.9697357213581402,0.03026427864186,0,0.03026427864186,SCHEDULE,315.13213932093,544.7570155534801,315.13213932093,593.947144271628
L,301.3,311.1,1303,49.2,212,0,0.88640851714757,0.1135914828524299,0,0.1135914828524299,SCHEDULE,356.79574142621493,2044.6466913437382,356.79574142621493,577.281703429514
M,301.3,311.1,1492,41.2,223,0,0.9494755041175016,0.0505244958824987,0,0.0505244958824987,SCHEDULE,325.26224794124937,909.4409258849767,325.26224794124937,589.8951008235002
L,301.3,311.1,1624,40.9,0,0,0.989092366714806,0.0109076332851944,0,0.0109076332851944,MONITOR,196.3373991334992,196.3373991334992,305.4538166425972,597.8184733429612
L,301.3,311.1,1504,39.1,2,0,0.989092366714806,0.0109076332851944,0,0.0109076332851944,MONITOR,196.3373991334992,196.3373991334992,305.4538166425972,597.8184733429612
L,301.3,311.3,1434,49.8,16,0,0.989092366714806,0.0109076332851944,0,0.0109076332851944,MONITOR,196.3373991334992,196.3373991334992,305.4538166425972,597.8184733429612
L,301.2,311.1,1550,39.7,20,0,0.989092366714806,0.0109076332851944,0,0.0109076332851944,MONITOR,196.3373991334992,196.3373991334992,305.4538166425972,597.8184733429612
M,301.4,311.2,1541,36.3,28,0,0.990534030651236,0.0094659693487647,0,0.0094659693487647,MONITOR,170.3874482777646,170.3874482777646,304.73298467438235,598.1068061302472
M,301.3,311.1,1581,30.9,31,0,0.9905261379914096,0.0094738620085911,0,0.0094738620085911,MONITOR,170.5295161546398,170.5295161546398,304.7369310042955,598.1052275982818
L,301.3,311.1,1560,35.3,55,0,0.989092366714806,0.0109076332851944,0,0.0109076332851944,MONITOR,196.3373991334992,196.3373991334992,305.4538166425972,597.8184733429612
H,301.2,310.9,1798,22.3,59,0,0.99058318245577,0.0094168175442304,0,0.0094168175442304,MONITOR,169.50271579614719,169.50271579614719,304.70840877211515,598.1166364911538
M,301.2,310.9,1424,45.2,68,0,0.9905261379914096,0.0094738620085911,0,0.0094738620085911,MONITOR,170.5295161546398,170.5295161546398,304.7369310042955,598.1052275982818
L,301.3,311.0,1348,44.5,78,0,0.9579043367436384,0.0420956632563613,0,0.0420956632563613,SCHEDULE,321.0478316281807,757.7219386145034,321.0478316281807,591.5808673487278
L,301.3,311.0,1554,47.7,84,0,0.989092366714806,0.0109076332851944,0,0.0109076332851944,MONITOR,196.3373991334992,196.3373991334992,305.4538166425972,597.8184733429612
M,301.5,311.1,1402,40.0,94,0,0.9903615375977428,0.0096384624022579,0,0.0096384624022579,MONITOR,173.49232324064218,173.49232324064218,304.81923120112896,598.0723075195484
L,301.5,311.0,1494,45.3,99,0,0.989092366714806,0.0109076332851944,0,0.0109076332851944,MONITOR,196.3373991334992,196.3373991334992,305.4538166425972,597.8184733429612
L,301.5,311.1,1731,27.9,101,0,0.9890210185146552,0.010978981485345,0,0.010978981485345,MONITOR,197.62166673621002,197.62166673621002,305.48949074267244,597.804203702931
M,301.5,311.1,1396,43.5,112,0,0.9903615375977428,0.0096384624022579,0,0.0096384624022579,MONITOR,173.49232324064218,173.49232324064218,304.81923120112896,598.0723075195484
M,301.5,311.1,1660,33.8,115,0,0.990534030651236,0.0094659693487647,0,0.0094659693487647,MONITOR,170.3874482777646,170.3874482777646,304.73298467438235,598.1068061302472
M,301.5,311.0,1577,39.7,118,0,0.990534030651236,0.0094659693487647,0,0.0094659693487647,MONITOR,170.3874482777646,170.3874482777646,304.73298467438235,598.1068061302472
L,301.4,311.1,1952,22.7,131,0,0.9890210185146552,0.010978981485345,0,0.010978981485345,MONITOR,197.62166673621002,197.62166673621002,305.48949074267244,597.804203702931
L,301.4,311.1,1469,36.9,133,0,0.989092366714806,0.0109076332851944,0,0.0109076332851944,MONITOR,196.3373991334992,196.3373991334992,305.4538166425972,597.8184733429612
L,301.4,311.1,1800,26.0,135,0,0.9890210185146552,0.010978981485345,0,0.010978981485345,MONITOR,197.62166673621002,197.62166673621002,305.48949074267244,597.804203702931
M,301.3,311.1,1438,43.0,137,0,0.9905261379914096,0.0094738620085911,0,0.0094738620085911,MONITOR,170.5295161546398,170.5295161546398,304.7369310042955,598.1052275982818
L,301.3,311.1,1647,28.2,140,0,0.989092366714806,0.0109076332851944,0,0.0109076332851944,MONITOR,196.3373991334992,196.3373991334992,305.4538166425972,597.8184733429612
H,301.4,311.1,1445,41.4,144,0,0.9906545306559208,0.0093454693440798,0,0.0093454693440798,MONITOR,168.2184481934364,168.2184481934364,304.67273467203995,598.1309061311841
M,301.5,311.1,1507,38.6,149,0,0.990534030651236,0.0094659693487647,0,0.0094659693487647,MONITOR,170.3874482777646,170.3874482777646,304.73298467438235,598.1068061302472
L,301.4,311.0,1634,32.6,155,0,0.989092366714806,0.0109076332851944,0,0.0109076332851944,MONITOR,196.3373991334992,196.3373991334992,305.4538166425972,597.8184733429612
L,301.2,310.9,1597,37.9,164,0,0.989092366714806,0.0109076332851944,0,0.0109076332851944,MONITOR,196.3373991334992,196.3373991334992,305.4538166425972,597.8184733429612
M,301.2,310.9,1460,46.7,166,0,0.9905261379914096,0.0094738620085911,0,0.0094738620085911,MONITOR,170.5295161546398,170.5295161546398,304.7369310042955,598.1052275982818
L,301.0,310.7,1300,57.2,174,0,0.953596494578016,0.0464035054219838,0,0.0464035054219838,SCHEDULE,323.20175271099185,835.2630975957084,323.20175271099185,590.7192989156032
M,300.9,310.7,1485,41.0,181,0,0.9905261379914096,0.0094738620085911,0,0.0094738620085911,MONITOR,170.5295161546398,170.5295161546398,304.7369310042955,598.1052275982818
H,300.8,310.5,1582,31.1,193,0,0.9902645121036427,0.0097354878963576,0,0.0097354878963576,MONITOR,175.2387821344368,175.2387821344368,304.86774394817877,598.0529024207285
M,300.7,310.3,1659,29.8,6,0,0.9904775943020891,0.0095224056979115,0,0.0095224056979115,MONITOR,171.40330256240702,171.40330256240702,304.76120284895575,598.0955188604177
L,300.7,310.3,1592,36.0,14,0,0.9890438230254855,0.0109561769745148,0,0.0109561769745148,MONITOR,197.21118554126642,197.21118554126642,305.4780884872574,597.808764605097
L,300.6,310.2,1555,41.9,19,0,0.9890438230254855,0.0109561769745148,0,0.0109561769745148,MONITOR,197.21118554126642,197.21118554126642,305.4780884872574,597.808764605097
L,300.6,310.1,1541,42.0,23,0,0.9890438230254855,0.0109561769745148,0,0.0109561769745148,MONITOR,197.21118554126642,197.21118554126642,305.4780884872574,597.808764605097
L,300.5,310.2,1764,25.9,27,0,0.9889724748253348,0.0110275251746654,0,0.0110275251746654,MONITOR,198.4954531439772,198.4954531439772,305.5137625873327,597.7944949650669
L,300.3,310.2,1369,48.8,36,0,0.9579043367436384,0.0420956632563613,0,0.0420956632563613,SCHEDULE,321.0478316281807,757.7219386145034,321.0478316281807,591.5808673487278
M,300.2,310.1,1619,31.3,38,0,0.9904856980298038,0.0095143019701967,0,0.0095143019701967,MONITOR,171.2574354635406,171.2574354635406,304.75715098509835,598.0971396059607
L,300.2,310.1,1649,30.5,43,0,0.9890519267532002,0.0109480732468,0,0.0109480732468,MONITOR,197.06531844239998,197.06531844239998,305.47403662339997,597.81038535064
L,300.3,310.2,1471,45.2,48,0,0.9890519267532002,0.0109480732468,0,0.0109480732468,MONITOR,197.06531844239998,197.06531844239998,305.47403662339997,597.81038535064
L,300.3,310.3,1483,51.6,50,0,0.9890519267532002,0.0109480732468,0,0.0109480732468,MONITOR,197.06531844239998,197.06531844239998,305.47403662339997,597.81038535064
L,300.3,310.4,1336,54.4,52,0,0.9579043367436384,0.0420956632563613,0,0.0420956632563613,SCHEDULE,321.0478316281807,757.7219386145034,321.0478316281807,591.5808673487278
M,300.6,310.5,1462,41.3,68,0,0.9904775943020891,0.0095224056979115,0,0.0095224056979115,MONITOR,171.40330256240702,171.40330256240702,304.76120284895575,598.0955188604177
L,300.5,310.4,1702,33.1,71,0,0.9889724748253348,0.0110275251746654,0,0.0110275251746654,MONITOR,198.4954531439772,198.4954531439772,305.5137625873327,597.7944949650669
M,300.8,310.8,1415,44.5,87,0,0.9904775943020891,0.0095224056979115,0,0.0095224056979115,MONITOR,171.40330256240702,171.40330256240702,304.76120284895575,598.0955188604177
L,300.7,310.8,1689,28.9,100,0,0.9889724748253348,0.0110275251746654,0,0.0110275251746654,MONITOR,198.4954531439772,198.4954531439772,305.5137625873327,597.7944949650669
L,300.8,310.9,1732,25.7,109,0,0.9889724748253348,0.0110275251746654,0,0.0110275251746654,MONITOR,198.4954531439772,198.4954531439772,305.5137625873327,597.7944949650669
L,300.7,310.8,1653,31.6,111,0,0.9890438230254855,0.0109561769745148,0,0.0109561769745148,MONITOR,197.21118554126642,197.21118554126642,305.4780884872574,597.808764605097
L,300.6,310.8,1533,38.5,117,0,0.9890438230254855,0.0109561769745148,0,0.0109561769745148,MONITOR,197.21118554126642,197.21118554126642,305.4780884872574,597.808764605097
L,300.5,310.7,1606,33.5,121,0,0.9890438230254855,0.0109561769745148,0,0.0109561769745148,MONITOR,197.21118554126642,197.21118554126642,305.4780884872574,597.808764605097
H,300.4,310.7,1656,36.3,127,0,0.9906140906943148,0.0093859093056854,0,0.0093859093056854,MONITOR,168.9463675023372,168.9463675023372,304.6929546528427,598.122818138863
H,300.5,310.9,1447,46.5,137,0,0.9906059869666002,0.0093940130334001,0,0.0093940130334001,MONITOR,169.0922346012018,169.0922346012018,304.69700651670007,598.12119739332
L,300.4,310.8,1520,37.6,151,0,0.9890519267532002,0.0109480732468,0,0.0109480732468,MONITOR,197.06531844239998,197.06531844239998,305.47403662339997,597.81038535064
L,300.5,310.8,1354,51.8,157,0,0.9579043367436384,0.0420956632563613,0,0.0420956632563613,SCHEDULE,321.0478316281807,757.7219386145034,321.0478316281807,591.5808673487278
L,300.5,310.7,1488,39.4,159,0,0.9890438230254855,0.0109561769745148,0,0.0109561769745148,MONITOR,197.21118554126642,197.21118554126642,305.4780884872574,597.808764605097
H,300.5,310.6,1378,51.5,166,0,0.9663656425168204,0.0336343574831795,0,0.0336343574831795,SCHEDULE,316.81717874158977,605.418434697231,316.81717874158977,593.2731285033642
L,300.6,310.7,1750,30.6,171,0,0.9889724748253348,0.0110275251746654,0,0.0110275251746654,MONITOR,198.4954531439772,198.4954531439772,305.5137625873327,597.7944949650669
H,300.6,310.7,1501,45.3,175,0,0.9906059869666002,0.0093940130334001,0,0.0093940130334001,MONITOR,169.0922346012018,169.0922346012018,304.69700651670007,598.12119739332
L,300.7,310.8,1486,37.1,186,0,0.9890438230254855,0.0109561769745148,0,0.0109561769745148,MONITOR,197.21118554126642,197.21118554126642,305.4780884872574,597.808764605097
M,300.7,310.7,1343,51.6,211,0,0.9160196066052942,0.0839803933947061,0,0.0839803933947061,SCHEDULE,341.9901966973531,1511.6470811047097,341.9901966973531,583.2039213210588
H,300.4,310.2,1431,43.2,0,0,0.9905523622992533,0.0094476377007471,0,0.0094476377007471,MONITOR,170.05747861344778,170.05747861344778,304.72381885037356,598.1104724598506
L,300.6,310.5,1570,38.3,14,0,0.9890438230254855,0.0109561769745148,0,0.0109561769745148,MONITOR,197.21118554126642,197.21118554126642,305.4780884872574,597.808764605097
H,300.7,310.7,1428,43.4,26,0,0.9905442585715384,0.0094557414284619,0,0.0094557414284619,MONITOR,170.2033457123142,170.2033457123142,304.72787071423096,598.1088517143077
L,300.7,310.9,1521,39.4,61,0,0.9890438230254855,0.0109561769745148,0,0.0109561769745148,MONITOR,197.21118554126642,197.21118554126642,305.4780884872574,597.808764605097
L,300.7,311.0,1336,53.3,68,0,0.9579043367436384,0.0420956632563613,0,0.0420956632563613,SCHEDULE,321.0478316281807,757.7219386145034,321.0478316281807,591.5808673487278
L,300.7,311.0,1403,48.3,70,0,0.9888713299719925,0.0111286700280079,0,0.0111286700280079,MONITOR,200.3160605041422,200.3160605041422,305.564335014004,597.7742659943984
M,300.7,311.0,1413,44.3,72,0,0.9904775943020891,0.0095224056979115,0,0.0095224056979115,MONITOR,171.40330256240702,171.40330256240702,304.76120284895575,598.0955188604177
M,300.7,310.8,1452,47.9,77,0,0.9904775943020891,0.0095224056979115,0,0.0095224056979115,MONITOR,171.40330256240702,171.40330256240702,304.76120284895575,598.0955188604177
H,300.9,311.0,1853,23.6,122,0,0.99058318245577,0.0094168175442304,0,0.0094168175442304,MONITOR,169.50271579614719,169.50271579614719,304.70840877211515,598.1166364911538
M,300.9,311.0,1556,38.8,127,0,0.9905261379914096,0.0094738620085911,0,0.0094738620085911,MONITOR,170.5295161546398,170.5295161546398,304.7369310042955,598.1052275982818
L,300.7,310.8,1475,42.0,147,0,0.9890438230254855,0.0109561769745148,0,0.0109561769745148,MONITOR,197.21118554126642,197.21118554126642,305.4780884872574,597.808764605097
L,300.8,310.8,1634,29.2,149,0,0.9890438230254855,0.0109561769745148,0,0.0109561769745148,MONITOR,197.21118554126642,197.21118554126642,305.4780884872574,597.808764605097
L,300.8,310.8,1689,32.9,151,0,0.9889724748253348,0.0110275251746654,0,0.0110275251746654,MONITOR,198.4954531439772,198.4954531439772,305.5137625873327,597.7944949650669
H,301.1,311.1,1618,29.5,160,0,0.9906545306559208,0.0093454693440798,0,0.0093454693440798,MONITOR,168.2184481934364,168.2184481934364,304.67273467203995,598.1309061311841
L,301.0,310.9,1568,38.2,172,0,0.989092366714806,0.0109076332851944,0,0.0109076332851944,MONITOR,196.3373991334992,196.3373991334992,305.4538166425972,597.8184733429612
L,301.0,311.0,1804,25.8,174,0,0.9890210185146552,0.010978981485345,0,0.010978981485345,MONITOR,197.62166673621002,197.62166673621002,305.48949074267244,597.804203702931
L,301.0,311.0,1582,37.5,176,0,0.989092366714806,0.0109076332851944,0,0.0109076332851944,MONITOR,196.3373991334992,196.3373991334992,305.4538166425972,597.8184733429612
M,300.9,310.8,1452,43.6,185,0,0.9905261379914096,0.0094738620085911,0,0.0094738620085911,MONITOR,170.5295161546398,170.5295161546398,304.7369310042955,598.1052275982818
M,300.9,310.8,1695,30.2,188,0,0.9903145343029373,0.0096854656970635,0,0.0096854656970635,MONITOR,174.338382547143,174.338382547143,304.84273284853174,598.0629068605873
M,300.9,310.8,1790,26.2,191,0,0.9899730594399796,0.0100269405600209,0,0.0100269405600209,MONITOR,180.4849300803762,180.4849300803762,305.0134702800105,597.9946118879959
L,301.0,310.9,1492,36.7,199,0,0.9883504650433248,0.0116495349566756,0,0.0116495349566756,MONITOR,209.6916292201608,209.6916292201608,305.8247674783378,597.6700930086648
L,300.9,310.7,1389,50.0,214,0,0.938349579696782,0.0616504203032182,0,0.0616504203032182,SCHEDULE,330.8252101516091,1109.7075654579276,330.8252101516091,587.6699159393563
L,300.9,310.6,1538,36.7,3,0,0.989092366714806,0.0109076332851944,0,0.0109076332851944,MONITOR,196.3373991334992,196.3373991334992,305.4538166425972,597.8184733429612
L,300.9,310.8,1476,39.0,10,0,0.989092366714806,0.0109076332851944,0,0.0109076332851944,MONITOR,196.3373991334992,196.3373991334992,305.4538166425972,597.8184733429612
L,300.9,310.7,1658,28.5,18,0,0.989092366714806,0.0109076332851944,0,0.0109076332851944,MONITOR,196.3373991334992,196.3373991334992,305.4538166425972,597.8184733429612
M,300.9,310.8,1402,48.1,22,0,0.9903536449379164,0.0096463550620843,0,0.0096463550620843,MONITOR,173.6343911175174,173.6343911175174,304.8231775310422,598.0707289875832
M,300.8,310.7,1483,40.8,28,0,0.9904775943020891,0.0095224056979115,0,0.0095224056979115,MONITOR,171.40330256240702,171.40330256240702,304.76120284895575,598.0955188604177
M,300.8,310.7,1924,22.4,36,0,0.9904141387617648,0.0095858612382357,0,0.0095858612382357,MONITOR,172.5455022882426,172.5455022882426,304.7929306191179,598.082827752353
H,300.9,310.7,1609,28.7,39,0,0.9906545306559208,0.0093454693440798,0,0.0093454693440798,MONITOR,168.2184481934364,168.2184481934364,304.67273467203995,598.1309061311841
L,300.9,311.0,1438,49.0,61,0,0.989092366714806,0.0109076332851944,0,0.0109076332851944,MONITOR,196.3373991334992,196.3373991334992,305.4538166425972,597.8184733429612
M,300.8,310.9,1678,28.1,63,0,0.9904062461019384,0.0095937538980621,0,0.0095937538980621,MONITOR,172.68757016511782,172.68757016511782,304.79687694903106,598.0812492203876
M,300.7,310.8,1486,41.2,71,0,0.9904775943020891,0.0095224056979115,0,0.0095224056979115,MONITOR,171.40330256240702,171.40330256240702,304.76120284895575,598.0955188604177
M,300.9,311.2,1472,40.0,93,0,0.9905261379914096,0.0094738620085911,0,0.0094738620085911,MONITOR,170.5295161546398,170.5295161546398,304.7369310042955,598.1052275982818
L,300.9,311.0,1499,38.0,111,0,0.989092366714806,0.0109076332851944,0,0.0109076332851944,MONITOR,196.3373991334992,196.3373991334992,305.4538166425972,597.8184733429612
H,301.0,311.0,1640,37.6,118,0,0.9906545306559208,0.0093454693440798,0,0.0093454693440798,MONITOR,168.2184481934364,168.2184481934364,304.67273467203995,598.1309061311841
L,301.1,311.1,1470,40.9,125,0,0.989092366714806,0.0109076332851944,0,0.0109076332851944,MONITOR,196.3373991334992,196.3373991334992,305.4538166425972,597.8184733429612
H,300.9,310.8,1390,40.6,131,0,0.98986475365181,0.0101352463481902,0,0.0101352463481902,MONITOR,182.4344342674236,182.4344342674236,305.0676231740951,597.972950730362
L,300.8,310.8,1486,45.7,146,0,0.9890438230254855,0.0109561769745148,0,0.0109561769745148,MONITOR,197.21118554126642,197.21118554126642,305.4780884872574,597.808764605097
M,301.1,311.1,2089,19.8,162,0,0.9893649224748208,0.01063507752518,0,0.01063507752518,MONITOR,191.43139545324,191.43139545324,305.31753876259,597.872984494964
L,301.1,311.2,1555,35.3,172,0,0.989092366714806,0.0109076332851944,0,0.0109076332851944,MONITOR,196.3373991334992,196.3373991334992,305.4538166425972,597.8184733429612
L,301.1,311.1,1508,41.5,184,0,0.989092366714806,0.0109076332851944,0,0.0109076332851944,MONITOR,196.3373991334992,196.3373991334992,305.4538166425972,597.8184733429612
L,301.1,311.2,1774,29.6,186,0,0.9890210185146552,0.010978981485345,0,0.010978981485345,MONITOR,197.62166673621002,197.62166673621002,305.48949074267244,597.804203702931
L,301.1,311.0,1677,29.1,188,0,0.9890210185146552,0.010978981485345,0,0.010978981485345,MONITOR,197.62166673621002,197.62166673621002,305.48949074267244,597.804203702931
L,301.0,311.0,1399,58.0,190,1,0.9882727032534911,0.0117272967465092,0,0.0117272967465092,MONITOR,211.0913414371656,211.0913414371656,305.8636483732546,597.6545406506982
L,301.0,310.9,1570,34.0,192,0,0.9887508918518486,0.0112491081481518,0,0.0112491081481518,MONITOR,202.4839466667324,202.4839466667324,305.6245540740759,597.7501783703696
L,301.0,310.9,1479,44.3,194,0,0.9887508918518486,0.0112491081481518,0,0.0112491081481518,MONITOR,202.4839466667324,202.4839466667324,305.6245540740759,597.7501783703696
L,301.0,310.8,1558,34.9,196,0,0.9887508918518486,0.0112491081481518,0,0.0112491081481518,MONITOR,202.4839466667324,202.4839466667324,305.6245540740759,597.7501783703696
L,300.9,310.7,1523,35.8,205,0,0.973281508705512,0.0267184912944884,0,0.0267184912944884,SCHEDULE,313.35924564724417,480.9328433007912,313.35924564724417,594.6563017411023
L,300.7,310.5,1448,38.2,218,0,0.93763989119468,0.0623601088053203,0,0.0623601088053203,SCHEDULE,331.1800544026601,1122.4819584957654,331.1800544026601,587.5279782389359
L,300.8,310.7,1633,27.8,0,0,0.9890438230254855,0.0109561769745148,0,0.0109561769745148,MONITOR,197.21118554126642,197.21118554126642,305.4780884872574,597.808764605097
L,300.9,310.8,1517,44.3,4,0,0.989092366714806,0.0109076332851944,0,0.0109076332851944,MONITOR,196.3373991334992,196.3373991334992,305.4538166425972,597.8184733429612
L,301.0,310.8,1975,19.7,17,0,0.9890210185146552,0.010978981485345,0,0.010978981485345,MONITOR,197.62166673621002,197.62166673621002,305.48949074267244,597.804203702931
L,301.1,311.0,1918,21.7,28,0,0.9890210185146552,0.010978981485345,0,0.010978981485345,MONITOR,197.62166673621002,197.62166673621002,305.48949074267244,597.804203702931
M,301.1,311.0,1413,46.6,30,0,0.9905261379914096,0.0094738620085911,0,0.0094738620085911,MONITOR,170.5295161546398,170.5295161546398,304.7369310042955,598.1052275982818
L,301.0,310.9,1578,38.4,49,0,0.989092366714806,0.0109076332851944,0,0.0109076332851944,MONITOR,196.3373991334992,196.3373991334992,305.4538166425972,597.8184733429612
L,300.9,310.8,1571,39.9,51,0,0.989092366714806,0.0109076332851944,0,0.0109076332851944,MONITOR,196.3373991334992,196.3373991334992,305.4538166425972,597.8184733429612
L,300.9,310.8,1493,45.8,57,0,0.989092366714806,0.0109076332851944,0,0.0109076332851944,MONITOR,196.3373991334992,196.3373991334992,305.4538166425972,597.8184733429612
L,300.9,310.9,1497,43.2,62,0,0.989092366714806,0.0109076332851944,0,0.0109076332851944,MONITOR,196.3373991334992,196.3373991334992,305.4538166425972,597.8184733429612
M,300.8,310.6,1669,28.4,79,0,0.9904062461019384,0.0095937538980621,0,0.0095937538980621,MONITOR,172.68757016511782,172.68757016511782,304.79687694903106,598.0812492203876
L,300.8,310.6,1402,53.7,93,0,0.9888713299719925,0.0111286700280079,0,0.0111286700280079,MONITOR,200.3160605041422,200.3160605041422,305.564335014004,597.7742659943984
L,300.9,310.7,1392,44.2,97,0,0.9889198736613128,0.0110801263386876,0,0.0110801263386876,MONITOR,199.4422740963768,199.4422740963768,305.5400631693438,597.7839747322624
H,301.0,310.6,1366,50.6,106,0,0.9620185375665544,0.0379814624334455,0,0.0379814624334455,SCHEDULE,318.99073121672274,683.6663238020191,318.99073121672274,592.4037075133109
L,301.1,310.8,1470,49.3,116,0,0.989092366714806,0.0109076332851944,0,0.0109076332851944,MONITOR,196.3373991334992,196.3373991334992,305.4538166425972,597.8184733429612
H,301.1,310.8,1792,25.8,121,0,0.99058318245577,0.0094168175442304,0,0.0094168175442304,MONITOR,169.50271579614719,169.50271579614719,304.70840877211515,598.1166364911538
M,301.2,311.0,1424,41.4,131,0,0.9905261379914096,0.0094738620085911,0,0.0094738620085911,MONITOR,170.5295161546398,170.5295161546398,304.7369310042955,598.1052275982818
L,301.2,310.9,1467,37.1,153,0,0.989092366714806,0.0109076332851944,0,0.0109076332851944,MONITOR,196.3373991334992,196.3373991334992,305.4538166425972,597.8184733429612
L,301.2,310.8,1479,41.2,155,0,0.989092366714806,0.0109076332851944,0,0.0109076332851944,MONITOR,196.3373991334992,196.3373991334992,305.4538166425972,597.8184733429612
L,300.9,310.4,1615,30.9,200,0,0.9853011882077112,0.0146988117922894,0,0.0146988117922894,MONITOR,264.5786122612092,264.5786122612092,307.34940589614473,597.0602376415421
L,301.0,310.5,1379,57.3,204,1,0.8985469021177789,0.1014530978822212,0,0.1014530978822212,SCHEDULE,350.7265489411106,1826.1557618799816,350.7265489411106,579.7093804235557
L,300.8,310.4,1368,46.8,21,0,0.9579043367436384,0.0420956632563613,0,0.0420956632563613,SCHEDULE,321.0478316281807,757.7219386145034,321.0478316281807,591.5808673487278
M,301.1,310.6,1429,52.7,35,0,0.9905261379914096,0.0094738620085911,0,0.0094738620085911,MONITOR,170.5295161546398,170.5295161546398,304.7369310042955,598.1052275982818
M,301.2,310.7,1543,32.9,40,0,0.9905261379914096,0.0094738620085911,0,0.0094738620085911,MONITOR,170.5295161546398,170.5295161546398,304.7369310042955,598.1052275982818
L,301.2,310.8,1233,64.6,45,0,0.6944536588702238,0.3055463411297764,0,0.3055463411297764,SCHEDULE,452.77317056488823,5499.8341403359755,452.77317056488823,538.8907317740448
L,301.2,310.8,1461,40.6,47,0,0.989092366714806,0.0109076332851944,0,0.0109076332851944,MONITOR,196.3373991334992,196.3373991334992,305.4538166425972,597.8184733429612
L,301.3,310.8,1432,54.4,51,0,0.989092366714806,0.0109076332851944,0,0.0109076332851944,MONITOR,196.3373991334992,196.3373991334992,305.4538166425972,597.8184733429612
L,301.3,310.8,1719,29.5,62,0,0.9890210185146552,0.010978981485345,0,0.010978981485345,MONITOR,197.62166673621002,197.62166673621002,305.48949074267244,597.804203702931
H,301.0,310.4,1512,44.9,86,0,0.9906545306559208,0.0093454693440798,0,0.0093454693440798,MONITOR,168.2184481934364,168.2184481934364,304.67273467203995,598.1309061311841
M,301.1,310.5,1309,60.7,100,0,0.9373518004530452,0.0626481995469546,0,0.0626481995469546,SCHEDULE,331.3240997734773,1127.6675918451826,331.3240997734773,587.4703600906091
L,301.2,310.7,1517,39.4,107,0,0.989092366714806,0.0109076332851944,0,0.0109076332851944,MONITOR,196.3373991334992,196.3373991334992,305.4538166425972,597.8184733429612
M,301.2,310.6,1576,39.6,109,0,0.9905261379914096,0.0094738620085911,0,0.0094738620085911,MONITOR,170.5295161546398,170.5295161546398,304.7369310042955,598.1052275982818
H,301.2,310.6,1457,50.5,114,0,0.9906545306559208,0.0093454693440798,0,0.0093454693440798,MONITOR,168.2184481934364,168.2184481934364,304.67273467203995,598.1309061311841
M,301.1,310.5,1603,32.6,121,0,0.9905261379914096,0.0094738620085911,0,0.0094738620085911,MONITOR,170.5295161546398,170.5295161546398,304.7369310042955,598.1052275982818
M,300.7,310.1,1483,40.2,162,0,0.9904775943020891,0.0095224056979115,0,0.0095224056979115,MONITOR,171.40330256240702,171.40330256240702,304.76120284895575,598.0955188604177
M,300.5,310.0,1580,37.0,181,0,0.9904775943020891,0.0095224056979115,0,0.0095224056979115,MONITOR,171.40330256240702,171.40330256240702,304.76120284895575,598.0955188604177
H,300.5,310.0,1495,47.4,184,0,0.9906059869666002,0.0093940130334001,0,0.0093940130334001,MONITOR,169.0922346012018,169.0922346012018,304.69700651670007,598.12119739332
M,300.4,309.9,1415,31.8,192,0,0.9899724455775356,0.0100275544224651,0,0.0100275544224651,MONITOR,180.4959796043718,180.4959796043718,305.01377721123254,597.9944891155069
M,300.4,309.8,1725,30.4,195,0,0.989760841889063,0.0102391581109375,0,0.0102391581109375,MONITOR,184.304845996875,184.304845996875,305.11957905546876,597.9521683778125
H,300.5,309.9,1397,45.9,210,1,0.9650610639674696,0.0349389360325306,0,0.0349389360325306,SCHEDULE,317.4694680162653,628.9008485855508,317.4694680162653,593.0122127934939
M,300.3,309.8,1444,42.0,3,0,0.9903139204404928,0.0096860795595077,0,0.0096860795595077,MONITOR,174.3494320711386,174.3494320711386,304.8430397797539,598.0627840880985
H,300.2,309.8,1374,47.7,8,0,0.9633281094206428,0.0366718905793569,0,0.0366718905793569,SCHEDULE,318.3359452896784,660.0940304284243,318.3359452896784,592.6656218841287
L,300.2,309.8,1650,29.6,13,0,0.9888801491638892,0.011119850836111,0,0.011119850836111,MONITOR,200.157315049998,200.157315049998,305.5599254180555,597.7760298327778
L,300.2,309.7,1421,44.6,17,0,0.9893371315781552,0.0106628684218452,0,0.0106628684218452,MONITOR,191.9316315932136,191.9316315932136,305.33143421092257,597.867426315631
L,300.2,309.8,1557,33.8,19,0,0.9888801491638892,0.011119850836111,0,0.011119850836111,MONITOR,200.157315049998,200.157315049998,305.5599254180555,597.7760298327778
L,300.1,309.8,1506,35.2,21,0,0.9888801491638892,0.011119850836111,0,0.011119850836111,MONITOR,200.157315049998,200.157315049998,305.5599254180555,597.7760298327778
L,300.1,309.7,1362,49.1,23,0,0.9629403887991363,0.0370596112008635,0,0.0370596112008635,SCHEDULE,318.52980560043176,667.0730016155429,318.52980560043176,592.5880777598273
L,300.2,309.8,1398,54.8,39,0,0.988707656110396,0.0112923438896042,0,0.0112923438896042,MONITOR,203.26219001287558,203.26219001287558,305.6461719448021,597.7415312220792
L,300.1,309.8,1430,56.7,44,0,0.9885744536190252,0.0114255463809751,0,0.0114255463809751,MONITOR,205.6598348575518,205.6598348575518,305.7127731904875,597.714890723805
M,299.9,309.6,1489,41.7,56,0,0.9907709028547588,0.0092290971452419,0,0.0092290971452419,MONITOR,166.1237486143542,166.1237486143542,304.61454857262095,598.1541805709517
M,299.9,309.5,2065,18.1,62,0,0.9892811052939894,0.0107188947060111,0,0.0107188947060111,MONITOR,192.9401047081998,192.9401047081998,305.3594473530055,597.8562210587978
L,300.0,309.6,1571,33.1,65,0,0.9893371315781552,0.0106628684218452,0,0.0106628684218452,MONITOR,191.9316315932136,191.9316315932136,305.33143421092257,597.867426315631
L,300.1,309.6,1321,46.9,75,0,0.9629403887991363,0.0370596112008635,0,0.0370596112008635,SCHEDULE,318.52980560043176,667.0730016155429,318.52980560043176,592.5880777598273
L,300.1,309.6,1546,36.7,77,0,0.9893371315781552,0.0106628684218452,0,0.0106628684218452,MONITOR,191.9316315932136,191.9316315932136,305.33143421092257,597.867426315631
H,300.0,309.5,1735,28.9,82,0,0.99088782755864,0.0091121724413603,0,0.0091121724413603,MONITOR,164.0191039444854,164.0191039444854,304.5560862206802,598.177565511728
L,300.2,309.8,1430,55.0,102,0,0.9888801491638892,0.011119850836111,0,0.011119850836111,MONITOR,200.157315049998,200.157315049998,305.5599254180555,597.7760298327778
L,300.2,309.8,1481,41.9,106,0,0.9888801491638892,0.011119850836111,0,0.011119850836111,MONITOR,200.157315049998,200.157315049998,305.5599254180555,597.7760298327778
L,300.1,309.7,1410,48.3,118,0,0.9893371315781552,0.0106628684218452,0,0.0106628684218452,MONITOR,191.9316315932136,191.9316315932136,305.33143421092257,597.867426315631
L,300.3,309.8,1450,55.0,135,0,0.9888801491638892,0.011119850836111,0,0.011119850836111,MONITOR,200.157315049998,200.157315049998,305.5599254180555,597.7760298327778
M,300.2,309.7,1413,43.0,137,0,0.9907709028547588,0.0092290971452419,0,0.0092290971452419,MONITOR,166.1237486143542,166.1237486143542,304.61454857262095,598.1541805709517
L,300.1,309.7,1680,33.8,140,0,0.9892657833780044,0.0107342166219959,0,0.0107342166219959,MONITOR,193.2158991959262,193.2158991959262,305.367108310998,597.8531566756009
M,300.0,309.6,1587,32.6,152,0,0.9907709028547588,0.0092290971452419,0,0.0092290971452419,MONITOR,166.1237486143542,166.1237486143542,304.61454857262095,598.1541805709517
L,300.1,309.7,1351,58.2,155,0,0.9626346932542722,0.0373653067457277,0,0.0373653067457277,SCHEDULE,318.68265337286385,672.5755214230986,318.68265337286385,592.5269386508545
M,300.2,309.7,1183,61.4,170,0,0.8398863546449022,0.1601136453550977,0,0.1601136453550977,SCHEDULE,380.05682267754884,2882.045616391759,380.05682267754884,567.9772709289805
L,300.1,309.7,2151,17.5,173,0,0.988937201333824,0.0110627986661761,0,0.0110627986661761,MONITOR,199.1303759911698,199.1303759911698,305.5313993330881,597.7874402667647
M,300.4,310.1,1457,35.1,193,0,0.9901442231668464,0.0098557768331541,0,0.0098557768331541,MONITOR,177.4039829967738,177.4039829967738,304.92788841657705,598.0288446333691
L,300.4,310.1,1503,42.2,196,0,0.9887104518902428,0.0112895481097574,0,0.0112895481097574,MONITOR,203.21186597563317,203.21186597563317,305.6447740548787,597.7420903780485
M,300.3,310.0,1537,37.5,6,0,0.9904856980298038,0.0095143019701967,0,0.0095143019701967,MONITOR,171.2574354635406,171.2574354635406,304.75715098509835,598.0971396059607
L,300.3,309.9,1393,56.1,12,0,0.988401960565532,0.0115980394344683,0,0.0115980394344683,MONITOR,208.7647098204294,208.7647098204294,305.79901971723416,597.6803921131063
L,300.2,309.7,1448,36.8,14,0,0.9893371315781552,0.0106628684218452,0,0.0106628684218452,MONITOR,191.9316315932136,191.9316315932136,305.33143421092257,597.867426315631
M,300.2,309.8,1743,24.1,18,0,0.9901023167520204,0.0098976832479801,0,0.0098976832479801,MONITOR,178.1582984636418,178.1582984636418,304.94884162399,598.0204633504039
M,300.3,309.9,1494,38.5,33,0,0.9903139204404928,0.0096860795595077,0,0.0096860795595077,MONITOR,174.3494320711386,174.3494320711386,304.8430397797539,598.0627840880985
L,300.4,310.0,1282,66.1,40,0,0.4340186627064317,0.5659813372935684,1,0.5659813372935684,STOP,486.8037325412863,10187.66407128423,582.9906686467842,486.8037325412863
L,300.8,310.3,1537,33.3,52,0,0.9890438230254855,0.0109561769745148,0,0.0109561769745148,MONITOR,197.21118554126642,197.21118554126642,305.4780884872574,597.808764605097
L,300.6,310.2,1378,47.3,71,0,0.9617189047955766,0.0382810952044234,0,0.0382810952044234,SCHEDULE,319.1405476022117,689.0597136796213,319.1405476022117,592.3437809591154
L,300.7,310.0,1395,48.0,85,0,0.9888713299719925,0.0111286700280079,0,0.0111286700280079,MONITOR,200.3160605041422,200.3160605041422,305.564335014004,597.7742659943984
M,300.6,310.0,1397,55.2,90,0,0.9895145925665448,0.0104854074334557,0,0.0104854074334557,MONITOR,188.7373338022026,188.7373338022026,305.2427037167278,597.9029185133088
L,300.6,310.0,1505,35.9,95,0,0.9890438230254855,0.0109561769745148,0,0.0109561769745148,MONITOR,197.21118554126642,197.21118554126642,305.4780884872574,597.808764605097
M,300.5,309.8,1416,48.5,110,0,0.9903058167127782,0.0096941832872224,0,0.0096941832872224,MONITOR,174.49529917000322,174.49529917000322,304.84709164361124,598.0611633425556
L,300.4,309.7,1740,31.1,113,0,0.9892657833780044,0.0107342166219959,0,0.0107342166219959,MONITOR,193.2158991959262,193.2158991959262,305.367108310998,597.8531566756009
L,300.5,309.8,1507,42.5,117,0,0.9888720454361746,0.0111279545638257,0,0.0111279545638257,MONITOR,200.30318214886262,200.30318214886262,305.56397728191286,597.7744090872349
L,300.4,309.6,1379,54.5,122,0,0.9664413259759456,0.0335586740240542,0,0.0335586740240542,SCHEDULE,316.7793370120271,604.0561324329756,316.7793370120271,593.2882651951891
L,300.4,309.6,1523,38.5,124,0,0.9893371315781552,0.0106628684218452,0,0.0106628684218452,MONITOR,191.9316315932136,191.9316315932136,305.33143421092257,597.867426315631
H,300.4,309.6,1571,33.6,126,0,0.9909591757587906,0.0090408242412097,0,0.0090408242412097,MONITOR,162.73483634177458,162.73483634177458,304.5204121206049,598.191835151758
L,300.5,309.7,1560,30.2,139,0,0.9893290278504404,0.01067097214956,0,0.01067097214956,MONITOR,192.07749869208,192.07749869208,305.33548607477996,597.8658055700879
L,300.5,309.7,1384,48.6,141,0,0.98892730070849,0.0110726992915106,0,0.0110726992915106,MONITOR,199.30858724719081,199.30858724719081,305.5363496457553,597.785460141698
L,300.6,309.9,1480,43.7,153,0,0.9888720454361746,0.0111279545638257,0,0.0111279545638257,MONITOR,200.30318214886262,200.30318214886262,305.56397728191286,597.7744090872349
L,300.6,309.8,1629,37.6,162,0,0.9888720454361746,0.0111279545638257,0,0.0111279545638257,MONITOR,200.30318214886262,200.30318214886262,305.56397728191286,597.7744090872349
M,300.7,309.8,1490,38.8,173,0,0.9903058167127782,0.0096941832872224,0,0.0096941832872224,MONITOR,174.49529917000322,174.49529917000322,304.84709164361124,598.0611633425556
L,300.7,309.8,1363,53.1,183,0,0.9596929200313066,0.0403070799686933,0,0.0403070799686933,SCHEDULE,320.15353998434665,725.5274394364794,320.15353998434665,591.9385840062613
L,300.9,310.0,1671,26.8,199,0,0.9882791168431742,0.0117208831568263,0,0.0117208831568263,MONITOR,210.9758968228734,210.9758968228734,305.86044157841314,597.6558233686347
M,300.9,310.0,1416,46.6,201,0,0.9864897849945358,0.0135102150054649,0,0.0135102150054649,MONITOR,243.1838700983682,243.1838700983682,306.7551075027324,597.297956998907
M,300.9,310.0,1600,36.0,204,0,0.9763542754053024,0.0236457245946985,0,0.0236457245946985,SCHEDULE,311.8228622973492,425.623042704573,311.8228622973492,595.2708550810603
M,300.9,309.9,1465,42.9,209,0,0.9702519087950452,0.0297480912049554,0,0.0297480912049554,SCHEDULE,314.87404560247774,535.4656416891972,314.87404560247774,594.0503817590089
L,301.0,309.9,1507,41.8,19,0,0.988920589125495,0.0110794108745053,0,0.0110794108745053,MONITOR,199.4293957410954,199.4293957410954,305.5397054372526,597.784117825099
L,301.1,310.1,1540,36.6,28,0,0.989092366714806,0.0109076332851944,0,0.0109076332851944,MONITOR,196.3373991334992,196.3373991334992,305.4538166425972,597.8184733429612
L,301.3,310.6,1481,40.9,57,0,0.989092366714806,0.0109076332851944,0,0.0109076332851944,MONITOR,196.3373991334992,196.3373991334992,305.4538166425972,597.8184733429612
L,301.3,310.7,1504,47.2,74,0,0.989092366714806,0.0109076332851944,0,0.0109076332851944,MONITOR,196.3373991334992,196.3373991334992,305.4538166425972,597.8184733429612
L,301.3,310.5,1406,47.1,83,0,0.989092366714806,0.0109076332851944,0,0.0109076332851944,MONITOR,196.3373991334992,196.3373991334992,305.4538166425972,597.8184733429612
L,301.4,310.7,1509,38.3,95,0,0.989092366714806,0.0109076332851944,0,0.0109076332851944,MONITOR,196.3373991334992,196.3373991334992,305.4538166425972,597.8184733429612
L,301.4,310.8,1698,29.6,99,0,0.9890210185146552,0.010978981485345,0,0.010978981485345,MONITOR,197.62166673621002,197.62166673621002,305.48949074267244,597.804203702931
H,301.3,310.6,1527,44.0,114,0,0.9906545306559208,0.0093454693440798,0,0.0093454693440798,MONITOR,168.2184481934364,168.2184481934364,304.67273467203995,598.1309061311841
H,301.5,310.7,1394,46.7,130,0,0.9804203092073656,0.0195796907926347,0,0.0195796907926347,SCHEDULE,309.7898453963174,352.43443426742465,309.7898453963174,596.0840618414732
M,301.5,310.6,1447,41.9,140,0,0.990534030651236,0.0094659693487647,0,0.0094659693487647,MONITOR,170.3874482777646,170.3874482777646,304.73298467438235,598.1068061302472
L,301.5,310.7,1942,20.5,155,0,0.9890210185146552,0.010978981485345,0,0.010978981485345,MONITOR,197.62166673621002,197.62166673621002,305.48949074267244,597.804203702931
L,301.4,310.6,1550,36.8,159,0,0.989092366714806,0.0109076332851944,0,0.0109076332851944,MONITOR,196.3373991334992,196.3373991334992,305.4538166425972,597.8184733429612
L,301.3,310.6,1521,36.3,166,0,0.989092366714806,0.0109076332851944,0,0.0109076332851944,MONITOR,196.3373991334992,196.3373991334992,305.4538166425972,597.8184733429612
M,301.4,310.7,1375,42.0,168,0,0.9634749805753072,0.036525019424693,0,0.036525019424693,SCHEDULE,318.2625097123465,657.450349644474,318.2625097123465,592.6949961150615
M,301.4,310.6,1855,25.3,178,0,0.9904626824510852,0.0095373175489154,0,0.0095373175489154,MONITOR,171.6717158804772,171.6717158804772,304.7686587744577,598.092536490217
L,301.4,310.4,1388,45.3,188,0,0.9889198736613128,0.0110801263386876,0,0.0110801263386876,MONITOR,199.4422740963768,199.4422740963768,305.5400631693438,597.7839747322624
L,301.3,310.4,1507,39.1,194,0,0.9887508918518486,0.0112491081481518,0,0.0112491081481518,MONITOR,202.4839466667324,202.4839466667324,305.6245540740759,597.7501783703696
L,301.4,310.4,1559,36.0,196,0,0.9887508918518486,0.0112491081481518,0,0.0112491081481518,MONITOR,202.4839466667324,202.4839466667324,305.6245540740759,597.7501783703696
M,301.6,310.7,1813,24.6,210,0,0.968434998827105,0.0315650011728957,0,0.0315650011728957,SCHEDULE,315.78250058644784,568.1700211121226,315.78250058644784,593.6869997654209
L,301.6,310.7,1457,40.4,213,0,0.9587191590697108,0.0412808409302895,0,0.0412808409302895,SCHEDULE,320.64042046514476,743.0551367452109,320.64042046514476,591.743831813942
L,301.6,310.7,1679,29.5,10,0,0.9877908136978412,0.0122091863021594,0,0.0122091863021594,MONITOR,219.7653534388692,219.7653534388692,306.1045931510797,597.5581627395682
M,301.5,310.7,1460,38.6,14,0,0.990239913004177,0.0097600869958235,0,0.0097600869958235,MONITOR,175.681565924823,175.681565924823,304.88004349791174,598.0479826008352
L,301.5,310.6,1481,46.8,20,0,0.989092366714806,0.0109076332851944,0,0.0109076332851944,MONITOR,196.3373991334992,196.3373991334992,305.4538166425972,597.8184733429612
L,301.5,310.7,1424,51.1,22,0,0.989092366714806,0.0109076332851944,0,0.0109076332851944,MONITOR,196.3373991334992,196.3373991334992,305.4538166425972,597.8184733429612
M,301.5,310.7,1347,47.9,29,0,0.9596604125233692,0.0403395874766309,0,0.0403395874766309,SCHEDULE,320.1697937383155,726.1125745793562,320.1697937383155,591.9320825046739
M,301.6,310.6,1691,30.1,40,0,0.989183612725384,0.010816387274617,0,0.010816387274617,MONITOR,194.694970943106,194.694970943106,305.4081936373085,597.8367225450766
L,301.5,310.4,1543,34.0,55,0,0.989092366714806,0.0109076332851944,0,0.0109076332851944,MONITOR,196.3373991334992,196.3373991334992,305.4538166425972,597.8184733429612
L,301.6,310.6,1222,70.0,62,0,0.1486868686868686,0.8513131313131314,1,0.8513131313131314,STOP,429.73737373737373,15323.636363636364,725.6565656565657,429.73737373737373
L,301.6,310.6,1613,42.5,97,0,0.987862161897992,0.0121378381020087,0,0.0121378381020087,MONITOR,218.4810858361566,218.4810858361566,306.06891905100434,597.5724323795982
M,301.6,310.5,1414,49.3,106,0,0.9892549609255346,0.0107450390744664,0,0.0107450390744664,MONITOR,193.4107033403952,193.4107033403952,305.3725195372332,597.8509921851066
M,301.5,310.4,1378,55.3,109,0,0.955714774923559,0.044285225076441,0,0.044285225076441,SCHEDULE,322.1426125382205,797.1340513759379,322.1426125382205,591.1429549847118
L,301.4,310.4,1301,51.2,112,0,0.9552780500353254,0.0447219499646743,0,0.0447219499646743,SCHEDULE,322.36097498233715,804.9950993641374,322.36097498233715,591.0556100070652
L,301.5,310.5,1396,44.5,117,0,0.9889198736613128,0.0110801263386876,0,0.0110801263386876,MONITOR,199.4422740963768,199.4422740963768,305.5400631693438,597.7839747322624
L,301.5,310.5,1534,39.3,119,0,0.989092366714806,0.0109076332851944,0,0.0109076332851944,MONITOR,196.3373991334992,196.3373991334992,305.4538166425972,597.8184733429612
L,301.5,310.5,1453,44.2,129,0,0.989092366714806,0.0109076332851944,0,0.0109076332851944,MONITOR,196.3373991334992,196.3373991334992,305.4538166425972,597.8184733429612
L,301.5,310.6,1565,43.9,142,0,0.989092366714806,0.0109076332851944,0,0.0109076332851944,MONITOR,196.3373991334992,196.3373991334992,305.4538166425972,597.8184733429612
M,301.5,310.4,1486,39.6,144,0,0.990534030651236,0.0094659693487647,0,0.0094659693487647,MONITOR,170.3874482777646,170.3874482777646,304.73298467438235,598.1068061302472
L,301.5,310.5,1927,22.4,149,0,0.9890210185146552,0.010978981485345,0,0.010978981485345,MONITOR,197.62166673621002,197.62166673621002,305.48949074267244,597.804203702931
L,301.6,310.4,1561,35.3,156,0,0.987862161897992,0.0121378381020087,0,0.0121378381020087,MONITOR,218.4810858361566,218.4810858361566,306.06891905100434,597.5724323795982
M,301.4,310.3,1610,29.1,166,0,0.990534030651236,0.0094659693487647,0,0.0094659693487647,MONITOR,170.3874482777646,170.3874482777646,304.73298467438235,598.1068061302472
M,301.3,310.4,1501,39.8,187,0,0.9905261379914096,0.0094738620085911,0,0.0094738620085911,MONITOR,170.5295161546398,170.5295161546398,304.7369310042955,598.1052275982818
L,301.3,310.4,1538,38.4,195,0,0.9887508918518486,0.0112491081481518,0,0.0112491081481518,MONITOR,202.4839466667324,202.4839466667324,305.6245540740759,597.7501783703696
L,301.3,310.4,1440,41.5,197,0,0.9887508918518486,0.0112491081481518,0,0.0112491081481518,MONITOR,202.4839466667324,202.4839466667324,305.6245540740759,597.7501783703696
L,301.3,310.4,1414,51.4,199,0,0.9883504650433248,0.0116495349566756,0,0.0116495349566756,MONITOR,209.6916292201608,209.6916292201608,305.8247674783378,597.6700930086648
H,301.4,310.5,1536,39.9,201,0,0.9868633521488256,0.0131366478511748,0,0.0131366478511748,MONITOR,236.4596613211464,236.4596613211464,306.5683239255874,597.372670429765
L,301.6,310.7,1380,51.8,216,1,0.8672837918944125,0.1327162081055876,0,0.1327162081055876,SCHEDULE,366.3581040527938,2388.8917459005766,366.3581040527938,573.4567583788826
L,301.5,310.7,1423,44.0,222,0,0.93743202462759,0.0625679753724102,0,0.0625679753724102,SCHEDULE,331.2839876862051,1126.2235567033836,331.2839876862051,587.486404925518
L,301.5,310.9,1318,50.6,11,0,0.9579043367436384,0.0420956632563613,0,0.0420956632563613,SCHEDULE,321.0478316281807,757.7219386145034,321.0478316281807,591.5808673487278
L,301.7,311.0,1700,28.7,19,0,0.986864118018409,0.0131358819815916,0,0.0131358819815916,MONITOR,236.4458756686488,236.4458756686488,306.5679409907958,597.3728236036817
L,301.6,310.9,1643,34.1,44,0,0.987862161897992,0.0121378381020087,0,0.0121378381020087,MONITOR,218.4810858361566,218.4810858361566,306.06891905100434,597.5724323795982
L,301.6,310.8,1418,44.7,46,0,0.987862161897992,0.0121378381020087,0,0.0121378381020087,MONITOR,218.4810858361566,218.4810858361566,306.06891905100434,597.5724323795982
M,301.5,310.7,1510,36.0,64,0,0.990534030651236,0.0094659693487647,0,0.0094659693487647,MONITOR,170.3874482777646,170.3874482777646,304.73298467438235,598.1068061302472
L,301.3,310.6,1556,39.0,72,0,0.989092366714806,0.0109076332851944,0,0.0109076332851944,MONITOR,196.3373991334992,196.3373991334992,305.4538166425972,597.8184733429612
L,301.3,310.6,1458,48.0,104,0,0.989092366714806,0.0109076332851944,0,0.0109076332851944,MONITOR,196.3373991334992,196.3373991334992,305.4538166425972,597.8184733429612
L,301.4,310.7,1657,28.7,108,0,0.989092366714806,0.0109076332851944,0,0.0109076332851944,MONITOR,196.3373991334992,196.3373991334992,305.4538166425972,597.8184733429612
L,301.3,310.6,1560,36.8,113,0,0.989092366714806,0.0109076332851944,0,0.0109076332851944,MONITOR,196.3373991334992,196.3373991334992,305.4538166425972,597.8184733429612
L,301.5,310.8,1785,25.5,120,0,0.9890210185146552,0.010978981485345,0,0.010978981485345,MONITOR,197.62166673621002,197.62166673621002,305.48949074267244,597.804203702931
L,301.5,310.9,1891,23.2,122,0,0.9890210185146552,0.010978981485345,0,0.010978981485345,MONITOR,197.62166673621002,197.62166673621002,305.48949074267244,597.804203702931
L,301.6,310.9,1385,51.2,132,0,0.985482380543102,0.0145176194568986,0,0.0145176194568986,MONITOR,261.3171502241748,261.3171502241748,307.2588097284493,597.0964761086203
M,301.6,310.9,1575,40.1,139,0,0.9892549609255346,0.0107450390744664,0,0.0107450390744664,MONITOR,193.4107033403952,193.4107033403952,305.3725195372332,597.8509921851066
L,301.6,311.0,1485,40.1,142,0,0.987862161897992,0.0121378381020087,0,0.0121378381020087,MONITOR,218.4810858361566,218.4810858361566,306.06891905100434,597.5724323795982
L,301.7,311.0,1527,42.2,144,0,0.9869354662185598,0.013064533781441,0,0.013064533781441,MONITOR,235.161608065938,235.161608065938,306.5322668907205,597.3870932437119
L,301.7,311.2,1482,43.6,154,0,0.9869354662185598,0.013064533781441,0,0.013064533781441,MONITOR,235.161608065938,235.161608065938,306.5322668907205,597.3870932437119
H,301.7,311.0,2016,19.3,180,0,0.9883384433578788,0.0116615566421217,0,0.0116615566421217,MONITOR,209.9080195581906,209.9080195581906,305.83077832106085,597.6676886715757
L,301.8,311.2,1822,26.2,204,0,0.9764910713375452,0.0235089286624555,0,0.0235089286624555,SCHEDULE,311.7544643312278,423.160715924199,311.7544643312278,595.2982142675089
L,301.7,311.1,1644,32.8,206,0,0.9725629968318978,0.0274370031681027,0,0.0274370031681027,SCHEDULE,313.71850158405135,493.8660570258486,313.71850158405135,594.5125993663795
L,301.7,311.0,1441,44.3,208,1,0.9589084501882782,0.0410915498117222,0,0.0410915498117222,SCHEDULE,320.54577490586104,739.6478966109996,320.54577490586104,591.7816900376555
L,301.5,310.9,1451,40.6,0,0,0.989092366714806,0.0109076332851944,0,0.0109076332851944,MONITOR,196.3373991334992,196.3373991334992,305.4538166425972,597.8184733429612
M,301.4,310.8,1782,26.5,6,0,0.9901685648040264,0.0098314351959742,0,0.0098314351959742,MONITOR,176.9658335275356,176.9658335275356,304.9157175979871,598.0337129608052
L,301.5,310.9,1580,32.3,11,0,0.989092366714806,0.0109076332851944,0,0.0109076332851944,MONITOR,196.3373991334992,196.3373991334992,305.4538166425972,597.8184733429612
L,301.2,310.8,1392,52.6,23,0,0.9889198736613128,0.0110801263386876,0,0.0110801263386876,MONITOR,199.4422740963768,199.4422740963768,305.5400631693438,597.7839747322624
L,301.3,310.6,1451,47.5,42,0,0.989092366714806,0.0109076332851944,0,0.0109076332851944,MONITOR,196.3373991334992,196.3373991334992,305.4538166425972,597.8184733429612
L,301.3,310.8,1560,38.5,52,0,0.989092366714806,0.0109076332851944,0,0.0109076332851944,MONITOR,196.3373991334992,196.3373991334992,305.4538166425972,597.8184733429612
M,301.3,310.8,1494,35.3,54,0,0.9905261379914096,0.0094738620085911,0,0.0094738620085911,MONITOR,170.5295161546398,170.5295161546398,304.7369310042955,598.1052275982818
L,301.3,310.8,1450,46.9,59,0,0.989092366714806,0.0109076332851944,0,0.0109076332851944,MONITOR,196.3373991334992,196.3373991334992,305.4538166425972,597.8184733429612
L,301.2,310.6,1409,50.9,66,0,0.989092366714806,0.0109076332851944,0,0.0109076332851944,MONITOR,196.3373991334992,196.3373991334992,305.4538166425972,597.8184733429612
H,301.1,310.6,1388,58.5,68,0,0.9871538814652386,0.0128461185347617,0,0.0128461185347617,MONITOR,231.2301336257106,231.2301336257106,306.42305926738084,597.4307762930476
M,301.1,310.5,1646,30.7,76,0,0.9905261379914096,0.0094738620085911,0,0.0094738620085911,MONITOR,170.5295161546398,170.5295161546398,304.7369310042955,598.1052275982818
M,301.1,310.7,1621,31.0,108,0,0.9905261379914096,0.0094738620085911,0,0.0094738620085911,MONITOR,170.5295161546398,170.5295161546398,304.7369310042955,598.1052275982818
M,301.0,310.7,1497,37.6,116,0,0.9905261379914096,0.0094738620085911,0,0.0094738620085911,MONITOR,170.5295161546398,170.5295161546398,304.7369310042955,598.1052275982818
L,301.1,310.8,1608,32.9,119,0,0.989092366714806,0.0109076332851944,0,0.0109076332851944,MONITOR,196.3373991334992,196.3373991334992,305.4538166425972,597.8184733429612
L,300.9,310.6,1350,53.8,131,0,0.9579043367436384,0.0420956632563613,0,0.0420956632563613,SCHEDULE,321.0478316281807,757.7219386145034,321.0478316281807,591.5808673487278
M,300.9,310.7,1420,43.0,133,0,0.9905261379914096,0.0094738620085911,0,0.0094738620085911,MONITOR,170.5295161546398,170.5295161546398,304.7369310042955,598.1052275982818
H,300.8,310.6,1465,44.1,136,0,0.9906059869666002,0.0093940130334001,0,0.0093940130334001,MONITOR,169.0922346012018,169.0922346012018,304.69700651670007,598.12119739332
M,301.0,310.7,1493,48.1,145,0,0.9905261379914096,0.0094738620085911,0,0.0094738620085911,MONITOR,170.5295161546398,170.5295161546398,304.7369310042955,598.1052275982818
M,301.0,310.7,1657,29.9,148,0,0.9905261379914096,0.0094738620085911,0,0.0094738620085911,MONITOR,170.5295161546398,170.5295161546398,304.7369310042955,598.1052275982818
M,300.9,310.6,1709,29.2,158,0,0.9903145343029373,0.0096854656970635,0,0.0096854656970635,MONITOR,174.338382547143,174.338382547143,304.84273284853174,598.0629068605873
M,300.9,310.7,1268,56.3,161,0,0.9576721698253532,0.0423278301746469,0,0.0423278301746469,SCHEDULE,321.16391508732346,761.9009431436442,321.16391508732346,591.5344339650707
L,301.0,310.9,1828,25.1,166,0,0.9890210185146552,0.010978981485345,0,0.010978981485345,MONITOR,197.62166673621002,197.62166673621002,305.48949074267244,597.804203702931
L,301.0,310.9,1392,52.9,173,0,0.9889198736613128,0.0110801263386876,0,0.0110801263386876,MONITOR,199.4422740963768,199.4422740963768,305.5400631693438,597.7839747322624
H,300.9,310.9,1474,35.7,175,0,0.9906545306559208,0.0093454693440798,0,0.0093454693440798,MONITOR,168.2184481934364,168.2184481934364,304.67273467203995,598.1309061311841
L,301.1,311.1,1387,53.1,188,0,0.9889198736613128,0.0110801263386876,0,0.0110801263386876,MONITOR,199.4422740963768,199.4422740963768,305.5400631693438,597.7839747322624
M,301.0,311.0,1423,38.6,199,0,0.9897842363199284,0.0102157636800723,0,0.0102157636800723,MONITOR,183.8837462413014,183.8837462413014,305.10788184003616,597.9568472639855
L,301.2,311.2,1558,34.1,204,0,0.9756663103790864,0.024333689620914,0,0.024333689620914,SCHEDULE,312.166844810457,438.006413176452,312.166844810457,595.1332620758172
M,301.1,311.2,1591,35.0,208,0,0.9704236863843562,0.0295763136156445,0,0.0295763136156445,SCHEDULE,314.78815680782225,532.373645081601,314.78815680782225,594.084737276871
M,301.1,311.3,1389,53.3,8,0,0.9903536449379164,0.0096463550620843,0,0.0096463550620843,MONITOR,173.6343911175174,173.6343911175174,304.8231775310422,598.0707289875832
M,301.1,311.3,1654,30.7,28,0,0.9905261379914096,0.0094738620085911,0,0.0094738620085911,MONITOR,170.5295161546398,170.5295161546398,304.7369310042955,598.1052275982818
M,301.1,311.2,1384,49.4,48,0,0.9903536449379164,0.0096463550620843,0,0.0096463550620843,MONITOR,173.6343911175174,173.6343911175174,304.8231775310422,598.0707289875832
L,301.1,311.3,1630,29.5,51,0,0.989092366714806,0.0109076332851944,0,0.0109076332851944,MONITOR,196.3373991334992,196.3373991334992,305.4538166425972,597.8184733429612
M,301.0,311.3,1454,41.5,57,0,0.9905261379914096,0.0094738620085911,0,0.0094738620085911,MONITOR,170.5295161546398,170.5295161546398,304.7369310042955,598.1052275982818
L,301.0,311.2,1412,42.1,64,0,0.989092366714806,0.0109076332851944,0,0.0109076332851944,MONITOR,196.3373991334992,196.3373991334992,305.4538166425972,597.8184733429612
L,301.0,311.3,1349,47.0,71,0,0.9579043367436384,0.0420956632563613,0,0.0420956632563613,SCHEDULE,321.0478316281807,757.7219386145034,321.0478316281807,591.5808673487278
H,300.8,311.2,2237,17.0,95,0,0.9905346387664496,0.0094653612335508,0,0.0094653612335508,MONITOR,170.3765022039144,170.3765022039144,304.7326806167754,598.1069277532898
L,301.0,311.4,1573,37.6,103,0,0.989092366714806,0.0109076332851944,0,0.0109076332851944,MONITOR,196.3373991334992,196.3373991334992,305.4538166425972,597.8184733429612
L,300.9,311.4,2073,21.4,105,0,0.9890210185146552,0.010978981485345,0,0.010978981485345,MONITOR,197.62166673621002,197.62166673621002,305.48949074267244,597.804203702931
L,300.8,311.2,1397,48.7,111,0,0.9888713299719925,0.0111286700280079,0,0.0111286700280079,MONITOR,200.3160605041422,200.3160605041422,305.564335014004,597.7742659943984
M,300.8,311.3,1465,43.2,113,0,0.9904775943020891,0.0095224056979115,0,0.0095224056979115,MONITOR,171.40330256240702,171.40330256240702,304.76120284895575,598.0955188604177
L,300.8,311.3,1782,26.9,116,0,0.9889724748253348,0.0110275251746654,0,0.0110275251746654,MONITOR,198.4954531439772,198.4954531439772,305.5137625873327,597.7944949650669
M,300.9,311.4,1434,45.4,118,0,0.9905261379914096,0.0094738620085911,0,0.0094738620085911,MONITOR,170.5295161546398,170.5295161546398,304.7369310042955,598.1052275982818
M,300.9,311.4,1532,41.5,126,0,0.9905261379914096,0.0094738620085911,0,0.0094738620085911,MONITOR,170.5295161546398,170.5295161546398,304.7369310042955,598.1052275982818
L,300.9,311.5,1505,41.1,129,0,0.989092366714806,0.0109076332851944,0,0.0109076332851944,MONITOR,196.3373991334992,196.3373991334992,305.4538166425972,597.8184733429612
L,301.1,311.7,1408,46.3,135,0,0.989092366714806,0.0109076332851944,0,0.0109076332851944,MONITOR,196.3373991334992,196.3373991334992,305.4538166425972,597.8184733429612
M,301.0,311.6,1454,40.0,140,0,0.9905261379914096,0.0094738620085911,0,0.0094738620085911,MONITOR,170.5295161546398,170.5295161546398,304.7369310042955,598.1052275982818
L,300.9,311.6,1671,33.5,148,0,0.9890210185146552,0.010978981485345,0,0.010978981485345,MONITOR,197.62166673621002,197.62166673621002,305.48949074267244,597.804203702931
L,301.0,311.7,1670,31.3,150,0,0.9890210185146552,0.010978981485345,0,0.010978981485345,MONITOR,197.62166673621002,197.62166673621002,305.48949074267244,597.804203702931
M,300.9,311.5,1704,31.3,159,0,0.9903145343029373,0.0096854656970635,0,0.0096854656970635,MONITOR,174.338382547143,174.338382547143,304.84273284853174,598.0629068605873
L,300.9,311.3,1449,40.2,168,0,0.989092366714806,0.0109076332851944,0,0.0109076332851944,MONITOR,196.3373991334992,196.3373991334992,305.4538166425972,597.8184733429612
L,300.8,311.2,1376,48.1,172,0,0.9617189047955766,0.0382810952044234,0,0.0382810952044234,SCHEDULE,319.1405476022117,689.0597136796213,319.1405476022117,592.3437809591154
L,300.8,311.1,1480,41.1,176,0,0.9890438230254855,0.0109561769745148,0,0.0109561769745148,MONITOR,197.21118554126642,197.21118554126642,305.4780884872574,597.808764605097
L,300.8,311.2,1481,38.5,181,0,0.9890438230254855,0.0109561769745148,0,0.0109561769745148,MONITOR,197.21118554126642,197.21118554126642,305.4780884872574,597.808764605097
M,300.9,311.3,1603,31.8,190,0,0.9901846631284522,0.0098153368715485,0,0.0098153368715485,MONITOR,176.67606368787298,176.67606368787298,304.90766843577427,598.0369326256903
L,301.0,311.4,1481,37.5,193,0,0.9887508918518486,0.0112491081481518,0,0.0112491081481518,MONITOR,202.4839466667324,202.4839466667324,305.6245540740759,597.7501783703696
L,301.0,311.5,1444,39.8,197,0,0.9887508918518486,0.0112491081481518,0,0.0112491081481518,MONITOR,202.4839466667324,202.4839466667324,305.6245540740759,597.7501783703696
L,301.2,311.7,1433,49.3,206,0,0.9718796856405014,0.0281203143594989,0,0.0281203143594989,SCHEDULE,314.06015717974947,506.1656584709802,314.06015717974947,594.3759371281002
L,301.2,311.6,1461,52.9,208,1,0.890060891276557,0.109939108723443,0,0.109939108723443,SCHEDULE,354.9695543617215,1978.9039570219738,354.9695543617215,578.0121782553114
L,301.1,311.7,1816,24.5,7,0,0.9890210185146552,0.010978981485345,0,0.010978981485345,MONITOR,197.62166673621002,197.62166673621002,305.48949074267244,597.804203702931
M,300.9,311.5,1836,21.8,12,0,0.9903145343029373,0.0096854656970635,0,0.0096854656970635,MONITOR,174.338382547143,174.338382547143,304.84273284853174,598.0629068605873
M,300.8,311.4,1521,39.9,15,0,0.9904775943020891,0.0095224056979115,0,0.0095224056979115,MONITOR,171.40330256240702,171.40330256240702,304.76120284895575,598.0955188604177
L,300.6,311.1,1471,40.7,26,0,0.9890438230254855,0.0109561769745148,0,0.0109561769745148,MONITOR,197.21118554126642,197.21118554126642,305.4780884872574,597.808764605097
H,300.6,311.1,1452,40.2,28,0,0.9906059869666002,0.0093940130334001,0,0.0093940130334001,MONITOR,169.0922346012018,169.0922346012018,304.69700651670007,598.12119739332
M,300.7,311.3,1348,53.0,35,0,0.962682822893846,0.0373171771061542,0,0.0373171771061542,SCHEDULE,318.6585885530771,671.7091879107755,318.6585885530771,592.5365645787691
L,300.7,311.2,1486,46.8,56,0,0.9890438230254855,0.0109561769745148,0,0.0109561769745148,MONITOR,197.21118554126642,197.21118554126642,305.4780884872574,597.808764605097
M,300.7,311.3,1562,37.1,58,0,0.9904775943020891,0.0095224056979115,0,0.0095224056979115,MONITOR,171.40330256240702,171.40330256240702,304.76120284895575,598.0955188604177
L,300.7,311.2,1457,51.4,61,0,0.9890438230254855,0.0109561769745148,0,0.0109561769745148,MONITOR,197.21118554126642,197.21118554126642,305.4780884872574,597.808764605097
M,300.7,311.2,1769,26.5,63,0,0.9902659906136166,0.0097340093863839,0,0.0097340093863839,MONITOR,175.2121689549102,175.2121689549102,304.867004693192,598.0531981227232
L,300.8,311.3,1462,41.4,75,0,0.9890438230254855,0.0109561769745148,0,0.0109561769745148,MONITOR,197.21118554126642,197.21118554126642,305.4780884872574,597.808764605097
L,300.7,311.2,1399,47.9,80,0,0.9888713299719925,0.0111286700280079,0,0.0111286700280079,MONITOR,200.3160605041422,200.3160605041422,305.564335014004,597.7742659943984
L,300.6,311.0,1563,40.7,87,0,0.9890438230254855,0.0109561769745148,0,0.0109561769745148,MONITOR,197.21118554126642,197.21118554126642,305.4780884872574,597.808764605097
M,300.8,311.2,1365,51.7,111,0,0.962682822893846,0.0373171771061542,0,0.0373171771061542,SCHEDULE,318.6585885530771,671.7091879107755,318.6585885530771,592.5365645787691
M,300.8,311.1,1583,32.1,116,0,0.9904775943020891,0.0095224056979115,0,0.0095224056979115,MONITOR,171.40330256240702,171.40330256240702,304.76120284895575,598.0955188604177
L,300.7,311.0,1377,49.9,124,0,0.9617189047955766,0.0382810952044234,0,0.0382810952044234,SCHEDULE,319.1405476022117,689.0597136796213,319.1405476022117,592.3437809591154
L,300.7,311.0,1462,41.9,126,0,0.9890438230254855,0.0109561769745148,0,0.0109561769745148,MONITOR,197.21118554126642,197.21118554126642,305.4780884872574,597.808764605097
L,300.7,311.1,2377,14.3,135,0,0.9882097671973364,0.011790232802664,0,0.011790232802664,MONITOR,212.22419044795203,212.22419044795203,305.895116401332,597.6419534394672
L,300.9,311.2,1353,60.4,139,0,0.952127668550626,0.0478723314493738,0,0.0478723314493738,SCHEDULE,323.93616572468693,861.7019660887283,323.93616572468693,590.4255337101253
M,300.7,311.0,1706,25.0,153,0,0.9902659906136166,0.0097340093863839,0,0.0097340093863839,MONITOR,175.2121689549102,175.2121689549102,304.867004693192,598.0531981227232
H,300.8,311.1,1698,24.8,156,0,0.9905346387664496,0.0094653612335508,0,0.0094653612335508,MONITOR,170.3765022039144,170.3765022039144,304.7326806167754,598.1069277532898
L,300.7,311.1,1688,30.7,161,0,0.9889724748253348,0.0110275251746654,0,0.0110275251746654,MONITOR,198.4954531439772,198.4954531439772,305.5137625873327,597.7944949650669
M,300.7,311.0,1740,25.6,176,0,0.9902659906136166,0.0097340093863839,0,0.0097340093863839,MONITOR,175.2121689549102,175.2121689549102,304.867004693192,598.0531981227232
M,300.6,310.6,1463,45.5,196,0,0.9901361194391316,0.0098638805608689,0,0.0098638805608689,MONITOR,177.5498500956402,177.5498500956402,304.9319402804344,598.0272238878262
L,300.5,310.6,1950,20.3,208,0,0.9638048032912028,0.0361951967087975,0,0.0361951967087975,SCHEDULE,318.0975983543987,651.513540758355,318.0975983543987,592.7609606582405
M,300.4,310.4,1544,36.3,21,0,0.9904856980298038,0.0095143019701967,0,0.0095143019701967,MONITOR,171.2574354635406,171.2574354635406,304.75715098509835,598.0971396059607
M,300.7,310.7,1377,46.7,36,0,0.966497390945784,0.0335026090542163,0,0.0335026090542163,SCHEDULE,316.7513045271081,603.0469629758934,316.7513045271081,593.2994781891567
L,300.8,310.8,1460,53.8,41,0,0.9890438230254855,0.0109561769745148,0,0.0109561769745148,MONITOR,197.21118554126642,197.21118554126642,305.4780884872574,597.808764605097
H,300.7,310.6,1631,32.6,43,0,0.9906059869666002,0.0093940130334001,0,0.0093940130334001,MONITOR,169.0922346012018,169.0922346012018,304.69700651670007,598.12119739332
L,300.7,310.5,1561,33.2,48,0,0.9890438230254855,0.0109561769745148,0,0.0109561769745148,MONITOR,197.21118554126642,197.21118554126642,305.4780884872574,597.808764605097
L,300.6,310.6,2127,18.7,53,0,0.9889724748253348,0.0110275251746654,0,0.0110275251746654,MONITOR,198.4954531439772,198.4954531439772,305.5137625873327,597.7944949650669
M,300.7,310.8,1469,46.4,75,0,0.9904775943020891,0.0095224056979115,0,0.0095224056979115,MONITOR,171.40330256240702,171.40330256240702,304.76120284895575,598.0955188604177
H,300.6,310.6,1830,26.2,78,0,0.9905346387664496,0.0094653612335508,0,0.0094653612335508,MONITOR,170.3765022039144,170.3765022039144,304.7326806167754,598.1069277532898
L,300.6,310.6,1514,39.5,87,0,0.9890438230254855,0.0109561769745148,0,0.0109561769745148,MONITOR,197.21118554126642,197.21118554126642,305.4780884872574,597.808764605097
L,300.7,310.6,1654,34.2,89,0,0.9890438230254855,0.0109561769745148,0,0.0109561769745148,MONITOR,197.21118554126642,197.21118554126642,305.4780884872574,597.808764605097
H,300.6,310.5,1519,37.0,91,0,0.9906059869666002,0.0093940130334001,0,0.0093940130334001,MONITOR,169.0922346012018,169.0922346012018,304.69700651670007,598.12119739332
L,300.6,310.5,1642,29.9,100,0,0.9890438230254855,0.0109561769745148,0,0.0109561769745148,MONITOR,197.21118554126642,197.21118554126642,305.4780884872574,597.808764605097
M,300.7,310.6,2006,19.1,102,0,0.9893163787855002,0.0106836212145004,0,0.0106836212145004,MONITOR,192.3051818610072,192.3051818610072,305.34181060725024,597.8632757570999
H,300.6,310.4,1510,42.8,124,0,0.9906059869666002,0.0093940130334001,0,0.0093940130334001,MONITOR,169.0922346012018,169.0922346012018,304.69700651670007,598.12119739332
H,300.7,310.5,1476,43.1,134,0,0.9906059869666002,0.0093940130334001,0,0.0093940130334001,MONITOR,169.0922346012018,169.0922346012018,304.69700651670007,598.12119739332
M,300.8,310.5,1409,50.6,141,0,0.9904775943020891,0.0095224056979115,0,0.0095224056979115,MONITOR,171.40330256240702,171.40330256240702,304.76120284895575,598.0955188604177
M,300.8,310.7,1386,42.1,170,0,0.990305101248596,0.0096948987514046,0,0.0096948987514046,MONITOR,174.5081775252828,174.5081775252828,304.8474493757023,598.061020249719
H,300.7,310.6,1505,40.6,179,0,0.9906059869666002,0.0093940130334001,0,0.0093940130334001,MONITOR,169.0922346012018,169.0922346012018,304.69700651670007,598.12119739332
L,300.7,310.6,1491,43.2,187,0,0.9890438230254855,0.0109561769745148,0,0.0109561769745148,MONITOR,197.21118554126642,197.21118554126642,305.4780884872574,597.808764605097
M,300.7,310.5,1594,31.0,196,0,0.9901361194391316,0.0098638805608689,0,0.0098638805608689,MONITOR,177.5498500956402,177.5498500956402,304.9319402804344,598.0272238878262
L,300.7,310.3,1458,40.0,207,0,0.9699435879252302,0.0300564120747702,0,0.0300564120747702,SCHEDULE,315.02820603738513,541.0154173458636,315.02820603738513,593.9887175850461
L,300.7,310.4,1416,61.8,209,1,0.5446289078887538,0.4553710921112461,0,0.4553710921112461,STOP,508.92578157775074,8196.67965800243,527.685546055623,508.92578157775074
L,300.6,310.2,1622,34.1,3,0,0.9890438230254855,0.0109561769745148,0,0.0109561769745148,MONITOR,197.21118554126642,197.21118554126642,305.4780884872574,597.808764605097
L,300.6,310.2,1318,51.0,8,0,0.9579043367436384,0.0420956632563613,0,0.0420956632563613,SCHEDULE,321.0478316281807,757.7219386145034,321.0478316281807,591.5808673487278
L,300.6,310.1,1485,49.9,19,0,0.9890438230254855,0.0109561769745148,0,0.0109561769745148,MONITOR,197.21118554126642,197.21118554126642,305.4780884872574,597.808764605097
L,300.6,310.2,1489,47.8,21,0,0.9890438230254855,0.0109561769745148,0,0.0109561769745148,MONITOR,197.21118554126642,197.21118554126642,305.4780884872574,597.808764605097
M,300.6,310.2,1233,52.3,23,0,0.926082168133479,0.0739178318665211,0,0.0739178318665211,SCHEDULE,336.9589159332605,1330.5209735973797,336.9589159332605,585.2164336266958
L,300.9,310.4,1536,34.2,45,0,0.989092366714806,0.0109076332851944,0,0.0109076332851944,MONITOR,196.3373991334992,196.3373991334992,305.4538166425972,597.8184733429612
L,300.9,310.5,1599,40.5,57,0,0.989092366714806,0.0109076332851944,0,0.0109076332851944,MONITOR,196.3373991334992,196.3373991334992,305.4538166425972,597.8184733429612
L,300.9,310.5,2288,16.1,85,0,0.988197530336433,0.0118024696635675,0,0.0118024696635675,MONITOR,212.444453944215,212.444453944215,305.90123483178377,597.6395060672866
M,300.8,310.3,1868,24.5,95,0,0.9804141387617648,0.0195858612382357,0,0.0195858612382357,SCHEDULE,309.7929306191179,352.54550228824263,309.7929306191179,596.082827752353
M,300.6,310.0,1542,33.9,100,0,0.9904775943020891,0.0095224056979115,0,0.0095224056979115,MONITOR,171.40330256240702,171.40330256240702,304.76120284895575,598.0955188604177
M,300.5,309.8,1410,44.4,111,0,0.9903058167127782,0.0096941832872224,0,0.0096941832872224,MONITOR,174.49529917000322,174.49529917000322,304.84709164361124,598.0611633425556
L,300.5,309.9,1443,48.3,122,0,0.9888720454361746,0.0111279545638257,0,0.0111279545638257,MONITOR,200.30318214886262,200.30318214886262,305.56397728191286,597.7744090872349
L,300.6,310.1,1495,42.3,132,0,0.9890438230254855,0.0109561769745148,0,0.0109561769745148,MONITOR,197.21118554126642,197.21118554126642,305.4780884872574,597.808764605097
M,300.4,309.8,1517,40.3,149,0,0.9903139204404928,0.0096860795595077,0,0.0096860795595077,MONITOR,174.3494320711386,174.3494320711386,304.8430397797539,598.0627840880985
L,300.3,310.1,1483,39.9,174,0,0.9890519267532002,0.0109480732468,0,0.0109480732468,MONITOR,197.06531844239998,197.06531844239998,305.47403662339997,597.81038535064
M,300.2,310.0,1664,30.7,179,0,0.9904143498296532,0.0095856501703474,0,0.0095856501703474,MONITOR,172.5417030662532,172.5417030662532,304.7928250851737,598.0828699659305
L,300.2,310.0,1486,40.1,182,0,0.9890519267532002,0.0109480732468,0,0.0109480732468,MONITOR,197.06531844239998,197.06531844239998,305.47403662339997,597.81038535064
M,300.1,310.1,1501,39.3,195,0,0.9901442231668464,0.0098557768331541,0,0.0098557768331541,MONITOR,177.4039829967738,177.4039829967738,304.92788841657705,598.0288446333691
L,300.2,310.1,1392,47.9,201,0,0.985088255192612,0.0149117448073882,0,0.0149117448073882,MONITOR,268.4114065329876,268.4114065329876,307.4558724036941,597.0176510385223
M,300.3,310.2,1429,44.7,203,0,0.976305731715982,0.0236942682840189,0,0.0236942682840189,SCHEDULE,311.84713414200945,426.4968291123402,311.84713414200945,595.2611463431962
L,300.3,310.2,1492,52.3,2,0,0.9890519267532002,0.0109480732468,0,0.0109480732468,MONITOR,197.06531844239998,197.06531844239998,305.47403662339997,597.81038535064
M,300.3,310.2,1442,39.5,4,0,0.9904856980298038,0.0095143019701967,0,0.0095143019701967,MONITOR,171.2574354635406,171.2574354635406,304.75715098509835,598.0971396059607
M,300.1,310.1,1402,46.6,10,0,0.9903132049763106,0.0096867950236899,0,0.0096867950236899,MONITOR,174.36231042641822,174.36231042641822,304.843397511845,598.0626409952621
L,300.1,310.1,1569,43.5,17,0,0.9890519267532002,0.0109480732468,0,0.0109480732468,MONITOR,197.06531844239998,197.06531844239998,305.47403662339997,597.81038535064
L,300.2,310.2,1415,49.6,21,0,0.9890519267532002,0.0109480732468,0,0.0109480732468,MONITOR,197.06531844239998,197.06531844239998,305.47403662339997,597.81038535064
L,300.2,310.2,1600,31.5,23,0,0.9890519267532002,0.0109480732468,0,0.0109480732468,MONITOR,197.06531844239998,197.06531844239998,305.47403662339997,597.81038535064
L,300.3,310.4,1672,29.2,39,0,0.9889805785530495,0.0110194214469507,0,0.0110194214469507,MONITOR,198.3495860451126,198.3495860451126,305.5097107234754,597.7961157106099
M,300.2,310.2,1429,43.8,54,0,0.9904856980298038,0.0095143019701967,0,0.0095143019701967,MONITOR,171.2574354635406,171.2574354635406,304.75715098509835,598.0971396059607
L,300.0,310.0,1486,41.8,69,0,0.9890519267532002,0.0109480732468,0,0.0109480732468,MONITOR,197.06531844239998,197.06531844239998,305.47403662339997,597.81038535064
M,299.8,309.6,1434,48.0,82,0,0.9907709028547588,0.0092290971452419,0,0.0092290971452419,MONITOR,166.1237486143542,166.1237486143542,304.61454857262095,598.1541805709517
L,299.8,309.7,1483,39.6,87,0,0.9893371315781552,0.0106628684218452,0,0.0106628684218452,MONITOR,191.9316315932136,191.9316315932136,305.33143421092257,597.867426315631
M,299.7,309.6,1540,34.4,91,0,0.9907709028547588,0.0092290971452419,0,0.0092290971452419,MONITOR,166.1237486143542,166.1237486143542,304.61454857262095,598.1541805709517
L,299.8,309.7,1707,29.1,94,0,0.9892657833780044,0.0107342166219959,0,0.0107342166219959,MONITOR,193.2158991959262,193.2158991959262,305.367108310998,597.8531566756009
M,299.8,309.7,1705,28.5,103,0,0.9905592991662862,0.0094407008337144,0,0.0094407008337144,MONITOR,169.93261500685918,169.93261500685918,304.72035041685723,598.1118598332571
M,299.8,309.8,1427,45.2,106,0,0.9903139204404928,0.0096860795595077,0,0.0096860795595077,MONITOR,174.3494320711386,174.3494320711386,304.8430397797539,598.0627840880985
M,299.9,309.8,1625,41.2,109,0,0.9903139204404928,0.0096860795595077,0,0.0096860795595077,MONITOR,174.3494320711386,174.3494320711386,304.8430397797539,598.0627840880985
H,299.7,309.6,1433,49.6,129,0,0.990897447363729,0.0091025526362714,0,0.0091025526362714,MONITOR,163.8459474528852,163.8459474528852,304.55127631813576,598.1794894727458
M,299.8,309.7,1320,61.7,134,0,0.9294230062946708,0.0705769937053295,0,0.0705769937053295,SCHEDULE,335.28849685266476,1270.3858866959308,335.28849685266476,585.8846012589341
L,299.8,309.6,1598,31.0,139,0,0.9893371315781552,0.0106628684218452,0,0.0106628684218452,MONITOR,191.9316315932136,191.9316315932136,305.33143421092257,597.867426315631
M,299.8,309.7,1910,21.8,141,0,0.990378865270254,0.0096211347297464,0,0.0096211347297464,MONITOR,173.1804251354352,173.1804251354352,304.81056736487324,598.0757730540507
L,299.7,309.6,1399,51.3,144,0,0.9891646385246616,0.0108353614753384,0,0.0108353614753384,MONITOR,195.0365065560912,195.0365065560912,305.41768073766923,597.8329277049323
L,299.7,309.6,1720,27.1,146,0,0.9892657833780044,0.0107342166219959,0,0.0107342166219959,MONITOR,193.2158991959262,193.2158991959262,305.367108310998,597.8531566756009
L,299.8,309.8,1749,33.4,153,0,0.9888088009637386,0.0111911990362616,0,0.0111911990362616,MONITOR,201.4415826527088,201.4415826527088,305.5955995181308,597.7617601927477
L,299.8,310.1,1553,42.0,177,0,0.9890519267532002,0.0109480732468,0,0.0109480732468,MONITOR,197.06531844239998,197.06531844239998,305.47403662339997,597.81038535064
H,299.9,310.1,1447,51.4,185,0,0.9906140906943148,0.0093859093056854,0,0.0093859093056854,MONITOR,168.9463675023372,168.9463675023372,304.6929546528427,598.122818138863
L,300.0,310.2,1760,26.9,193,0,0.9886391036900922,0.0113608963099081,0,0.0113608963099081,MONITOR,204.4961335783458,204.4961335783458,305.68044815495404,597.7278207380184
L,299.9,310.1,1681,29.1,197,0,0.9886391036900922,0.0113608963099081,0,0.0113608963099081,MONITOR,204.4961335783458,204.4961335783458,305.68044815495404,597.7278207380184
M,300.1,310.2,1429,42.0,206,0,0.9721532533188604,0.0278467466811403,0,0.0278467466811403,SCHEDULE,313.92337334057015,501.2414402605254,313.92337334057015,594.430650663772
M,300.2,310.3,1448,40.1,209,0,0.970631552951446,0.0293684470485546,0,0.0293684470485546,SCHEDULE,314.6842235242773,528.6320468739829,314.6842235242773,594.126310590289
L,300.3,310.4,1493,37.5,219,0,0.93513989119468,0.0648601088053203,0,0.0648601088053203,SCHEDULE,332.4300544026601,1167.4819584957654,332.4300544026601,587.0279782389359
M,300.2,310.3,1704,29.4,221,0,0.9484121628153176,0.051587837184683,0,0.051587837184683,SCHEDULE,325.7939185923415,928.581069324294,325.7939185923415,589.6824325630635
M,300.4,310.5,1500,43.0,9,0,0.9904856980298038,0.0095143019701967,0,0.0095143019701967,MONITOR,171.2574354635406,171.2574354635406,304.75715098509835,598.0971396059607
L,300.4,310.5,2424,14.5,12,0,0.9882178709250512,0.0117821290749492,0,0.0117821290749492,MONITOR,212.0783233490856,212.0783233490856,305.89106453747456,597.6435741850102
M,300.4,310.5,1540,33.4,32,0,0.9904856980298038,0.0095143019701967,0,0.0095143019701967,MONITOR,171.2574354635406,171.2574354635406,304.75715098509835,598.0971396059607
L,300.2,310.4,1808,25.8,35,0,0.9889805785530495,0.0110194214469507,0,0.0110194214469507,MONITOR,198.3495860451126,198.3495860451126,305.5097107234754,597.7961157106099
L,300.2,310.3,1202,59.5,40,0,0.8263870434390751,0.1736129565609248,0,0.1736129565609248,SCHEDULE,386.80647828046244,3125.033218096646,386.80647828046244,565.2774086878151
H,300.0,310.1,1714,28.7,55,0,0.9905427424941642,0.009457257505836,0,0.009457257505836,MONITOR,170.230635105048,170.230635105048,304.728628752918,598.1085484988328
L,300.0,310.2,1675,29.7,64,0,0.9889805785530495,0.0110194214469507,0,0.0110194214469507,MONITOR,198.3495860451126,198.3495860451126,305.5097107234754,597.7961157106099
L,300.0,310.2,1486,36.4,66,0,0.9890519267532002,0.0109480732468,0,0.0109480732468,MONITOR,197.06531844239998,197.06531844239998,305.47403662339997,597.81038535064
M,300.1,310.4,1480,37.1,77,0,0.9904856980298038,0.0095143019701967,0,0.0095143019701967,MONITOR,171.2574354635406,171.2574354635406,304.75715098509835,598.0971396059607
M,300.1,310.4,1556,38.1,92,0,0.9904856980298038,0.0095143019701967,0,0.0095143019701967,MONITOR,171.2574354635406,171.2574354635406,304.75715098509835,598.0971396059607
L,300.1,310.5,1532,36.0,109,0,0.9890519267532002,0.0109480732468,0,0.0109480732468,MONITOR,197.06531844239998,197.06531844239998,305.47403662339997,597.81038535064
L,300.1,310.5,1494,44.2,117,0,0.9890519267532002,0.0109480732468,0,0.0109480732468,MONITOR,197.06531844239998,197.06531844239998,305.47403662339997,597.81038535064
L,300.1,310.6,1374,45.4,119,0,0.9579043367436384,0.0420956632563613,0,0.0420956632563613,SCHEDULE,321.0478316281807,757.7219386145034,321.0478316281807,591.5808673487278
M,300.0,310.4,1385,52.1,128,0,0.9900839708878532,0.0099160291121473,0,0.0099160291121473,MONITOR,178.4885240186514,178.4885240186514,304.95801455607364,598.0167941775705
L,300.0,310.4,1505,44.9,133,0,0.9890519267532002,0.0109480732468,0,0.0109480732468,MONITOR,197.06531844239998,197.06531844239998,305.47403662339997,597.81038535064
H,300.0,310.5,1558,36.7,137,0,0.9906140906943148,0.0093859093056854,0,0.0093859093056854,MONITOR,168.9463675023372,168.9463675023372,304.6929546528427,598.122818138863
L,299.9,310.3,1638,29.1,152,0,0.9890519267532002,0.0109480732468,0,0.0109480732468,MONITOR,197.06531844239998,197.06531844239998,305.47403662339997,597.81038535064
H,299.9,310.3,1535,43.9,154,0,0.9906140906943148,0.0093859093056854,0,0.0093859093056854,MONITOR,168.9463675023372,168.9463675023372,304.6929546528427,598.122818138863
L,299.8,310.2,1911,23.5,166,0,0.9889805785530495,0.0110194214469507,0,0.0110194214469507,MONITOR,198.3495860451126,198.3495860451126,305.5097107234754,597.7961157106099
H,299.8,310.2,1573,33.3,168,0,0.9906140906943148,0.0093859093056854,0,0.0093859093056854,MONITOR,168.9463675023372,168.9463675023372,304.6929546528427,598.122818138863
L,299.9,310.4,1419,45.7,178,0,0.9890519267532002,0.0109480732468,0,0.0109480732468,MONITOR,197.06531844239998,197.06531844239998,305.47403662339997,597.81038535064
M,299.8,310.3,1805,23.7,198,0,0.989932619478374,0.0100673805216266,0,0.0100673805216266,MONITOR,181.2128493892788,181.2128493892788,305.03369026081333,597.9865238956747
L,299.8,310.5,1496,38.8,215,0,0.9529502088121368,0.0470497911878634,0,0.0470497911878634,SCHEDULE,323.5248955939317,846.8962413815411,323.5248955939317,590.5900417624273
L,299.7,310.3,1386,46.6,2,0,0.988879433699707,0.0111205663002932,0,0.0111205663002932,MONITOR,200.17019340527762,200.17019340527762,305.56028315014663,597.7758867399414
M,299.7,310.3,1661,34.5,6,0,0.9904856980298038,0.0095143019701967,0,0.0095143019701967,MONITOR,171.2574354635406,171.2574354635406,304.75715098509835,598.0971396059607
L,299.6,310.2,1468,48.0,9,0,0.9890519267532002,0.0109480732468,0,0.0109480732468,MONITOR,197.06531844239998,197.06531844239998,305.47403662339997,597.81038535064
L,299.7,310.2,1469,39.5,26,0,0.9890519267532002,0.0109480732468,0,0.0109480732468,MONITOR,197.06531844239998,197.06531844239998,305.47403662339997,597.81038535064
M,299.7,310.2,1440,42.8,30,0,0.9904856980298038,0.0095143019701967,0,0.0095143019701967,MONITOR,171.2574354635406,171.2574354635406,304.75715098509835,598.0971396059607
L,299.6,310.2,1588,34.1,38,0,0.9890519267532002,0.0109480732468,0,0.0109480732468,MONITOR,197.06531844239998,197.06531844239998,305.47403662339997,597.81038535064
L,299.6,310.2,1333,51.2,40,0,0.9579043367436384,0.0420956632563613,0,0.0420956632563613,SCHEDULE,321.0478316281807,757.7219386145034,321.0478316281807,591.5808673487278
L,299.5,310.1,1585,35.2,50,0,0.9890519267532002,0.0109480732468,0,0.0109480732468,MONITOR,197.06531844239998,197.06531844239998,305.47403662339997,597.81038535064
L,299.5,310.0,1502,38.5,52,0,0.9890519267532002,0.0109480732468,0,0.0109480732468,MONITOR,197.06531844239998,197.06531844239998,305.47403662339997,597.81038535064
L,299.5,310.0,1594,35.1,54,0,0.9890519267532002,0.0109480732468,0,0.0109480732468,MONITOR,197.06531844239998,197.06531844239998,305.47403662339997,597.81038535064
L,299.5,309.9,1402,51.7,58,0,0.988707656110396,0.0112923438896042,0,0.0112923438896042,MONITOR,203.26219001287558,203.26219001287558,305.6461719448021,597.7415312220792
H,299.6,310.1,1531,36.8,62,0,0.9906140906943148,0.0093859093056854,0,0.0093859093056854,MONITOR,168.9463675023372,168.9463675023372,304.6929546528427,598.122818138863
M,299.6,310.2,1620,30.0,70,0,0.9904856980298038,0.0095143019701967,0,0.0095143019701967,MONITOR,171.2574354635406,171.2574354635406,304.75715098509835,598.0971396059607
L,299.6,310.2,1512,44.0,79,0,0.9890519267532002,0.0109480732468,0,0.0109480732468,MONITOR,197.06531844239998,197.06531844239998,305.47403662339997,597.81038535064
L,299.6,310.2,1473,42.7,81,0,0.9890519267532002,0.0109480732468,0,0.0109480732468,MONITOR,197.06531844239998,197.06531844239998,305.47403662339997,597.81038535064
L,299.5,310.0,1379,50.4,85,0,0.963193857208116,0.036806142791884,0,0.036806142791884,SCHEDULE,318.403071395942,662.5105702539121,318.403071395942,592.6387714416232
M,299.4,309.9,1567,40.6,87,0,0.9903139204404928,0.0096860795595077,0,0.0096860795595077,MONITOR,174.3494320711386,174.3494320711386,304.8430397797539,598.0627840880985
L,299.5,310.0,1481,43.1,90,0,0.9890519267532002,0.0109480732468,0,0.0109480732468,MONITOR,197.06531844239998,197.06531844239998,305.47403662339997,597.81038535064
L,299.5,310.0,1388,52.4,94,0,0.988879433699707,0.0111205663002932,0,0.0111205663002932,MONITOR,200.17019340527762,200.17019340527762,305.56028315014663,597.7758867399414
L,299.8,310.4,1698,28.3,103,0,0.9889805785530495,0.0110194214469507,0,0.0110194214469507,MONITOR,198.3495860451126,198.3495860451126,305.5097107234754,597.7961157106099
M,299.7,310.5,1490,41.2,126,0,0.9904856980298038,0.0095143019701967,0,0.0095143019701967,MONITOR,171.2574354635406,171.2574354635406,304.75715098509835,598.0971396059607
L,299.7,310.6,1675,31.3,129,0,0.9889805785530495,0.0110194214469507,0,0.0110194214469507,MONITOR,198.3495860451126,198.3495860451126,305.5097107234754,597.7961157106099
L,299.7,310.6,1616,35.1,142,0,0.9890519267532002,0.0109480732468,0,0.0109480732468,MONITOR,197.06531844239998,197.06531844239998,305.47403662339997,597.81038535064
L,299.8,310.8,1409,51.9,154,0,0.9890519267532002,0.0109480732468,0,0.0109480732468,MONITOR,197.06531844239998,197.06531844239998,305.47403662339997,597.81038535064
L,299.9,311.0,1747,27.6,177,0,0.9889805785530495,0.0110194214469507,0,0.0110194214469507,MONITOR,198.3495860451126,198.3495860451126,305.5097107234754,597.7961157106099
L,300.0,311.0,1637,33.6,181,0,0.9890519267532002,0.0109480732468,0,0.0109480732468,MONITOR,197.06531844239998,197.06531844239998,305.47403662339997,597.81038535064
L,300.1,311.1,1619,33.4,186,0,0.9890519267532002,0.0109480732468,0,0.0109480732468,MONITOR,197.06531844239998,197.06531844239998,305.47403662339997,597.81038535064
M,300.1,311.3,1495,41.0,193,0,0.9901442231668464,0.0098557768331541,0,0.0098557768331541,MONITOR,177.4039829967738,177.4039829967738,304.92788841657705,598.0288446333691
L,300.1,311.4,1572,36.2,199,0,0.9883100250817192,0.0116899749182812,0,0.0116899749182812,MONITOR,210.4195485290616,210.4195485290616,305.8449874591406,597.6620050163438
L,300.0,311.2,1351,44.1,206,0,0.92763175341805,0.0723682465819502,0,0.0723682465819502,SCHEDULE,336.1841232909751,1302.6284384751034,336.1841232909751,585.52635068361
M,300.0,311.4,1791,24.1,213,0,0.9641262210004016,0.0358737789995989,0,0.0358737789995989,SCHEDULE,317.93688949979946,645.7280219927802,317.93688949979946,592.8252442000803
L,300.0,311.4,1634,31.9,0,0,0.9890519267532002,0.0109480732468,0,0.0109480732468,MONITOR,197.06531844239998,197.06531844239998,305.47403662339997,597.81038535064
L,300.0,311.4,1590,33.6,5,0,0.9890519267532002,0.0109480732468,0,0.0109480732468,MONITOR,197.06531844239998,197.06531844239998,305.47403662339997,597.81038535064
M,300.0,311.4,1384,46.1,7,0,0.9900839708878532,0.0099160291121473,0,0.0099160291121473,MONITOR,178.4885240186514,178.4885240186514,304.95801455607364,598.0167941775705
M,300.1,311.4,1913,21.9,15,0,0.9904222424894794,0.009577757510521,0,0.009577757510521,MONITOR,172.399635189378,172.399635189378,304.78887875526044,598.0844484978958
M,300.3,311.9,1677,30.8,48,0,0.990510503675807,0.0094894963241935,0,0.0094894963241935,MONITOR,170.810933835483,170.810933835483,304.74474816209676,598.1021007351613
L,300.3,311.8,1451,41.0,55,0,0.9890519267532002,0.0109480732468,0,0.0109480732468,MONITOR,197.06531844239998,197.06531844239998,305.47403662339997,597.81038535064
H,300.3,311.7,1432,47.7,61,0,0.9905523622992533,0.0094476377007471,0,0.0094476377007471,MONITOR,170.05747861344778,170.05747861344778,304.72381885037356,598.1104724598506
L,300.2,311.6,1446,47.3,66,0,0.9890519267532002,0.0109480732468,0,0.0109480732468,MONITOR,197.06531844239998,197.06531844239998,305.47403662339997,597.81038535064
L,300.1,311.6,1530,36.6,74,0,0.9890519267532002,0.0109480732468,0,0.0109480732468,MONITOR,197.06531844239998,197.06531844239998,305.47403662339997,597.81038535064
M,300.1,311.6,1433,51.4,76,0,0.9904856980298038,0.0095143019701967,0,0.0095143019701967,MONITOR,171.2574354635406,171.2574354635406,304.75715098509835,598.0971396059607
L,300.0,311.3,1703,30.4,85,0,0.9889805785530495,0.0110194214469507,0,0.0110194214469507,MONITOR,198.3495860451126,198.3495860451126,305.5097107234754,597.7961157106099
L,300.1,311.3,1535,42.3,92,0,0.9890519267532002,0.0109480732468,0,0.0109480732468,MONITOR,197.06531844239998,197.06531844239998,305.47403662339997,597.81038535064
M,300.1,311.4,1390,52.1,94,0,0.9903132049763106,0.0096867950236899,0,0.0096867950236899,MONITOR,174.36231042641822,174.36231042641822,304.843397511845,598.0626409952621
H,300.3,311.6,1801,23.6,97,0,0.9905427424941642,0.009457257505836,0,0.009457257505836,MONITOR,170.230635105048,170.230635105048,304.728628752918,598.1085484988328
L,300.4,311.6,1332,54.6,111,0,0.9579043367436384,0.0420956632563613,0,0.0420956632563613,SCHEDULE,321.0478316281807,757.7219386145034,321.0478316281807,591.5808673487278
L,300.3,311.7,1365,53.3,113,0,0.9579043367436384,0.0420956632563613,0,0.0420956632563613,SCHEDULE,321.0478316281807,757.7219386145034,321.0478316281807,591.5808673487278
M,300.1,311.3,1518,40.2,130,0,0.9904856980298038,0.0095143019701967,0,0.0095143019701967,MONITOR,171.2574354635406,171.2574354635406,304.75715098509835,598.0971396059607
M,300.1,311.3,1523,34.1,135,0,0.9904856980298038,0.0095143019701967,0,0.0095143019701967,MONITOR,171.2574354635406,171.2574354635406,304.75715098509835,598.0971396059607
H,300.2,311.4,1506,36.1,141,0,0.9906140906943148,0.0093859093056854,0,0.0093859093056854,MONITOR,168.9463675023372,168.9463675023372,304.6929546528427,598.122818138863
L,300.3,311.7,1635,31.8,156,0,0.9890519267532002,0.0109480732468,0,0.0109480732468,MONITOR,197.06531844239998,197.06531844239998,305.47403662339997,597.81038535064
L,300.3,311.7,1707,33.6,158,0,0.9889805785530495,0.0110194214469507,0,0.0110194214469507,MONITOR,198.3495860451126,198.3495860451126,305.5097107234754,597.7961157106099
H,300.3,311.7,1655,29.9,193,0,0.9902726158313576,0.0097273841686428,0,0.0097273841686428,MONITOR,175.0929150355704,175.0929150355704,304.8636920843214,598.0545231662715
L,300.5,311.9,1511,41.8,205,0,0.9750989331435926,0.0249010668564078,0,0.0249010668564078,SCHEDULE,312.4505334282039,448.21920341534036,312.4505334282039,595.0197866287184
M,300.4,311.9,1335,58.3,9,0,0.9613977103530224,0.0386022896469778,0,0.0386022896469778,SCHEDULE,319.3011448234889,694.8412136456004,319.3011448234889,592.2795420706044
L,300.3,311.7,1445,47.3,15,0,0.9890519267532002,0.0109480732468,0,0.0109480732468,MONITOR,197.06531844239998,197.06531844239998,305.47403662339997,597.81038535064
L,300.2,311.6,1999,21.0,19,0,0.9889805785530495,0.0110194214469507,0,0.0110194214469507,MONITOR,198.3495860451126,198.3495860451126,305.5097107234754,597.7961157106099
L,300.2,311.6,1529,35.5,21,0,0.9890519267532002,0.0109480732468,0,0.0109480732468,MONITOR,197.06531844239998,197.06531844239998,305.47403662339997,597.81038535064
M,300.1,311.5,1343,46.2,28,0,0.962682822893846,0.0373171771061542,0,0.0373171771061542,SCHEDULE,318.6585885530771,671.7091879107755,318.6585885530771,592.5365645787691
L,300.1,311.3,1470,45.2,40,0,0.9890519267532002,0.0109480732468,0,0.0109480732468,MONITOR,197.06531844239998,197.06531844239998,305.47403662339997,597.81038535064
L,300.0,311.2,1418,47.3,60,0,0.9890519267532002,0.0109480732468,0,0.0109480732468,MONITOR,197.06531844239998,197.06531844239998,305.47403662339997,597.81038535064
M,300.3,311.5,1528,40.9,76,0,0.9904856980298038,0.0095143019701967,0,0.0095143019701967,MONITOR,171.2574354635406,171.2574354635406,304.75715098509835,598.0971396059607
L,300.2,311.4,1891,22.6,86,0,0.9889805785530495,0.0110194214469507,0,0.0110194214469507,MONITOR,198.3495860451126,198.3495860451126,305.5097107234754,597.7961157106099
L,300.2,311.4,1495,43.6,95,0,0.9890519267532002,0.0109480732468,0,0.0109480732468,MONITOR,197.06531844239998,197.06531844239998,305.47403662339997,597.81038535064
M,300.2,311.3,1491,37.3,102,0,0.9904856980298038,0.0095143019701967,0,0.0095143019701967,MONITOR,171.2574354635406,171.2574354635406,304.75715098509835,598.0971396059607
L,300.3,311.3,1332,60.5,112,0,0.952127668550626,0.0478723314493738,0,0.0478723314493738,SCHEDULE,323.93616572468693,861.7019660887283,323.93616572468693,590.4255337101253
L,300.3,311.1,1388,49.4,128,0,0.988879433699707,0.0111205663002932,0,0.0111205663002932,MONITOR,200.17019340527762,200.17019340527762,305.56028315014663,597.7758867399414
M,300.3,311.1,1350,58.7,130,0,0.9615866186669306,0.0384133813330695,0,0.0384133813330695,SCHEDULE,319.2066906665347,691.440863995251,319.2066906665347,592.317323733386
M,300.4,311.2,1831,23.4,133,0,0.9902740943413312,0.0097259056586691,0,0.0097259056586691,MONITOR,175.0663018560438,175.0663018560438,304.8629528293345,598.0548188682661
L,300.2,311.0,1627,33.7,147,0,0.9890519267532002,0.0109480732468,0,0.0109480732468,MONITOR,197.06531844239998,197.06531844239998,305.47403662339997,597.81038535064
L,300.2,311.0,1255,71.8,149,1,0.01,0.99,1,0.99,STOP,402.0,17820.0,795.0,402.0
H,300.2,311.0,1777,27.5,151,0,0.9905427424941642,0.009457257505836,0,0.009457257505836,MONITOR,170.230635105048,170.230635105048,304.728628752918,598.1085484988328
L,300.4,311.1,1487,37.4,162,0,0.9890519267532002,0.0109480732468,0,0.0109480732468,MONITOR,197.06531844239998,197.06531844239998,305.47403662339997,597.81038535064
M,300.3,311.1,1477,44.2,166,0,0.9904856980298038,0.0095143019701967,0,0.0095143019701967,MONITOR,171.2574354635406,171.2574354635406,304.75715098509835,598.0971396059607
L,300.4,311.2,1436,56.8,173,0,0.988746231208336,0.0112537687916642,0,0.0112537687916642,MONITOR,202.5678382499556,202.5678382499556,305.62688439583206,597.7492462416672
L,300.3,311.1,1480,46.6,185,0,0.9890519267532002,0.0109480732468,0,0.0109480732468,MONITOR,197.06531844239998,197.06531844239998,305.47403662339997,597.81038535064
L,300.4,311.1,1397,50.8,189,0,0.9885379588367496,0.0114620411632506,0,0.0114620411632506,MONITOR,206.3167409385108,206.3167409385108,305.73102058162533,597.70759176735
L,300.4,311.1,1405,54.1,193,0,0.9887104518902428,0.0112895481097574,0,0.0112895481097574,MONITOR,203.21186597563317,203.21186597563317,305.6447740548787,597.7420903780485
L,300.4,311.1,2013,20.1,195,0,0.9886391036900922,0.0113608963099081,0,0.0113608963099081,MONITOR,204.4961335783458,204.4961335783458,305.68044815495404,597.7278207380184
L,300.4,311.3,1639,34.6,24,0,0.9890519267532002,0.0109480732468,0,0.0109480732468,MONITOR,197.06531844239998,197.06531844239998,305.47403662339997,597.81038535064
M,300.4,311.3,1350,56.5,31,0,0.9615866186669306,0.0384133813330695,0,0.0384133813330695,SCHEDULE,319.2066906665347,691.440863995251,319.2066906665347,592.317323733386
L,300.5,311.4,1642,27.1,37,0,0.9890438230254855,0.0109561769745148,0,0.0109561769745148,MONITOR,197.21118554126642,197.21118554126642,305.4780884872574,597.808764605097
L,300.5,311.3,1490,41.8,39,0,0.9890438230254855,0.0109561769745148,0,0.0109561769745148,MONITOR,197.21118554126642,197.21118554126642,305.4780884872574,597.808764605097
L,300.5,311.3,1475,46.3,49,0,0.9890438230254855,0.0109561769745148,0,0.0109561769745148,MONITOR,197.21118554126642,197.21118554126642,305.4780884872574,597.808764605097
L,300.5,311.4,1442,47.0,53,0,0.9890438230254855,0.0109561769745148,0,0.0109561769745148,MONITOR,197.21118554126642,197.21118554126642,305.4780884872574,597.808764605097
L,300.5,311.4,1556,45.3,58,0,0.9890438230254855,0.0109561769745148,0,0.0109561769745148,MONITOR,197.21118554126642,197.21118554126642,305.4780884872574,597.808764605097
M,300.5,311.4,1312,51.4,60,0,0.9612656057143508,0.0387343942856494,0,0.0387343942856494,SCHEDULE,319.36719714282475,697.2190971416892,319.36719714282475,592.2531211428702
M,300.6,311.6,1473,31.5,69,0,0.9904775943020891,0.0095224056979115,0,0.0095224056979115,MONITOR,171.40330256240702,171.40330256240702,304.76120284895575,598.0955188604177
L,300.6,311.7,1507,45.5,74,0,0.9890438230254855,0.0109561769745148,0,0.0109561769745148,MONITOR,197.21118554126642,197.21118554126642,305.4780884872574,597.808764605097
H,300.5,311.6,1351,53.5,78,0,0.9613240452128692,0.0386759547871307,0,0.0386759547871307,SCHEDULE,319.3379773935653,696.1671861683526,319.3379773935653,592.2648090425738
L,300.5,311.6,1534,37.7,90,0,0.9890438230254855,0.0109561769745148,0,0.0109561769745148,MONITOR,197.21118554126642,197.21118554126642,305.4780884872574,597.808764605097
L,300.4,311.5,1441,44.6,96,0,0.9890519267532002,0.0109480732468,0,0.0109480732468,MONITOR,197.06531844239998,197.06531844239998,305.47403662339997,597.81038535064
H,300.4,311.4,1445,52.4,105,0,0.9906140906943148,0.0093859093056854,0,0.0093859093056854,MONITOR,168.9463675023372,168.9463675023372,304.6929546528427,598.122818138863
L,300.5,311.5,1661,35.9,110,0,0.9890438230254855,0.0109561769745148,0,0.0109561769745148,MONITOR,197.21118554126642,197.21118554126642,305.4780884872574,597.808764605097
L,300.4,311.4,1936,23.9,131,0,0.9889805785530495,0.0110194214469507,0,0.0110194214469507,MONITOR,198.3495860451126,198.3495860451126,305.5097107234754,597.7961157106099
L,300.4,311.4,1552,28.8,135,0,0.9890519267532002,0.0109480732468,0,0.0109480732468,MONITOR,197.06531844239998,197.06531844239998,305.47403662339997,597.81038535064
L,300.3,311.4,1343,57.7,142,0,0.9575986411987744,0.0424013588012255,0,0.0424013588012255,SCHEDULE,321.2006794006127,763.224458422059,321.2006794006127,591.5197282397548
L,300.3,311.4,1346,51.1,147,0,0.9579043367436384,0.0420956632563613,0,0.0420956632563613,SCHEDULE,321.0478316281807,757.7219386145034,321.0478316281807,591.5808673487278
M,300.4,311.6,1359,55.4,160,0,0.9615866186669306,0.0384133813330695,0,0.0384133813330695,SCHEDULE,319.2066906665347,691.440863995251,319.2066906665347,592.317323733386
M,300.5,311.6,1246,52.9,165,0,0.9499356607721224,0.0500643392278775,0,0.0500643392278775,SCHEDULE,325.0321696139388,901.158106101795,325.0321696139388,589.9871321544246
M,300.5,311.6,1658,30.4,170,0,0.9904775943020891,0.0095224056979115,0,0.0095224056979115,MONITOR,171.40330256240702,171.40330256240702,304.76120284895575,598.0955188604177
L,300.5,311.6,1385,54.8,173,0,0.988642095883535,0.0113579041164653,0,0.0113579041164653,MONITOR,204.4422740963754,204.4422740963754,305.67895205823265,597.7284191767069
M,300.6,311.7,1424,50.8,182,0,0.9904775943020891,0.0095224056979115,0,0.0095224056979115,MONITOR,171.40330256240702,171.40330256240702,304.76120284895575,598.0955188604177
L,300.7,311.8,1336,58.4,189,1,0.9572571663358168,0.0427428336641829,0,0.0427428336641829,SCHEDULE,321.3714168320914,769.3710059552922,321.3714168320914,591.4514332671635
L,300.5,311.6,1525,37.6,191,0,0.9887023481625282,0.0112976518374722,0,0.0112976518374722,MONITOR,203.3577330744996,203.3577330744996,305.64882591873607,597.7404696325056
M,300.5,311.6,1456,51.1,193,0,0.9901361194391316,0.0098638805608689,0,0.0098638805608689,MONITOR,177.5498500956402,177.5498500956402,304.9319402804344,598.0272238878262
M,300.5,311.7,2141,17.2,196,0,0.9889749039225428,0.0110250960774578,0,0.0110250960774578,MONITOR,198.4517293942404,198.4517293942404,305.5125480387289,597.7949807845084
M,300.5,311.6,1476,39.1,199,0,0.989735692630608,0.0102643073693927,0,0.0102643073693927,MONITOR,184.75753264906862,184.75753264906862,305.13215368469633,597.9471385261214
L,300.5,311.6,1509,47.2,202,0,0.981200726036312,0.0187992739636885,0,0.0187992739636885,SCHEDULE,309.39963698184425,338.386931346393,309.39963698184425,596.2401452072623
L,300.5,311.6,1447,45.4,204,0,0.9759836203483024,0.0240163796516978,0,0.0240163796516978,SCHEDULE,312.00818982584894,432.2948337305604,312.00818982584894,595.1967240696605
L,300.6,311.7,1428,52.6,208,0,0.9027229702978592,0.0972770297021406,0,0.0972770297021406,SCHEDULE,348.63851485107034,1750.9865346385307,348.63851485107034,580.544594059572
M,300.7,311.8,1407,42.4,224,0,0.9488289992636796,0.0511710007363206,0,0.0511710007363206,SCHEDULE,325.5855003681603,921.0780132537709,325.5855003681603,589.7657998527359
M,300.7,311.7,2097,18.9,232,1,0.7975174509258727,0.2024825490741275,0,0.2024825490741275,SCHEDULE,401.24127453706376,3644.685883334295,401.24127453706376,559.5034901851744
M,300.5,311.5,1370,56.1,7,0,0.9584547505350623,0.0415452494649376,0,0.0415452494649376,SCHEDULE,320.7726247324688,747.8144903688768,320.7726247324688,591.6909501070124
H,300.5,311.6,1506,36.2,10,0,0.9906059869666002,0.0093940130334001,0,0.0093940130334001,MONITOR,169.0922346012018,169.0922346012018,304.69700651670007,598.12119739332
L,300.6,311.7,1488,47.7,22,0,0.9890438230254855,0.0109561769745148,0,0.0109561769745148,MONITOR,197.21118554126642,197.21118554126642,305.4780884872574,597.808764605097
M,300.7,311.5,1441,40.6,33,0,0.9904775943020891,0.0095224056979115,0,0.0095224056979115,MONITOR,171.40330256240702,171.40330256240702,304.76120284895575,598.0955188604177
L,300.5,311.5,1708,31.2,57,0,0.9889724748253348,0.0110275251746654,0,0.0110275251746654,MONITOR,198.4954531439772,198.4954531439772,305.5137625873327,597.7944949650669
L,300.4,311.4,1309,55.5,71,0,0.9549723544904613,0.0450276455095385,0,0.0450276455095385,SCHEDULE,322.51382275476925,810.497619171693,322.51382275476925,590.9944708980923
H,300.6,311.7,1427,44.6,87,0,0.9905442585715384,0.0094557414284619,0,0.0094557414284619,MONITOR,170.2033457123142,170.2033457123142,304.72787071423096,598.1088517143077
M,300.7,311.9,1657,30.9,116,0,0.990573748148243,0.0094262518517576,0,0.0094262518517576,MONITOR,169.6725333316368,169.6725333316368,304.7131259258788,598.1147496296485
H,300.7,311.9,1329,59.2,121,0,0.9582210254917104,0.0417789745082895,0,0.0417789745082895,SCHEDULE,320.88948725414474,752.021541149211,320.88948725414474,591.644205098342
L,300.6,312.0,1430,42.7,130,0,0.9893558232920854,0.010644176707915,0,0.010644176707915,MONITOR,191.59518074246998,191.59518074246998,305.3220883539575,597.871164658417
L,300.6,312.0,1406,55.1,136,0,0.9893558232920854,0.010644176707915,0,0.010644176707915,MONITOR,191.59518074246998,191.59518074246998,305.3220883539575,597.871164658417
H,300.6,312.1,1354,46.9,138,0,0.9636436691462852,0.0363563308537144,0,0.0363563308537144,SCHEDULE,318.1781654268572,654.4139553668591,318.1781654268572,592.7287338292572
M,300.5,312.0,1263,60.8,146,0,0.9386070834707616,0.0613929165292382,0,0.0613929165292382,SCHEDULE,330.6964582646191,1105.0724975262876,330.6964582646191,587.7214166941524
L,300.5,312.0,1478,39.0,153,0,0.9893558232920854,0.010644176707915,0,0.010644176707915,MONITOR,191.59518074246998,191.59518074246998,305.3220883539575,597.871164658417
L,300.5,311.9,1710,28.4,158,0,0.9890686286714888,0.0109313713285116,0,0.0109313713285116,MONITOR,196.7646839132088,196.7646839132088,305.46568566425583,597.8137257342977
L,300.4,311.7,1515,47.4,170,0,0.9890519267532002,0.0109480732468,0,0.0109480732468,MONITOR,197.06531844239998,197.06531844239998,305.47403662339997,597.81038535064
L,300.4,311.7,1444,51.2,174,0,0.9890519267532002,0.0109480732468,0,0.0109480732468,MONITOR,197.06531844239998,197.06531844239998,305.47403662339997,597.81038535064
M,300.5,311.8,1591,42.0,182,0,0.9904775943020891,0.0095224056979115,0,0.0095224056979115,MONITOR,171.40330256240702,171.40330256240702,304.76120284895575,598.0955188604177
M,300.4,311.7,1478,39.9,185,0,0.9904856980298038,0.0095143019701967,0,0.0095143019701967,MONITOR,171.2574354635406,171.2574354635406,304.75715098509835,598.0971396059607
L,300.5,311.8,1368,57.9,191,1,0.9572571663358168,0.0427428336641829,0,0.0427428336641829,SCHEDULE,321.3714168320914,769.3710059552922,321.3714168320914,591.4514332671635
M,300.3,311.7,1723,28.3,193,0,0.989932619478374,0.0100673805216266,0,0.0100673805216266,MONITOR,181.2128493892788,181.2128493892788,305.03369026081333,597.9865238956747
H,300.3,311.6,1427,56.2,8,0,0.9878414901126816,0.0121585098873186,0,0.0121585098873186,MONITOR,218.8531779717348,218.8531779717348,306.0792549436593,597.5682980225363
L,300.3,311.4,1318,52.7,13,0,0.9579043367436384,0.0420956632563613,0,0.0420956632563613,SCHEDULE,321.0478316281807,757.7219386145034,321.0478316281807,591.5808673487278
M,300.2,311.4,1960,20.9,20,0,0.9904222424894794,0.009577757510521,0,0.009577757510521,MONITOR,172.399635189378,172.399635189378,304.78887875526044,598.0844484978958
L,300.3,311.5,1548,32.2,25,0,0.9890519267532002,0.0109480732468,0,0.0109480732468,MONITOR,197.06531844239998,197.06531844239998,305.47403662339997,597.81038535064
L,300.3,311.4,1759,24.8,34,0,0.9889805785530495,0.0110194214469507,0,0.0110194214469507,MONITOR,198.3495860451126,198.3495860451126,305.5097107234754,597.7961157106099
L,300.3,311.5,1634,31.9,36,0,0.9890519267532002,0.0109480732468,0,0.0109480732468,MONITOR,197.06531844239998,197.06531844239998,305.47403662339997,597.81038535064
L,300.4,311.6,1517,39.0,45,0,0.9890519267532002,0.0109480732468,0,0.0109480732468,MONITOR,197.06531844239998,197.06531844239998,305.47403662339997,597.81038535064
L,300.5,311.7,1811,26.8,47,0,0.9889724748253348,0.0110275251746654,0,0.0110275251746654,MONITOR,198.4954531439772,198.4954531439772,305.5137625873327,597.7944949650669
L,300.4,311.6,1815,23.5,49,0,0.9889805785530495,0.0110194214469507,0,0.0110194214469507,MONITOR,198.3495860451126,198.3495860451126,305.5097107234754,597.7961157106099
L,300.4,311.7,1513,40.0,51,0,0.9890519267532002,0.0109480732468,0,0.0109480732468,MONITOR,197.06531844239998,197.06531844239998,305.47403662339997,597.81038535064
L,300.2,311.5,1383,42.1,60,0,0.9886501996112496,0.0113498003887506,0,0.0113498003887506,MONITOR,204.2964069975108,204.2964069975108,305.6749001943753,597.73003992225
L,300.3,311.5,1378,47.5,64,0,0.9617189047955766,0.0382810952044234,0,0.0382810952044234,SCHEDULE,319.1405476022117,689.0597136796213,319.1405476022117,592.3437809591154
H,300.1,311.4,1485,40.4,75,0,0.9906140906943148,0.0093859093056854,0,0.0093859093056854,MONITOR,168.9463675023372,168.9463675023372,304.6929546528427,598.122818138863
L,300.1,311.5,1454,52.4,90,0,0.9890519267532002,0.0109480732468,0,0.0109480732468,MONITOR,197.06531844239998,197.06531844239998,305.47403662339997,597.81038535064
L,300.0,311.4,1476,39.0,92,0,0.9890519267532002,0.0109480732468,0,0.0109480732468,MONITOR,197.06531844239998,197.06531844239998,305.47403662339997,597.81038535064
L,300.0,311.4,1374,41.9,96,0,0.9579043367436384,0.0420956632563613,0,0.0420956632563613,SCHEDULE,321.0478316281807,757.7219386145034,321.0478316281807,591.5808673487278
M,299.9,311.4,1480,44.9,108,0,0.9904856980298038,0.0095143019701967,0,0.0095143019701967,MONITOR,171.2574354635406,171.2574354635406,304.75715098509835,598.0971396059607
L,300.0,311.5,1349,48.6,113,0,0.9579043367436384,0.0420956632563613,0,0.0420956632563613,SCHEDULE,321.0478316281807,757.7219386145034,321.0478316281807,591.5808673487278
L,300.1,311.5,2218,17.0,123,0,0.9889805785530495,0.0110194214469507,0,0.0110194214469507,MONITOR,198.3495860451126,198.3495860451126,305.5097107234754,597.7961157106099
M,300.0,311.4,1466,39.0,125,0,0.9904856980298038,0.0095143019701967,0,0.0095143019701967,MONITOR,171.2574354635406,171.2574354635406,304.75715098509835,598.0971396059607
M,299.9,311.3,1703,28.4,134,0,0.9902740943413312,0.0097259056586691,0,0.0097259056586691,MONITOR,175.0663018560438,175.0663018560438,304.8629528293345,598.0548188682661
L,299.8,311.2,1369,46.2,146,0,0.9579043367436384,0.0420956632563613,0,0.0420956632563613,SCHEDULE,321.0478316281807,757.7219386145034,321.0478316281807,591.5808673487278
L,300.0,311.3,1484,53.2,158,0,0.9890519267532002,0.0109480732468,0,0.0109480732468,MONITOR,197.06531844239998,197.06531844239998,305.47403662339997,597.81038535064
L,299.8,311.1,1300,64.2,165,0,0.776967316276259,0.2230326837237408,0,0.2230326837237408,SCHEDULE,411.5163418618704,4014.5883070273344,411.5163418618704,555.3934632552518
M,299.8,311.1,1452,44.3,167,0,0.9904856980298038,0.0095143019701967,0,0.0095143019701967,MONITOR,171.2574354635406,171.2574354635406,304.75715098509835,598.0971396059607
M,299.8,311.1,1562,35.7,170,0,0.9904856980298038,0.0095143019701967,0,0.0095143019701967,MONITOR,171.2574354635406,171.2574354635406,304.75715098509835,598.0971396059607
L,299.8,311.2,1664,28.3,173,0,0.9889805785530495,0.0110194214469507,0,0.0110194214469507,MONITOR,198.3495860451126,198.3495860451126,305.5097107234754,597.7961157106099
L,300.0,311.4,1484,37.0,183,0,0.9890519267532002,0.0109480732468,0,0.0109480732468,MONITOR,197.06531844239998,197.06531844239998,305.47403662339997,597.81038535064
L,300.0,311.4,1604,38.7,185,0,0.9890519267532002,0.0109480732468,0,0.0109480732468,MONITOR,197.06531844239998,197.06531844239998,305.47403662339997,597.81038535064
L,300.2,311.6,1372,49.2,195,0,0.9575628618806812,0.0424371381193188,0,0.0424371381193188,SCHEDULE,321.21856905965944,763.8684861477384,321.21856905965944,591.5125723761363
L,300.1,311.5,1471,47.2,201,0,0.9852607482461052,0.014739251753895,0,0.014739251753895,MONITOR,265.30653157011,265.30653157011,307.3696258769475,597.052149649221
L,300.1,311.5,1659,31.1,203,0,0.975617766689766,0.0243822333102344,0,0.0243822333102344,SCHEDULE,312.1911166551172,438.8801995842192,312.1911166551172,595.1235533379531
L,300.1,311.7,1503,42.6,208,0,0.9703094415837668,0.0296905584162336,0,0.0296905584162336,SCHEDULE,314.8452792081168,534.4300514922048,314.8452792081168,594.0618883167533
L,300.2,311.8,1798,23.2,210,0,0.9683770128728548,0.0316229871271453,0,0.0316229871271453,SCHEDULE,315.81149356357264,569.2137682886154,315.81149356357264,593.6754025745709
M,300.3,311.7,1374,47.9,222,1,0.9122173711074432,0.0877826288925569,0,0.0877826288925569,SCHEDULE,343.89131444627844,1580.0873200660242,343.89131444627844,582.4434742214886
L,300.4,311.8,1433,42.2,14,0,0.9890519267532002,0.0109480732468,0,0.0109480732468,MONITOR,197.06531844239998,197.06531844239998,305.47403662339997,597.81038535064
L,300.5,311.9,1350,51.7,18,0,0.9580004905897924,0.0419995094102075,0,0.0419995094102075,SCHEDULE,320.9997547051038,755.9911693837349,320.9997547051038,591.6000981179585
M,300.5,311.9,1370,44.8,20,0,0.9627789767399996,0.0372210232600004,0,0.0372210232600004,SCHEDULE,318.6105116300002,669.9784186800073,318.6105116300002,592.5557953479998
L,300.5,312.0,1498,42.9,25,0,0.9893558232920854,0.010644176707915,0,0.010644176707915,MONITOR,191.59518074246998,191.59518074246998,305.3220883539575,597.871164658417
M,300.5,312.0,1382,54.1,27,0,0.9895973587446872,0.0104026412553133,0,0.0104026412553133,MONITOR,187.2475425956394,187.2475425956394,305.2013206276566,597.9194717489373
M,300.5,311.9,1511,44.5,30,0,0.990573748148243,0.0094262518517576,0,0.0094262518517576,MONITOR,169.6725333316368,169.6725333316368,304.7131259258788,598.1147496296485
L,300.5,311.9,1383,50.5,35,0,0.9887382497296888,0.0112617502703115,0,0.0112617502703115,MONITOR,202.711504865607,202.711504865607,305.63087513515575,597.7476499459376
H,300.4,311.9,1438,46.7,41,0,0.990648516145407,0.0093514838545933,0,0.0093514838545933,MONITOR,168.32670938267938,168.32670938267938,304.67574192729666,598.1297032290814
L,300.7,312.3,1898,24.0,60,0,0.98946103279903,0.01053896720097,0,0.01053896720097,MONITOR,189.70140961746,189.70140961746,305.269483600485,597.8922065598059
H,300.7,312.2,1335,49.0,62,0,0.962594286430236,0.0374057135697638,0,0.0374057135697638,SCHEDULE,318.7028567848819,673.3028442557484,318.7028567848819,592.5188572860471
H,300.7,312.4,1457,47.2,74,0,0.9910945449402956,0.0089054550597048,0,0.0089054550597048,MONITOR,160.2981910746864,160.2981910746864,304.4527275298524,598.2189089880591
H,300.7,312.3,1670,27.3,81,0,0.9910231967401448,0.0089768032598554,0,0.0089768032598554,MONITOR,161.5824586773972,161.5824586773972,304.4884016299277,598.2046393480289
L,300.8,312.4,1465,59.1,91,1,0.9858501726860368,0.0141498273139635,0,0.0141498273139635,MONITOR,254.69689165134298,254.69689165134298,307.0749136569817,597.1700345372072
M,300.6,312.2,2174,18.5,95,0,0.9898049367591956,0.010195063240805,0,0.010195063240805,MONITOR,183.51113833449,183.51113833449,305.09753162040255,597.9609873518391
L,300.8,312.5,1517,39.2,107,0,0.9895323809991808,0.0104676190008194,0,0.0104676190008194,MONITOR,188.41714201474917,188.41714201474917,305.2338095004097,597.9064761998361
M,300.9,312.6,1555,40.6,109,0,0.9910146959651048,0.0089853040348957,0,0.0089853040348957,MONITOR,161.7354726281226,161.7354726281226,304.4926520174479,598.2029391930208
L,300.8,312.5,1434,50.7,121,0,0.9895323809991808,0.0104676190008194,0,0.0104676190008194,MONITOR,188.41714201474917,188.41714201474917,305.2338095004097,597.9064761998361
L,300.8,312.5,1423,47.3,123,0,0.9895323809991808,0.0104676190008194,0,0.0104676190008194,MONITOR,188.41714201474917,188.41714201474917,305.2338095004097,597.9064761998361
L,300.9,312.4,1364,52.5,125,0,0.9595294683233696,0.0404705316766302,0,0.0404705316766302,SCHEDULE,320.2352658383151,728.4695701793436,320.2352658383151,591.905893664674
L,300.9,312.4,1372,51.0,142,0,0.9595294683233696,0.0404705316766302,0,0.0404705316766302,SCHEDULE,320.2352658383151,728.4695701793436,320.2352658383151,591.905893664674
L,300.7,312.3,1715,26.8,146,0,0.98946103279903,0.01053896720097,0,0.01053896720097,MONITOR,189.70140961746,189.70140961746,305.269483600485,597.8922065598059
H,300.7,312.1,1490,43.1,159,0,0.9910945449402956,0.0089054550597048,0,0.0089054550597048,MONITOR,160.2981910746864,160.2981910746864,304.4527275298524,598.2189089880591
L,300.8,312.0,1496,40.0,175,0,0.9893558232920854,0.010644176707915,0,0.010644176707915,MONITOR,191.59518074246998,191.59518074246998,305.3220883539575,597.871164658417
L,300.8,312.0,1382,49.3,177,0,0.988954096150135,0.0110459038498655,0,0.0110459038498655,MONITOR,198.826269297579,198.826269297579,305.5229519249328,597.790819230027
L,300.7,311.9,1335,57.1,194,1,0.9573533201819708,0.0426466798180291,0,0.0426466798180291,SCHEDULE,321.3233399090146,767.6402367245239,321.3233399090146,591.4706640363943
L,300.7,311.8,1478,41.9,207,0,0.9703094415837668,0.0296905584162336,0,0.0296905584162336,SCHEDULE,314.8452792081168,534.4300514922048,314.8452792081168,594.0618883167533
M,300.7,311.7,1499,38.9,3,0,0.9904775943020891,0.0095224056979115,0,0.0095224056979115,MONITOR,171.40330256240702,171.40330256240702,304.76120284895575,598.0955188604177
M,300.7,311.5,1569,36.4,20,0,0.9904775943020891,0.0095224056979115,0,0.0095224056979115,MONITOR,171.40330256240702,171.40330256240702,304.76120284895575,598.0955188604177
L,300.8,311.6,1568,36.0,23,0,0.9890438230254855,0.0109561769745148,0,0.0109561769745148,MONITOR,197.21118554126642,197.21118554126642,305.4780884872574,597.808764605097
L,301.0,312.1,1585,32.3,50,0,0.9895809246885012,0.010419075311499,0,0.010419075311499,MONITOR,187.543355606982,187.543355606982,305.2095376557495,597.9161849377001
H,301.1,312.2,1491,42.6,52,0,0.991143088629616,0.0088569113703844,0,0.0088569113703844,MONITOR,159.4244046669192,159.4244046669192,304.4284556851922,598.2286177259231
L,300.9,312.2,1811,23.2,72,0,0.9895095764883506,0.0104904235116497,0,0.0104904235116497,MONITOR,188.82762320969462,188.82762320969462,305.24521175582487,597.90191529767
M,300.9,312.1,1297,48.6,76,0,0.9628907372940816,0.0371092627059183,0,0.0371092627059183,SCHEDULE,318.5546313529591,667.9667287065294,318.5546313529591,592.5781474588164
L,301.2,312.4,1378,59.0,95,0,0.9618610983069844,0.0381389016930153,0,0.0381389016930153,SCHEDULE,319.06945084650766,686.5002304742754,319.06945084650766,592.3722196613969
L,301.2,312.4,1480,53.5,97,0,0.9895809246885012,0.010419075311499,0,0.010419075311499,MONITOR,187.543355606982,187.543355606982,305.2095376557495,597.9161849377001
M,301.2,312.4,1428,36.6,99,0,0.9910146959651048,0.0089853040348957,0,0.0089853040348957,MONITOR,161.7354726281226,161.7354726281226,304.4926520174479,598.2029391930208
H,301.0,312.2,1489,40.3,117,0,0.991143088629616,0.0088569113703844,0,0.0088569113703844,MONITOR,159.4244046669192,159.4244046669192,304.4284556851922,598.2286177259231
L,301.1,312.3,1595,31.9,134,0,0.9895809246885012,0.010419075311499,0,0.010419075311499,MONITOR,187.543355606982,187.543355606982,305.2095376557495,597.9161849377001
M,301.0,312.2,1499,41.5,140,0,0.9910146959651048,0.0089853040348957,0,0.0089853040348957,MONITOR,161.7354726281226,161.7354726281226,304.4926520174479,598.2029391930208
L,300.8,312.0,1477,37.3,164,0,0.9893558232920854,0.010644176707915,0,0.010644176707915,MONITOR,191.59518074246998,191.59518074246998,305.3220883539575,597.871164658417
L,301.0,311.9,1889,23.5,198,0,0.9887756974978518,0.0112243025021486,0,0.0112243025021486,MONITOR,202.0374450386748,202.0374450386748,305.61215125107435,597.7551394995703
L,301.0,312.1,1675,30.7,200,0,0.9860842516397922,0.0139157483602081,0,0.0139157483602081,MONITOR,250.4834704837458,250.4834704837458,306.957874180104,597.2168503279584
L,300.7,311.9,1399,50.2,222,1,0.8907787951787276,0.1092212048212724,0,0.1092212048212724,SCHEDULE,354.6106024106362,1965.9816867829031,354.6106024106362,578.1557590357455
L,300.6,311.9,1425,44.9,224,0,0.9330189962621392,0.0669810037378611,0,0.0669810037378611,SCHEDULE,333.49050186893055,1205.6580672814998,333.49050186893055,586.6037992524277
M,300.6,311.9,1629,35.3,0,0,0.990573748148243,0.0094262518517576,0,0.0094262518517576,MONITOR,169.6725333316368,169.6725333316368,304.7131259258788,598.1147496296485
L,300.6,312.0,1490,42.2,3,0,0.9893558232920854,0.010644176707915,0,0.010644176707915,MONITOR,191.59518074246998,191.59518074246998,305.3220883539575,597.871164658417
L,300.7,311.7,1460,46.1,15,0,0.9890438230254855,0.0109561769745148,0,0.0109561769745148,MONITOR,197.21118554126642,197.21118554126642,305.4780884872574,597.808764605097
L,300.8,311.9,1498,39.3,23,0,0.9891399768716396,0.0108600231283609,0,0.0108600231283609,MONITOR,195.4804163104962,195.4804163104962,305.4300115641804,597.8279953743278
L,300.7,311.8,1441,38.1,34,0,0.9890438230254855,0.0109561769745148,0,0.0109561769745148,MONITOR,197.21118554126642,197.21118554126642,305.4780884872574,597.808764605097
L,300.6,311.9,1413,41.3,43,0,0.9891399768716396,0.0108600231283609,0,0.0108600231283609,MONITOR,195.4804163104962,195.4804163104962,305.4300115641804,597.8279953743278
H,300.6,311.9,1604,30.5,45,0,0.990702140812754,0.0092978591872463,0,0.0092978591872463,MONITOR,167.3614653704334,167.3614653704334,304.64892959362317,598.1404281625507
L,300.7,312.0,1401,51.1,50,0,0.9891833302385922,0.0108166697614082,0,0.0108166697614082,MONITOR,194.70005570534758,194.70005570534758,305.40833488070416,597.8366660477184
L,300.5,311.9,1887,21.7,56,0,0.9890686286714888,0.0109313713285116,0,0.0109313713285116,MONITOR,196.7646839132088,196.7646839132088,305.46568566425583,597.8137257342977
L,300.4,311.8,1405,47.9,58,0,0.9890519267532002,0.0109480732468,0,0.0109480732468,MONITOR,197.06531844239998,197.06531844239998,305.47403662339997,597.81038535064
H,300.2,311.6,1496,41.1,60,0,0.9906140906943148,0.0093859093056854,0,0.0093859093056854,MONITOR,168.9463675023372,168.9463675023372,304.6929546528427,598.122818138863
L,300.3,311.6,1515,44.9,69,0,0.9890519267532002,0.0109480732468,0,0.0109480732468,MONITOR,197.06531844239998,197.06531844239998,305.47403662339997,597.81038535064
M,300.6,312.0,1490,39.8,94,0,0.9907895945686888,0.0092104054313117,0,0.0092104054313117,MONITOR,165.78729776361058,165.78729776361058,304.6052027156559,598.1579189137377
L,300.5,312.0,1558,36.7,113,0,0.9893558232920854,0.010644176707915,0,0.010644176707915,MONITOR,191.59518074246998,191.59518074246998,305.3220883539575,597.871164658417
L,300.4,312.0,1366,43.0,117,0,0.9582163370102382,0.0417836629897615,0,0.0417836629897615,SCHEDULE,320.89183149488076,752.105933815707,320.89183149488076,591.6432674020477
L,300.3,311.8,1360,48.0,119,0,0.9579043367436384,0.0420956632563613,0,0.0420956632563613,SCHEDULE,321.0478316281807,757.7219386145034,321.0478316281807,591.5808673487278
L,300.2,311.5,1528,36.1,125,0,0.9890519267532002,0.0109480732468,0,0.0109480732468,MONITOR,197.06531844239998,197.06531844239998,305.47403662339997,597.81038535064
H,300.2,311.5,1432,43.6,127,0,0.9905523622992533,0.0094476377007471,0,0.0094476377007471,MONITOR,170.05747861344778,170.05747861344778,304.72381885037356,598.1104724598506
L,300.2,311.6,1356,53.5,132,0,0.9579043367436384,0.0420956632563613,0,0.0420956632563613,SCHEDULE,321.0478316281807,757.7219386145034,321.0478316281807,591.5808673487278
L,300.1,311.4,1438,42.2,139,0,0.9890519267532002,0.0109480732468,0,0.0109480732468,MONITOR,197.06531844239998,197.06531844239998,305.47403662339997,597.81038535064
L,300.1,311.4,1356,45.7,149,0,0.9579043367436384,0.0420956632563613,0,0.0420956632563613,SCHEDULE,321.0478316281807,757.7219386145034,321.0478316281807,591.5808673487278
H,300.2,311.6,1662,28.8,162,0,0.9906140906943148,0.0093859093056854,0,0.0093859093056854,MONITOR,168.9463675023372,168.9463675023372,304.6929546528427,598.122818138863
L,300.2,311.6,1500,39.0,174,0,0.9890519267532002,0.0109480732468,0,0.0109480732468,MONITOR,197.06531844239998,197.06531844239998,305.47403662339997,597.81038535064
L,300.3,311.8,1567,37.7,180,0,0.9890519267532002,0.0109480732468,0,0.0109480732468,MONITOR,197.06531844239998,197.06531844239998,305.47403662339997,597.81038535064
L,300.3,311.9,1692,31.5,187,0,0.9890767323992036,0.0109232676007968,0,0.0109232676007968,MONITOR,196.6188168143424,196.6188168143424,305.46163380039843,597.8153464798407
L,300.4,311.9,1476,48.7,189,0,0.9888066057363968,0.0111933942636036,0,0.0111933942636036,MONITOR,201.4810967448648,201.4810967448648,305.5966971318018,597.7613211472793
M,300.4,311.8,1553,33.1,209,1,0.9709974066099828,0.029002593390018,0,0.029002593390018,SCHEDULE,314.501296695009,522.0466810203241,314.501296695009,594.1994813219964
M,300.4,311.8,1442,45.1,0,0,0.9904856980298038,0.0095143019701967,0,0.0095143019701967,MONITOR,171.2574354635406,171.2574354635406,304.75715098509835,598.0971396059607
H,300.4,311.8,2496,13.5,5,0,0.7636431854673217,0.2363568145326783,0,0.2363568145326783,SCHEDULE,418.17840726633915,4254.422661588209,418.17840726633915,552.7286370934643
L,300.4,311.8,1367,57.2,10,0,0.9575986411987744,0.0424013588012255,0,0.0424013588012255,SCHEDULE,321.2006794006127,763.224458422059,321.2006794006127,591.5197282397548
L,300.3,311.8,2004,19.6,12,0,0.9889805785530495,0.0110194214469507,0,0.0110194214469507,MONITOR,198.3495860451126,198.3495860451126,305.5097107234754,597.7961157106099
M,300.1,311.3,1650,33.8,38,0,0.9904856980298038,0.0095143019701967,0,0.0095143019701967,MONITOR,171.2574354635406,171.2574354635406,304.75715098509835,598.0971396059607
H,300.0,311.2,1393,43.1,45,0,0.98037986924576,0.0196201307542403,0,0.0196201307542403,SCHEDULE,309.81006537712017,353.1623535763254,309.81006537712017,596.075973849152
M,299.9,311.3,1389,50.0,55,0,0.9903132049763106,0.0096867950236899,0,0.0096867950236899,MONITOR,174.36231042641822,174.36231042641822,304.843397511845,598.0626409952621
L,299.6,310.9,1658,28.0,76,0,0.9890519267532002,0.0109480732468,0,0.0109480732468,MONITOR,197.06531844239998,197.06531844239998,305.47403662339997,597.81038535064
M,299.7,311.0,1506,42.7,85,0,0.9904856980298038,0.0095143019701967,0,0.0095143019701967,MONITOR,171.2574354635406,171.2574354635406,304.75715098509835,598.0971396059607
M,299.6,310.8,1427,50.4,98,0,0.9904856980298038,0.0095143019701967,0,0.0095143019701967,MONITOR,171.2574354635406,171.2574354635406,304.75715098509835,598.0971396059607
L,299.6,310.7,1393,52.1,110,0,0.988879433699707,0.0111205663002932,0,0.0111205663002932,MONITOR,200.17019340527762,200.17019340527762,305.56028315014663,597.7758867399414
M,299.7,311.1,1618,30.3,125,0,0.9904856980298038,0.0095143019701967,0,0.0095143019701967,MONITOR,171.2574354635406,171.2574354635406,304.75715098509835,598.0971396059607
H,300.0,311.4,1641,34.5,155,0,0.9906140906943148,0.0093859093056854,0,0.0093859093056854,MONITOR,168.9463675023372,168.9463675023372,304.6929546528427,598.122818138863
L,299.7,311.1,1439,44.9,174,0,0.9890519267532002,0.0109480732468,0,0.0109480732468,MONITOR,197.06531844239998,197.06531844239998,305.47403662339997,597.81038535064
L,299.7,311.2,1835,23.7,183,0,0.9889805785530495,0.0110194214469507,0,0.0110194214469507,MONITOR,198.3495860451126,198.3495860451126,305.5097107234754,597.7961157106099
L,299.7,311.1,1554,41.0,192,0,0.9887104518902428,0.0112895481097574,0,0.0112895481097574,MONITOR,203.21186597563317,203.21186597563317,305.6447740548787,597.7420903780485
L,299.7,311.0,1827,25.4,194,0,0.9886391036900922,0.0113608963099081,0,0.0113608963099081,MONITOR,204.4961335783458,204.4961335783458,305.68044815495404,597.7278207380184
M,299.7,310.9,1620,37.2,203,0,0.976305731715982,0.0236942682840189,0,0.0236942682840189,SCHEDULE,311.84713414200945,426.4968291123402,311.84713414200945,595.2611463431962
L,299.6,310.9,1229,65.2,209,1,0.5844037542472923,0.4155962457527078,0,0.4155962457527078,SCHEDULE,507.7981228763539,7480.73242354874,507.7981228763539,516.8807508494584
L,299.5,310.8,1873,22.3,211,0,0.9614462158784032,0.0385537841215971,0,0.0385537841215971,SCHEDULE,319.27689206079856,693.9681141887478,319.27689206079856,592.2892431756807
M,299.3,310.7,1374,48.9,222,0,0.9102649180195654,0.0897350819804348,0,0.0897350819804348,SCHEDULE,344.86754099021744,1615.2314756478263,344.86754099021744,582.052983603913
L,299.2,310.7,1737,27.0,225,1,0.9047910380618558,0.0952089619381444,0,0.0952089619381444,SCHEDULE,347.60448096907214,1713.7613148865992,347.60448096907214,580.9582076123711
M,299.4,310.9,1446,47.3,12,0,0.9904856980298038,0.0095143019701967,0,0.0095143019701967,MONITOR,171.2574354635406,171.2574354635406,304.75715098509835,598.0971396059607
L,299.1,310.6,1577,37.1,44,0,0.9890519267532002,0.0109480732468,0,0.0109480732468,MONITOR,197.06531844239998,197.06531844239998,305.47403662339997,597.81038535064
L,299.1,310.5,1532,36.6,62,0,0.9890519267532002,0.0109480732468,0,0.0109480732468,MONITOR,197.06531844239998,197.06531844239998,305.47403662339997,597.81038535064
L,299.1,310.5,1419,48.8,76,0,0.9890519267532002,0.0109480732468,0,0.0109480732468,MONITOR,197.06531844239998,197.06531844239998,305.47403662339997,597.81038535064
L,299.2,310.6,1534,39.7,83,0,0.9890519267532002,0.0109480732468,0,0.0109480732468,MONITOR,197.06531844239998,197.06531844239998,305.47403662339997,597.81038535064
M,299.2,310.6,1443,50.9,85,0,0.990542516211622,0.0094574837883785,0,0.0094574837883785,MONITOR,170.23470819081302,170.23470819081302,304.7287418941892,598.1085032423243
H,299.1,310.4,1369,54.5,104,0,0.9613240452128692,0.0386759547871307,0,0.0386759547871307,SCHEDULE,319.3379773935653,696.1671861683526,319.3379773935653,592.2648090425738
L,299.0,310.4,1512,38.8,109,0,0.9890519267532002,0.0109480732468,0,0.0109480732468,MONITOR,197.06531844239998,197.06531844239998,305.47403662339997,597.81038535064
L,298.9,310.3,1456,44.1,118,0,0.9890519267532002,0.0109480732468,0,0.0109480732468,MONITOR,197.06531844239998,197.06531844239998,305.47403662339997,597.81038535064
L,299.0,310.4,1524,39.8,120,0,0.9890519267532002,0.0109480732468,0,0.0109480732468,MONITOR,197.06531844239998,197.06531844239998,305.47403662339997,597.81038535064
L,299.0,310.4,1981,21.2,125,0,0.9889805785530495,0.0110194214469507,0,0.0110194214469507,MONITOR,198.3495860451126,198.3495860451126,305.5097107234754,597.7961157106099
M,299.0,310.4,1625,37.1,131,0,0.990542516211622,0.0094574837883785,0,0.0094574837883785,MONITOR,170.23470819081302,170.23470819081302,304.7287418941892,598.1085032423243
L,299.0,310.4,1606,31.1,134,0,0.9890519267532002,0.0109480732468,0,0.0109480732468,MONITOR,197.06531844239998,197.06531844239998,305.47403662339997,597.81038535064
M,299.1,310.6,1397,49.5,165,0,0.9903700231581288,0.0096299768418717,0,0.0096299768418717,MONITOR,173.3395831536906,173.3395831536906,304.81498842093583,598.0740046316256
H,299.2,310.8,1761,30.4,180,0,0.9905427424941642,0.009457257505836,0,0.009457257505836,MONITOR,170.230635105048,170.230635105048,304.728628752918,598.1085484988328
M,299.1,310.8,1517,38.4,185,0,0.990542516211622,0.0094574837883785,0,0.0094574837883785,MONITOR,170.23470819081302,170.23470819081302,304.7287418941892,598.1085032423243
M,299.0,310.6,1787,22.2,192,0,0.9899894376601922,0.0100105623398084,0,0.0100105623398084,MONITOR,180.1901221165512,180.1901221165512,305.0052811699042,597.9978875320384
M,298.9,310.6,1720,25.3,197,0,0.9899894376601922,0.0100105623398084,0,0.0100105623398084,MONITOR,180.1901221165512,180.1901221165512,305.0052811699042,597.9978875320384
H,298.8,310.5,1294,55.8,202,0,0.8647625680905564,0.1352374319094436,0,0.1352374319094436,SCHEDULE,367.6187159547218,2434.2737743699845,367.6187159547218,572.9525136181112
L,298.8,310.5,1464,46.4,207,0,0.968560188715744,0.0314398112842563,0,0.0314398112842563,SCHEDULE,315.71990564212814,565.9166031166134,315.71990564212814,593.7120377431487
L,298.9,310.6,1585,38.1,7,0,0.9890519267532002,0.0109480732468,0,0.0109480732468,MONITOR,197.06531844239998,197.06531844239998,305.47403662339997,597.81038535064
M,298.8,310.6,1640,33.8,9,0,0.990542516211622,0.0094574837883785,0,0.0094574837883785,MONITOR,170.23470819081302,170.23470819081302,304.7287418941892,598.1085032423243
H,298.9,310.5,1429,39.9,19,0,0.9905523622992533,0.0094476377007471,0,0.0094476377007471,MONITOR,170.05747861344778,170.05747861344778,304.72381885037356,598.1104724598506
H,298.7,310.1,1435,45.6,37,0,0.9904495166205668,0.0095504833794336,0,0.0095504833794336,MONITOR,171.9087008298048,171.9087008298048,304.7752416897168,598.0899033241133
L,298.7,310.0,1637,31.8,42,0,0.9890519267532002,0.0109480732468,0,0.0109480732468,MONITOR,197.06531844239998,197.06531844239998,305.47403662339997,597.81038535064
L,298.7,310.1,1641,31.1,49,0,0.9890519267532002,0.0109480732468,0,0.0109480732468,MONITOR,197.06531844239998,197.06531844239998,305.47403662339997,597.81038535064
M,298.7,310.0,1459,40.2,69,0,0.990542516211622,0.0094574837883785,0,0.0094574837883785,MONITOR,170.23470819081302,170.23470819081302,304.7287418941892,598.1085032423243
L,298.7,309.9,1465,39.7,72,0,0.9888801491638892,0.011119850836111,0,0.011119850836111,MONITOR,200.157315049998,200.157315049998,305.5599254180555,597.7760298327778
M,298.8,310.0,1529,38.5,77,0,0.990542516211622,0.0094574837883785,0,0.0094574837883785,MONITOR,170.23470819081302,170.23470819081302,304.7287418941892,598.1085032423243
L,298.8,309.8,1463,40.0,90,0,0.9888801491638892,0.011119850836111,0,0.011119850836111,MONITOR,200.157315049998,200.157315049998,305.5599254180555,597.7760298327778
L,298.7,309.7,1667,30.4,92,0,0.9892657833780044,0.0107342166219959,0,0.0107342166219959,MONITOR,193.2158991959262,193.2158991959262,305.367108310998,597.8531566756009
H,298.7,309.7,1565,39.3,94,0,0.9908563300801042,0.0091436699198961,0,0.0091436699198961,MONITOR,164.5860585581298,164.5860585581298,304.57183495994803,598.1712660160208
L,298.7,309.7,1393,45.7,99,0,0.9891646385246616,0.0108353614753384,0,0.0108353614753384,MONITOR,195.0365065560912,195.0365065560912,305.41768073766923,597.8329277049323
L,298.7,309.6,1364,44.9,106,0,0.9629403887991363,0.0370596112008635,0,0.0370596112008635,SCHEDULE,318.52980560043176,667.0730016155429,318.52980560043176,592.5880777598273
L,298.8,309.7,1424,49.6,129,0,0.9893371315781552,0.0106628684218452,0,0.0106628684218452,MONITOR,191.9316315932136,191.9316315932136,305.33143421092257,597.867426315631
M,298.8,309.7,1392,48.7,133,0,0.9906552279830836,0.0093447720169169,0,0.0093447720169169,MONITOR,168.2058963045042,168.2058963045042,304.6723860084585,598.1310455966167
L,298.8,309.7,1529,44.0,136,0,0.9893371315781552,0.0106628684218452,0,0.0106628684218452,MONITOR,191.9316315932136,191.9316315932136,305.33143421092257,597.867426315631
M,298.8,309.7,1499,40.3,154,0,0.9908277210365768,0.0091722789634237,0,0.0091722789634237,MONITOR,165.1010213416266,165.1010213416266,304.5861394817118,598.1655442073153
L,298.8,309.7,1751,29.6,160,0,0.9892657833780044,0.0107342166219959,0,0.0107342166219959,MONITOR,193.2158991959262,193.2158991959262,305.367108310998,597.8531566756009
L,298.7,309.7,1510,40.6,162,0,0.9893371315781552,0.0106628684218452,0,0.0106628684218452,MONITOR,191.9316315932136,191.9316315932136,305.33143421092257,597.867426315631
L,298.8,309.7,1609,40.4,169,0,0.9893371315781552,0.0106628684218452,0,0.0106628684218452,MONITOR,191.9316315932136,191.9316315932136,305.33143421092257,597.867426315631
H,298.8,309.8,1490,35.9,171,0,0.9893279190944098,0.0106720809055904,0,0.0106720809055904,MONITOR,192.0974563006272,192.0974563006272,305.3360404527952,597.8655838188819
L,298.7,309.6,1502,46.7,198,0,0.9889956567151976,0.0110043432848027,0,0.0110043432848027,MONITOR,198.07817912644862,198.07817912644862,305.5021716424013,597.7991313430394
L,298.5,309.5,1385,46.3,203,1,0.9759595105374764,0.0240404894625237,0,0.0240404894625237,SCHEDULE,312.02024473126187,432.72881032542665,312.02024473126187,595.1919021074953
M,298.6,309.6,1525,42.4,2,0,0.9908277210365768,0.0091722789634237,0,0.0091722789634237,MONITOR,165.1010213416266,165.1010213416266,304.5861394817118,598.1655442073153
L,298.8,309.7,1582,45.0,11,0,0.9893371315781552,0.0106628684218452,0,0.0106628684218452,MONITOR,191.9316315932136,191.9316315932136,305.33143421092257,597.867426315631
M,298.8,309.8,1551,36.6,15,0,0.990370738622311,0.0096292613776895,0,0.0096292613776895,MONITOR,173.326704798411,173.326704798411,304.8146306888448,598.0741477244621
M,298.9,309.8,1836,22.8,18,0,0.9901591349338388,0.0098408650661619,0,0.0098408650661619,MONITOR,177.1355711909142,177.1355711909142,304.92043253308094,598.0318269867677
L,298.8,309.7,1953,20.6,25,0,0.988937201333824,0.0110627986661761,0,0.0110627986661761,MONITOR,199.1303759911698,199.1303759911698,305.5313993330881,597.7874402667647
L,298.7,309.7,1881,21.7,29,0,0.988937201333824,0.0110627986661761,0,0.0110627986661761,MONITOR,199.1303759911698,199.1303759911698,305.5313993330881,597.7874402667647
M,298.7,309.7,1362,50.5,34,0,0.967775693131162,0.0322243068688382,0,0.0322243068688382,SCHEDULE,316.1121534344191,580.0375236390876,316.1121534344191,593.5551386262324
L,298.8,309.7,1225,63.4,37,0,0.8817669526368407,0.1182330473631592,0,0.1182330473631592,SCHEDULE,359.11652368157957,2128.1948525368657,359.11652368157957,576.3533905273681
L,298.8,309.8,1334,49.3,42,0,0.9596929200313066,0.0403070799686933,0,0.0403070799686933,SCHEDULE,320.15353998434665,725.5274394364794,320.15353998434665,591.9385840062613
H,298.8,310.0,1530,38.3,53,0,0.9868748813792648,0.0131251186207355,0,0.0131251186207355,MONITOR,236.252135173239,236.252135173239,306.56255931036776,597.374976275853
L,298.8,309.7,1450,43.1,63,0,0.9893371315781552,0.0106628684218452,0,0.0106628684218452,MONITOR,191.9316315932136,191.9316315932136,305.33143421092257,597.867426315631
H,298.8,309.8,1563,38.8,65,0,0.9893279190944098,0.0106720809055904,0,0.0106720809055904,MONITOR,192.0974563006272,192.0974563006272,305.3360404527952,597.8655838188819
L,298.9,309.9,1365,46.5,75,0,0.9579043367436384,0.0420956632563613,0,0.0420956632563613,SCHEDULE,321.0478316281807,757.7219386145034,321.0478316281807,591.5808673487278
L,298.8,309.9,1525,39.7,77,0,0.9888801491638892,0.011119850836111,0,0.011119850836111,MONITOR,200.157315049998,200.157315049998,305.5599254180555,597.7760298327778
L,298.5,309.6,1724,26.4,100,0,0.9892657833780044,0.0107342166219959,0,0.0107342166219959,MONITOR,193.2158991959262,193.2158991959262,305.367108310998,597.8531566756009
L,298.6,309.7,1294,59.4,104,0,0.9588311640225002,0.0411688359774995,0,0.0411688359774995,SCHEDULE,320.5844179887497,741.039047594991,320.5844179887497,591.7662328045001
L,298.5,309.6,1462,45.1,115,0,0.9893371315781552,0.0106628684218452,0,0.0106628684218452,MONITOR,191.9316315932136,191.9316315932136,305.33143421092257,597.867426315631
L,298.5,309.6,1861,26.9,130,0,0.9892657833780044,0.0107342166219959,0,0.0107342166219959,MONITOR,193.2158991959262,193.2158991959262,305.367108310998,597.8531566756009
L,298.5,309.5,1548,44.5,132,0,0.9896229046893684,0.0103770953106319,0,0.0103770953106319,MONITOR,186.7877155913742,186.7877155913742,305.188547655316,597.9245809378737
M,298.6,309.7,1422,49.7,139,0,0.9908277210365768,0.0091722789634237,0,0.0091722789634237,MONITOR,165.1010213416266,165.1010213416266,304.5861394817118,598.1655442073153
M,298.7,309.9,1434,53.0,144,0,0.990370738622311,0.0096292613776895,0,0.0096292613776895,MONITOR,173.326704798411,173.326704798411,304.8146306888448,598.0741477244621
M,298.8,310.1,1585,31.3,147,0,0.990542516211622,0.0094574837883785,0,0.0094574837883785,MONITOR,170.23470819081302,170.23470819081302,304.7287418941892,598.1085032423243
H,298.8,310.1,1704,30.7,150,0,0.986803533179114,0.0131964668208861,0,0.0131964668208861,MONITOR,237.53640277594982,237.53640277594982,306.598233410443,597.3607066358227
L,298.9,310.2,1971,23.2,155,0,0.9889805785530495,0.0110194214469507,0,0.0110194214469507,MONITOR,198.3495860451126,198.3495860451126,305.5097107234754,597.7961157106099
H,298.9,310.3,1243,63.0,163,0,0.8311015681451818,0.1688984318548183,0,0.1688984318548183,SCHEDULE,384.4492159274091,3040.171773386729,384.4492159274091,566.2203136290364
L,299.2,310.6,1567,38.4,172,0,0.9890519267532002,0.0109480732468,0,0.0109480732468,MONITOR,197.06531844239998,197.06531844239998,305.47403662339997,597.81038535064
L,298.9,310.2,1304,57.2,183,0,0.953596494578016,0.0464035054219838,0,0.0464035054219838,SCHEDULE,323.20175271099185,835.2630975957084,323.20175271099185,590.7192989156032
L,298.7,309.8,1181,65.9,203,1,0.6363119514451707,0.3636880485548293,0,0.3636880485548293,SCHEDULE,481.84402427741463,6546.384873986927,481.84402427741463,527.2623902890341
L,298.6,309.9,1630,30.6,2,0,0.9888801491638892,0.011119850836111,0,0.011119850836111,MONITOR,200.157315049998,200.157315049998,305.5599254180555,597.7760298327778
M,298.6,310.0,1541,36.9,12,0,0.990542516211622,0.0094574837883785,0,0.0094574837883785,MONITOR,170.23470819081302,170.23470819081302,304.7287418941892,598.1085032423243
L,298.5,309.9,1482,42.1,15,0,0.9888801491638892,0.011119850836111,0,0.011119850836111,MONITOR,200.157315049998,200.157315049998,305.5599254180555,597.7760298327778
L,298.5,310.0,1492,41.2,19,0,0.9890519267532002,0.0109480732468,0,0.0109480732468,MONITOR,197.06531844239998,197.06531844239998,305.47403662339997,597.81038535064
L,298.4,309.9,1725,27.8,21,0,0.9888088009637386,0.0111911990362616,0,0.0111911990362616,MONITOR,201.4415826527088,201.4415826527088,305.5955995181308,597.7617601927477
L,298.4,310.0,1559,44.2,23,0,0.9890519267532002,0.0109480732468,0,0.0109480732468,MONITOR,197.06531844239998,197.06531844239998,305.47403662339997,597.81038535064
M,298.7,309.8,1475,40.5,59,0,0.990370738622311,0.0096292613776895,0,0.0096292613776895,MONITOR,173.326704798411,173.326704798411,304.8146306888448,598.0741477244621
L,298.7,309.8,1469,38.4,62,0,0.9888801491638892,0.011119850836111,0,0.011119850836111,MONITOR,200.157315049998,200.157315049998,305.5599254180555,597.7760298327778
L,298.6,309.8,1704,28.3,64,0,0.9888088009637386,0.0111911990362616,0,0.0111911990362616,MONITOR,201.4415826527088,201.4415826527088,305.5955995181308,597.7617601927477
H,298.6,309.7,1463,39.1,66,0,0.9908563300801042,0.0091436699198961,0,0.0091436699198961,MONITOR,164.5860585581298,164.5860585581298,304.57183495994803,598.1712660160208
M,298.6,309.8,1430,43.1,80,0,0.990370738622311,0.0096292613776895,0,0.0096292613776895,MONITOR,173.326704798411,173.326704798411,304.8146306888448,598.0741477244621
M,298.5,309.7,1557,37.7,86,0,0.9908277210365768,0.0091722789634237,0,0.0091722789634237,MONITOR,165.1010213416266,165.1010213416266,304.5861394817118,598.1655442073153
H,298.5,309.6,1579,33.5,91,0,0.9908563300801042,0.0091436699198961,0,0.0091436699198961,MONITOR,164.5860585581298,164.5860585581298,304.57183495994803,598.1712660160208
L,298.4,309.4,1392,50.1,117,0,0.9890714592126052,0.0109285407873949,0,0.0109285407873949,MONITOR,196.7137341731082,196.7137341731082,305.46427039369746,597.814291842521
M,298.4,309.5,1514,38.8,128,0,0.9908277210365768,0.0091722789634237,0,0.0091722789634237,MONITOR,165.1010213416266,165.1010213416266,304.5861394817118,598.1655442073153
L,298.3,309.4,1668,27.1,136,0,0.9895515564892176,0.0104484435107825,0,0.0104484435107825,MONITOR,188.071983194085,188.071983194085,305.2242217553912,597.9103112978435
L,298.4,309.6,1479,37.8,144,0,0.9893371315781552,0.0106628684218452,0,0.0106628684218452,MONITOR,191.9316315932136,191.9316315932136,305.33143421092257,597.867426315631
H,298.6,309.8,1279,55.9,152,0,0.8994142694122351,0.1005857305877648,0,0.1005857305877648,SCHEDULE,350.2928652938824,1810.5431505797662,350.2928652938824,579.8828538824471
L,298.4,309.7,1518,39.8,165,0,0.9893371315781552,0.0106628684218452,0,0.0106628684218452,MONITOR,191.9316315932136,191.9316315932136,305.33143421092257,597.867426315631
M,298.4,309.7,1870,22.5,170,0,0.9804356834520722,0.0195643165479283,0,0.0195643165479283,SCHEDULE,309.7821582739641,352.1576978627094,309.7821582739641,596.0871366904142
L,298.3,309.7,1484,44.3,173,0,0.9893371315781552,0.0106628684218452,0,0.0106628684218452,MONITOR,191.9316315932136,191.9316315932136,305.33143421092257,597.867426315631
M,298.2,309.5,1478,36.5,182,0,0.9908277210365768,0.0091722789634237,0,0.0091722789634237,MONITOR,165.1010213416266,165.1010213416266,304.5861394817118,598.1655442073153
L,298.2,309.4,1447,47.1,185,0,0.9896229046893684,0.0103770953106319,0,0.0103770953106319,MONITOR,186.7877155913742,186.7877155913742,305.188547655316,597.9245809378737
M,298.3,309.6,1469,54.8,191,0,0.9896957374915684,0.0103042625084322,0,0.0103042625084322,MONITOR,185.47672515177962,185.47672515177962,305.1521312542161,597.9391474983136
M,298.3,309.6,1681,27.1,194,0,0.9904148979734688,0.0095851020265318,0,0.0095851020265318,MONITOR,172.5318364775724,172.5318364775724,304.7925510132659,598.0829795946936
L,298.4,309.5,1376,50.4,202,0,0.9472647964610524,0.0527352035389476,0,0.0527352035389476,SCHEDULE,326.3676017694738,949.2336637010569,326.3676017694738,589.4529592922105
H,298.3,309.4,1631,29.8,0,0,0.9908563300801042,0.0091436699198961,0,0.0091436699198961,MONITOR,164.5860585581298,164.5860585581298,304.57183495994803,598.1712660160208
L,298.3,309.4,1378,52.3,12,0,0.9648731942513497,0.0351268057486501,0,0.0351268057486501,SCHEDULE,317.56340287432505,632.2825034757018,317.56340287432505,592.97463885027
M,298.5,309.4,1522,47.4,20,0,0.9908277210365768,0.0091722789634237,0,0.0091722789634237,MONITOR,165.1010213416266,165.1010213416266,304.5861394817118,598.1655442073153
M,298.5,309.3,1615,31.8,23,0,0.9908277210365768,0.0091722789634237,0,0.0091722789634237,MONITOR,165.1010213416266,165.1010213416266,304.5861394817118,598.1655442073153
L,298.6,309.4,1315,55.5,28,0,0.9596954196820984,0.0403045803179011,0,0.0403045803179011,SCHEDULE,320.15229015895056,725.4824457222198,320.15229015895056,591.9390839364198
M,298.6,309.5,1404,43.3,33,0,0.9908277210365768,0.0091722789634237,0,0.0091722789634237,MONITOR,165.1010213416266,165.1010213416266,304.5861394817118,598.1655442073153
L,298.6,309.5,1547,44.8,36,0,0.9896229046893684,0.0103770953106319,0,0.0103770953106319,MONITOR,186.7877155913742,186.7877155913742,305.188547655316,597.9245809378737
M,298.6,309.5,1426,45.4,38,0,0.9908277210365768,0.0091722789634237,0,0.0091722789634237,MONITOR,165.1010213416266,165.1010213416266,304.5861394817118,598.1655442073153
L,298.6,309.5,1730,30.2,41,0,0.9895515564892176,0.0104484435107825,0,0.0104484435107825,MONITOR,188.071983194085,188.071983194085,305.2242217553912,597.9103112978435
L,298.5,309.4,1517,40.2,45,0,0.9896229046893684,0.0103770953106319,0,0.0103770953106319,MONITOR,186.7877155913742,186.7877155913742,305.188547655316,597.9245809378737
L,298.6,309.5,1687,29.3,47,0,0.9895515564892176,0.0104484435107825,0,0.0104484435107825,MONITOR,188.071983194085,188.071983194085,305.2242217553912,597.9103112978435
M,298.5,309.4,1365,48.7,56,0,0.967775693131162,0.0322243068688382,0,0.0322243068688382,SCHEDULE,316.1121534344191,580.0375236390876,316.1121534344191,593.5551386262324
L,298.3,309.2,1456,45.5,75,0,0.9896229046893684,0.0103770953106319,0,0.0103770953106319,MONITOR,186.7877155913742,186.7877155913742,305.188547655316,597.9245809378737
M,298.2,309.1,1457,49.0,77,0,0.9909386628880568,0.0090613371119437,0,0.0090613371119437,MONITOR,163.1040680149866,163.1040680149866,304.5306685559719,598.1877325776113
L,298.2,309.0,1596,37.2,87,0,0.9896484428141404,0.0103515571858599,0,0.0103515571858599,MONITOR,186.3280293454782,186.3280293454782,305.17577859292993,597.929688562828
L,298.2,309.0,1489,40.6,89,0,0.9896484428141404,0.0103515571858599,0,0.0103515571858599,MONITOR,186.3280293454782,186.3280293454782,305.17577859292993,597.929688562828
L,298.3,309.0,1519,40.0,96,0,0.9896484428141404,0.0103515571858599,0,0.0103515571858599,MONITOR,186.3280293454782,186.3280293454782,305.17577859292993,597.929688562828
L,298.1,308.9,1351,52.4,102,0,0.962872747611852,0.0371272523881479,0,0.0371272523881479,SCHEDULE,318.56362619407395,668.2905429866622,318.56362619407395,592.5745495223704
L,298.0,308.9,1500,36.7,104,0,0.9896484428141404,0.0103515571858599,0,0.0103515571858599,MONITOR,186.3280293454782,186.3280293454782,305.17577859292993,597.929688562828
L,298.0,308.7,1511,45.8,114,0,0.9896484428141404,0.0103515571858599,0,0.0103515571858599,MONITOR,186.3280293454782,186.3280293454782,305.17577859292993,597.929688562828
L,297.9,308.6,2262,15.7,125,0,0.9873097895020096,0.0126902104979907,0,0.0126902104979907,MONITOR,228.42378896383258,228.42378896383258,306.34510524899537,597.4619579004019
L,297.6,308.3,1523,39.5,137,0,0.9896484428141404,0.0103515571858599,0,0.0103515571858599,MONITOR,186.3280293454782,186.3280293454782,305.17577859292993,597.929688562828
M,297.4,307.9,1627,34.3,166,0,0.9911555690380258,0.0088444309619747,0,0.0088444309619747,MONITOR,159.1997573155446,159.1997573155446,304.42221548098735,598.231113807605
L,297.4,308.0,1356,51.9,184,0,0.9634199492366248,0.036580050763375,0,0.036580050763375,SCHEDULE,318.29002538168754,658.4409137407499,318.29002538168754,592.683989847325
L,297.6,308.4,1460,40.3,195,0,0.9893069679511828,0.0106930320488173,0,0.0106930320488173,MONITOR,192.47457687871142,192.47457687871142,305.34651602440863,597.8613935902365
L,297.5,308.3,1435,40.3,197,0,0.9893069679511828,0.0106930320488173,0,0.0106930320488173,MONITOR,192.47457687871142,192.47457687871142,305.34651602440863,597.8613935902365
L,297.4,308.1,1729,31.7,204,0,0.9755408214511104,0.0244591785488899,0,0.0244591785488899,SCHEDULE,312.22958927444495,440.2652138800182,312.22958927444495,595.108164290222
L,297.4,308.2,1297,52.1,211,0,0.8828710358945487,0.117128964105451,0,0.117128964105451,SCHEDULE,358.56448205272545,2108.321353898118,358.56448205272545,576.5742071789098
L,297.5,308.4,1633,33.3,213,0,0.9573304832744934,0.0426695167255068,0,0.0426695167255068,SCHEDULE,321.3347583627534,768.0513010591224,321.3347583627534,591.4660966548986
L,297.5,308.4,1433,50.0,218,0,0.8759858385119156,0.1240141614880844,0,0.1240141614880844,SCHEDULE,362.00708074404224,2232.2549067855193,362.00708074404224,575.1971677023831
L,297.4,308.3,1475,40.5,222,1,0.9204132292439664,0.079586770756034,0,0.079586770756034,SCHEDULE,339.793385378017,1432.561873608612,339.793385378017,584.0826458487932
L,297.4,308.3,1472,45.5,2,0,0.9896484428141404,0.0103515571858599,0,0.0103515571858599,MONITOR,186.3280293454782,186.3280293454782,305.17577859292993,597.929688562828
L,297.6,308.6,1355,46.4,13,0,0.9632517000351216,0.0367482999648781,0,0.0367482999648781,SCHEDULE,318.37414998243906,661.4693993678057,318.37414998243906,592.6503400070244
L,297.4,308.2,1402,49.7,41,0,0.9890969973373772,0.0109030026626229,0,0.0109030026626229,MONITOR,196.25404792721218,196.25404792721218,305.4515013313114,597.8193994674754
L,297.4,308.3,1347,45.8,43,0,0.9632517000351216,0.0367482999648781,0,0.0367482999648781,SCHEDULE,318.37414998243906,661.4693993678057,318.37414998243906,592.6503400070244
H,297.3,308.3,1506,37.0,54,0,0.9908818682048762,0.0091181317951241,0,0.0091181317951241,MONITOR,164.1263723122338,164.1263723122338,304.55906589756205,598.1763736409753
L,297.4,308.3,1336,53.7,61,0,0.962872747611852,0.0371272523881479,0,0.0371272523881479,SCHEDULE,318.56362619407395,668.2905429866622,318.56362619407395,592.5745495223704
L,297.4,308.3,1704,27.3,65,0,0.9895770946139896,0.0104229053860106,0,0.0104229053860106,MONITOR,187.6122969481908,187.6122969481908,305.2114526930053,597.9154189227979
L,297.6,308.6,1383,47.5,75,0,0.9892467156721898,0.0107532843278105,0,0.0107532843278105,MONITOR,193.559117900589,193.559117900589,305.3766421639052,597.8493431344378
M,297.6,308.5,1360,48.6,77,0,0.967886634982642,0.0321133650173582,0,0.0321133650173582,SCHEDULE,316.0566825086791,578.0405703124477,316.0566825086791,593.5773269965283
H,297.4,308.3,1771,27.4,100,0,0.9908105200047256,0.0091894799952748,0,0.0091894799952748,MONITOR,165.41063991494642,165.41063991494642,304.5947399976374,598.1621040009451
M,297.4,308.4,1564,35.0,105,0,0.9909386628880568,0.0090613371119437,0,0.0090613371119437,MONITOR,163.1040680149866,163.1040680149866,304.5306685559719,598.1877325776113
L,297.4,308.5,1496,36.4,126,0,0.9896484428141404,0.0103515571858599,0,0.0103515571858599,MONITOR,186.3280293454782,186.3280293454782,305.17577859292993,597.929688562828
L,297.4,308.5,1295,52.1,130,0,0.9602464609035388,0.039753539096461,0,0.039753539096461,SCHEDULE,319.8767695482305,715.5637037362981,319.8767695482305,592.0492921807078
L,297.6,308.7,1365,50.6,143,0,0.962872747611852,0.0371272523881479,0,0.0371272523881479,SCHEDULE,318.56362619407395,668.2905429866622,318.56362619407395,592.5745495223704
L,297.5,308.7,1407,42.5,145,0,0.9896484428141404,0.0103515571858599,0,0.0103515571858599,MONITOR,186.3280293454782,186.3280293454782,305.17577859292993,597.929688562828
L,297.2,308.5,1588,40.4,190,0,0.9893069679511828,0.0106930320488173,0,0.0106930320488173,MONITOR,192.47457687871142,192.47457687871142,305.34651602440863,597.8613935902365
H,297.2,308.5,1524,41.4,192,0,0.9905403933419188,0.0094596066580816,0,0.0094596066580816,MONITOR,170.2729198454688,170.2729198454688,304.72980332904075,598.1080786683837
M,297.2,308.5,1604,34.9,200,0,0.97730842644267,0.0226915735573305,0,0.0226915735573305,SCHEDULE,311.34578677866523,408.448324031949,311.34578677866523,595.4616852885339
L,297.1,308.5,1323,44.4,207,1,0.9153069985298412,0.0846930014701588,0,0.0846930014701588,SCHEDULE,342.3465007350794,1524.4740264628585,342.3465007350794,583.0613997059683
L,297.1,308.5,1578,35.6,46,0,0.9896484428141404,0.0103515571858599,0,0.0103515571858599,MONITOR,186.3280293454782,186.3280293454782,305.17577859292993,597.929688562828
L,297.1,308.6,1442,37.1,59,0,0.9896484428141404,0.0103515571858599,0,0.0103515571858599,MONITOR,186.3280293454782,186.3280293454782,305.17577859292993,597.929688562828
L,297.2,308.7,1509,39.3,66,0,0.9896484428141404,0.0103515571858599,0,0.0103515571858599,MONITOR,186.3280293454782,186.3280293454782,305.17577859292993,597.929688562828
L,297.2,308.7,1669,30.7,72,0,0.9895770946139896,0.0104229053860106,0,0.0104229053860106,MONITOR,187.6122969481908,187.6122969481908,305.2114526930053,597.9154189227979
L,297.2,308.6,1578,34.4,76,0,0.9896484428141404,0.0103515571858599,0,0.0103515571858599,MONITOR,186.3280293454782,186.3280293454782,305.17577859292993,597.929688562828
M,297.2,308.6,1513,39.0,78,0,0.9909386628880568,0.0090613371119437,0,0.0090613371119437,MONITOR,163.1040680149866,163.1040680149866,304.5306685559719,598.1877325776113
L,297.2,308.6,1562,33.0,84,0,0.9896484428141404,0.0103515571858599,0,0.0103515571858599,MONITOR,186.3280293454782,186.3280293454782,305.17577859292993,597.929688562828
H,297.3,308.7,1569,33.9,93,0,0.9908818682048762,0.0091181317951241,0,0.0091181317951241,MONITOR,164.1263723122338,164.1263723122338,304.55906589756205,598.1763736409753
L,297.2,308.6,1392,41.5,108,0,0.9894759497606472,0.0105240502393531,0,0.0105240502393531,MONITOR,189.4329043083558,189.4329043083558,305.26202511967654,597.8951899521294
M,297.4,308.8,1573,33.9,123,0,0.9909386628880568,0.0090613371119437,0,0.0090613371119437,MONITOR,163.1040680149866,163.1040680149866,304.5306685559719,598.1877325776113
L,297.4,308.8,1467,39.0,128,0,0.9896484428141404,0.0103515571858599,0,0.0103515571858599,MONITOR,186.3280293454782,186.3280293454782,305.17577859292993,597.929688562828
L,297.4,308.6,1411,46.3,138,0,0.9896484428141404,0.0103515571858599,0,0.0103515571858599,MONITOR,186.3280293454782,186.3280293454782,305.17577859292993,597.929688562828
L,297.3,308.5,1764,30.8,148,0,0.9895770946139896,0.0104229053860106,0,0.0104229053860106,MONITOR,187.6122969481908,187.6122969481908,305.2114526930053,597.9154189227979
M,297.4,308.5,1472,42.0,150,0,0.9909386628880568,0.0090613371119437,0,0.0090613371119437,MONITOR,163.1040680149866,163.1040680149866,304.5306685559719,598.1877325776113
L,297.5,308.7,1761,26.2,164,0,0.9895770946139896,0.0104229053860106,0,0.0104229053860106,MONITOR,187.6122969481908,187.6122969481908,305.2114526930053,597.9154189227979
L,297.5,308.8,1587,34.9,166,0,0.9896484428141404,0.0103515571858599,0,0.0103515571858599,MONITOR,186.3280293454782,186.3280293454782,305.17577859292993,597.929688562828
M,297.4,308.7,1392,46.4,174,0,0.9907661698345636,0.0092338301654369,0,0.0092338301654369,MONITOR,166.2089429778642,166.2089429778642,304.61691508271844,598.1532339669126
L,297.5,308.8,1417,49.8,177,0,0.9892694903908704,0.0107305096091297,0,0.0107305096091297,MONITOR,193.1491729643346,193.1491729643346,305.36525480456487,597.8538980781741
L,297.5,308.8,1603,36.7,184,0,0.9896484428141404,0.0103515571858599,0,0.0103515571858599,MONITOR,186.3280293454782,186.3280293454782,305.17577859292993,597.929688562828
L,297.4,308.8,1620,33.4,186,0,0.9896484428141404,0.0103515571858599,0,0.0103515571858599,MONITOR,186.3280293454782,186.3280293454782,305.17577859292993,597.929688562828
L,297.5,308.6,1380,53.5,192,0,0.9862791824130338,0.0137208175869665,0,0.0137208175869665,MONITOR,246.974716565397,246.974716565397,306.86040879348326,597.2558364826067
M,297.5,308.7,1363,53.6,194,0,0.9675451601196846,0.0324548398803156,0,0.0324548398803156,SCHEDULE,316.2274199401578,584.1871178456807,316.2274199401578,593.5090320239369
L,297.5,308.6,1536,39.0,202,0,0.981413954041658,0.0185860459583422,0,0.0185860459583422,SCHEDULE,309.2930229791711,334.5488272501596,309.2930229791711,596.2827908083315
L,297.5,308.6,1621,28.9,0,0,0.9896484428141404,0.0103515571858599,0,0.0103515571858599,MONITOR,186.3280293454782,186.3280293454782,305.17577859292993,597.929688562828
L,297.5,308.6,1585,37.6,2,0,0.9896484428141404,0.0103515571858599,0,0.0103515571858599,MONITOR,186.3280293454782,186.3280293454782,305.17577859292993,597.929688562828
H,297.5,308.6,1536,38.7,7,0,0.9908818682048762,0.0091181317951241,0,0.0091181317951241,MONITOR,164.1263723122338,164.1263723122338,304.55906589756205,598.1763736409753
L,297.5,308.7,1456,44.7,29,0,0.9896484428141404,0.0103515571858599,0,0.0103515571858599,MONITOR,186.3280293454782,186.3280293454782,305.17577859292993,597.929688562828
M,297.6,308.6,1254,45.8,31,0,0.9650826546791004,0.0349173453208996,0,0.0349173453208996,SCHEDULE,317.4586726604498,628.5122157761928,317.4586726604498,593.0165309358201
L,297.5,308.6,1694,27.1,36,0,0.9895770946139896,0.0104229053860106,0,0.0104229053860106,MONITOR,187.6122969481908,187.6122969481908,305.2114526930053,597.9154189227979
L,297.5,308.5,1306,50.7,38,0,0.9602464609035388,0.039753539096461,0,0.039753539096461,SCHEDULE,319.8767695482305,715.5637037362981,319.8767695482305,592.0492921807078
M,297.5,308.5,1699,30.1,40,0,0.9907270591995844,0.0092729408004161,0,0.0092729408004161,MONITOR,166.91293440748981,166.91293440748981,304.63647040020805,598.1454118399167
L,297.4,308.5,1471,43.9,45,0,0.9896484428141404,0.0103515571858599,0,0.0103515571858599,MONITOR,186.3280293454782,186.3280293454782,305.17577859292993,597.929688562828
M,297.4,308.5,1412,45.5,49,0,0.9909386628880568,0.0090613371119437,0,0.0090613371119437,MONITOR,163.1040680149866,163.1040680149866,304.5306685559719,598.1877325776113
L,297.4,308.5,1418,51.2,52,0,0.9892694903908704,0.0107305096091297,0,0.0107305096091297,MONITOR,193.1491729643346,193.1491729643346,305.36525480456487,597.8538980781741
L,297.3,308.4,1459,39.4,59,0,0.9896484428141404,0.0103515571858599,0,0.0103515571858599,MONITOR,186.3280293454782,186.3280293454782,305.17577859292993,597.929688562828
L,297.2,308.3,1569,31.2,63,0,0.9896484428141404,0.0103515571858599,0,0.0103515571858599,MONITOR,186.3280293454782,186.3280293454782,305.17577859292993,597.929688562828
L,297.4,308.6,1488,36.4,71,0,0.9896484428141404,0.0103515571858599,0,0.0103515571858599,MONITOR,186.3280293454782,186.3280293454782,305.17577859292993,597.929688562828
L,297.4,308.6,1524,43.1,73,0,0.9896484428141404,0.0103515571858599,0,0.0103515571858599,MONITOR,186.3280293454782,186.3280293454782,305.17577859292993,597.929688562828
L,297.4,308.5,1486,48.6,75,0,0.9896484428141404,0.0103515571858599,0,0.0103515571858599,MONITOR,186.3280293454782,186.3280293454782,305.17577859292993,597.929688562828
M,297.4,308.6,1469,42.6,80,0,0.9909386628880568,0.0090613371119437,0,0.0090613371119437,MONITOR,163.1040680149866,163.1040680149866,304.5306685559719,598.1877325776113
M,297.3,308.5,1625,32.8,92,0,0.9909386628880568,0.0090613371119437,0,0.0090613371119437,MONITOR,163.1040680149866,163.1040680149866,304.5306685559719,598.1877325776113
M,297.2,308.5,1425,45.8,109,0,0.9909386628880568,0.0090613371119437,0,0.0090613371119437,MONITOR,163.1040680149866,163.1040680149866,304.5306685559719,598.1877325776113
H,297.3,308.6,1376,53.5,112,0,0.9690288511910397,0.0309711488089603,0,0.0309711488089603,SCHEDULE,315.48557440448013,557.4806785612853,315.48557440448013,593.805770238208
H,297.4,308.7,1349,48.9,120,0,0.9671648218821268,0.0328351781178731,0,0.0328351781178731,SCHEDULE,316.4175890589366,591.0332061217158,316.4175890589366,593.4329643764254
M,297.3,308.8,1447,57.4,134,0,0.9897570549344336,0.010242945065567,0,0.010242945065567,MONITOR,184.373011180206,184.373011180206,305.1214725327835,597.9514109868867
L,297.3,308.7,1587,35.8,148,0,0.9896484428141404,0.0103515571858599,0,0.0103515571858599,MONITOR,186.3280293454782,186.3280293454782,305.17577859292993,597.929688562828
H,297.3,308.7,1430,42.8,153,0,0.9908201398098144,0.0091798601901859,0,0.0091798601901859,MONITOR,165.2374834233462,165.2374834233462,304.58993009509294,598.1640279619628
L,297.4,308.8,1529,41.3,165,0,0.9896484428141404,0.0103515571858599,0,0.0103515571858599,MONITOR,186.3280293454782,186.3280293454782,305.17577859292993,597.929688562828
L,297.4,308.8,1473,46.2,167,0,0.9896484428141404,0.0103515571858599,0,0.0103515571858599,MONITOR,186.3280293454782,186.3280293454782,305.17577859292993,597.929688562828
M,297.4,308.9,1376,39.0,181,0,0.969912619746912,0.0300873802530883,0,0.0300873802530883,SCHEDULE,315.04369012654416,541.5728445555894,315.04369012654416,593.9825239493824
M,297.3,308.7,1542,37.0,184,0,0.9909386628880568,0.0090613371119437,0,0.0090613371119437,MONITOR,163.1040680149866,163.1040680149866,304.5306685559719,598.1877325776113
M,297.7,308.9,1573,35.1,9,0,0.9909386628880568,0.0090613371119437,0,0.0090613371119437,MONITOR,163.1040680149866,163.1040680149866,304.5306685559719,598.1877325776113
L,297.7,308.9,1575,39.9,12,0,0.9896484428141404,0.0103515571858599,0,0.0103515571858599,MONITOR,186.3280293454782,186.3280293454782,305.17577859292993,597.929688562828
L,297.7,308.9,1458,41.1,14,0,0.9896484428141404,0.0103515571858599,0,0.0103515571858599,MONITOR,186.3280293454782,186.3280293454782,305.17577859292993,597.929688562828
L,297.7,308.9,1742,26.3,24,0,0.9895770946139896,0.0104229053860106,0,0.0104229053860106,MONITOR,187.6122969481908,187.6122969481908,305.2114526930053,597.9154189227979
L,297.8,308.9,1506,33.5,26,0,0.9896484428141404,0.0103515571858599,0,0.0103515571858599,MONITOR,186.3280293454782,186.3280293454782,305.17577859292993,597.929688562828
L,297.9,309.1,1457,44.4,28,0,0.9896484428141404,0.0103515571858599,0,0.0103515571858599,MONITOR,186.3280293454782,186.3280293454782,305.17577859292993,597.929688562828
M,297.9,309.1,1488,37.3,30,0,0.9909386628880568,0.0090613371119437,0,0.0090613371119437,MONITOR,163.1040680149866,163.1040680149866,304.5306685559719,598.1877325776113
L,297.9,309.0,1290,49.8,43,0,0.9602464609035388,0.039753539096461,0,0.039753539096461,SCHEDULE,319.8767695482305,715.5637037362981,319.8767695482305,592.0492921807078
M,297.9,309.1,1338,49.6,56,0,0.9675447546407616,0.0324552453592385,0,0.0324552453592385,SCHEDULE,316.22762267961923,584.194416466293,316.22762267961923,593.5089509281523
M,297.9,309.1,1558,39.2,59,0,0.9909386628880568,0.0090613371119437,0,0.0090613371119437,MONITOR,163.1040680149866,163.1040680149866,304.5306685559719,598.1877325776113
H,298.0,309.1,1557,36.4,65,0,0.9908818682048762,0.0091181317951241,0,0.0091181317951241,MONITOR,164.1263723122338,164.1263723122338,304.55906589756205,598.1763736409753
L,298.1,309.3,1443,45.3,70,0,0.9896229046893684,0.0103770953106319,0,0.0103770953106319,MONITOR,186.7877155913742,186.7877155913742,305.188547655316,597.9245809378737
H,298.1,309.3,1332,51.0,72,0,0.964847227067358,0.0351527729326418,0,0.0351527729326418,SCHEDULE,317.57638646632086,632.7499127875525,317.57638646632086,592.9694454134716
M,298.1,309.3,1752,25.2,77,0,0.9906161173481044,0.0093838826518962,0,0.0093838826518962,MONITOR,168.9098877341316,168.9098877341316,304.6919413259481,598.1232234696207
M,298.1,309.2,1460,45.8,80,0,0.9908277210365768,0.0091722789634237,0,0.0091722789634237,MONITOR,165.1010213416266,165.1010213416266,304.5861394817118,598.1655442073153
M,298.0,309.2,1438,42.9,101,0,0.9908277210365768,0.0091722789634237,0,0.0091722789634237,MONITOR,165.1010213416266,165.1010213416266,304.5861394817118,598.1655442073153
L,297.9,309.0,1583,36.7,104,0,0.9896484428141404,0.0103515571858599,0,0.0103515571858599,MONITOR,186.3280293454782,186.3280293454782,305.17577859292993,597.929688562828
L,297.5,308.7,1371,46.5,121,0,0.9632517000351216,0.0367482999648781,0,0.0367482999648781,SCHEDULE,318.37414998243906,661.4693993678057,318.37414998243906,592.6503400070244
H,297.4,308.6,1461,40.1,126,0,0.9908818682048762,0.0091181317951241,0,0.0091181317951241,MONITOR,164.1263723122338,164.1263723122338,304.55906589756205,598.1763736409753
L,297.4,308.7,1638,31.9,131,0,0.9896484428141404,0.0103515571858599,0,0.0103515571858599,MONITOR,186.3280293454782,186.3280293454782,305.17577859292993,597.929688562828
M,297.3,308.6,1584,29.4,141,0,0.9909386628880568,0.0090613371119437,0,0.0090613371119437,MONITOR,163.1040680149866,163.1040680149866,304.5306685559719,598.1877325776113
M,297.4,308.7,1382,49.9,151,0,0.9905369357461064,0.0094630642538943,0,0.0094630642538943,MONITOR,170.3351565700974,170.3351565700974,304.7315321269472,598.1073871492212
L,297.3,308.6,1385,55.2,156,0,0.98886776324892,0.0111322367510803,0,0.0111322367510803,MONITOR,200.3802615194454,200.3802615194454,305.56611837554016,597.7735526497839
M,297.2,308.6,1404,43.7,160,0,0.9909386628880568,0.0090613371119437,0,0.0090613371119437,MONITOR,163.1040680149866,163.1040680149866,304.5306685559719,598.1877325776113
L,297.1,308.4,1550,37.0,167,0,0.9896484428141404,0.0103515571858599,0,0.0103515571858599,MONITOR,186.3280293454782,186.3280293454782,305.17577859292993,597.929688562828
L,297.1,308.2,1402,51.2,186,0,0.9890969973373772,0.0109030026626229,0,0.0109030026626229,MONITOR,196.25404792721218,196.25404792721218,305.4515013313114,597.8193994674754
L,297.1,308.2,1399,42.6,194,0,0.9891344748976896,0.0108655251023105,0,0.0108655251023105,MONITOR,195.579451841589,195.579451841589,305.43276255115524,597.8268949795379
M,297.3,308.3,1459,59.6,207,1,0.8265688162643987,0.1734311837356013,0,0.1734311837356013,SCHEDULE,386.71559186780064,3121.761307240823,386.71559186780064,565.3137632528798
L,297.3,308.2,1601,35.7,9,0,0.9896484428141404,0.0103515571858599,0,0.0103515571858599,MONITOR,186.3280293454782,186.3280293454782,305.17577859292993,597.929688562828
L,297.4,308.3,1801,26.9,11,0,0.9895770946139896,0.0104229053860106,0,0.0104229053860106,MONITOR,187.6122969481908,187.6122969481908,305.2114526930053,597.9154189227979
M,297.3,308.4,1434,44.8,21,0,0.9909386628880568,0.0090613371119437,0,0.0090613371119437,MONITOR,163.1040680149866,163.1040680149866,304.5306685559719,598.1877325776113
M,297.3,308.3,1595,32.2,29,0,0.9909386628880568,0.0090613371119437,0,0.0090613371119437,MONITOR,163.1040680149866,163.1040680149866,304.5306685559719,598.1877325776113
L,297.3,308.3,2188,17.0,32,0,0.9892485125698094,0.0107514874301908,0,0.0107514874301908,MONITOR,193.5267737434344,193.5267737434344,305.3757437150954,597.8497025139618
L,297.3,308.1,1763,28.4,54,0,0.9895770946139896,0.0104229053860106,0,0.0104229053860106,MONITOR,187.6122969481908,187.6122969481908,305.2114526930053,597.9154189227979
L,297.3,308.0,1447,49.0,61,0,0.9901956444389132,0.009804355561087,0,0.009804355561087,MONITOR,176.47840009956602,176.47840009956602,304.9021777805435,598.0391288877826
L,297.4,308.1,1348,57.4,66,0,0.9625670520669876,0.0374329479330121,0,0.0374329479330121,SCHEDULE,318.71647396650604,673.7930627942178,318.71647396650604,592.5134104133975
L,297.4,308.1,1348,53.7,68,0,0.962872747611852,0.0371272523881479,0,0.0371272523881479,SCHEDULE,318.56362619407395,668.2905429866622,318.56362619407395,592.5745495223704
M,297.4,308.1,1734,27.7,70,0,0.9907270591995844,0.0092729408004161,0,0.0092729408004161,MONITOR,166.91293440748981,166.91293440748981,304.63647040020805,598.1454118399167
M,297.2,307.9,1456,44.9,85,0,0.9911555690380258,0.0088444309619747,0,0.0088444309619747,MONITOR,159.1997573155446,159.1997573155446,304.42221548098735,598.231113807605
L,297.1,307.9,1496,44.7,88,0,0.9901956444389132,0.009804355561087,0,0.009804355561087,MONITOR,176.47840009956602,176.47840009956602,304.9021777805435,598.0391288877826
L,296.9,307.6,1514,35.7,100,0,0.9910076011021942,0.008992398897806,0,0.008992398897806,MONITOR,161.863180160508,161.863180160508,304.49619944890304,598.2015202204389
M,296.8,307.4,1455,49.9,102,0,0.991790674240024,0.0082093257599765,0,0.0082093257599765,MONITOR,147.767863679577,147.767863679577,304.10466287998827,598.3581348480047
L,297.1,307.8,1406,60.4,133,0,0.98184075357781,0.0181592464221904,0,0.0181592464221904,SCHEDULE,309.07962321109517,326.86643559942723,309.07962321109517,596.3681507155619
L,297.2,307.9,1825,24.6,142,0,0.9901242962387626,0.0098757037612376,0,0.0098757037612376,MONITOR,177.76266770227681,177.76266770227681,304.93785188061884,598.0248592477525
L,297.2,307.9,1469,48.2,144,0,0.9901956444389132,0.009804355561087,0,0.009804355561087,MONITOR,176.47840009956602,176.47840009956602,304.9021777805435,598.0391288877826
L,297.2,308.0,1474,43.7,162,0,0.9901956444389132,0.009804355561087,0,0.009804355561087,MONITOR,176.47840009956602,176.47840009956602,304.9021777805435,598.0391288877826
L,297.2,307.9,1540,37.1,164,0,0.9901956444389132,0.009804355561087,0,0.009804355561087,MONITOR,176.47840009956602,176.47840009956602,304.9021777805435,598.0391288877826
L,297.1,308.0,1467,42.8,169,0,0.9901956444389132,0.009804355561087,0,0.009804355561087,MONITOR,176.47840009956602,176.47840009956602,304.9021777805435,598.0391288877826
L,297.0,307.9,1493,46.1,173,0,0.9901956444389132,0.009804355561087,0,0.009804355561087,MONITOR,176.47840009956602,176.47840009956602,304.9021777805435,598.0391288877826
L,297.4,308.0,1383,46.2,188,0,0.9897939172969628,0.0102060827030376,0,0.0102060827030376,MONITOR,183.70948865467682,183.70948865467682,305.1030413515188,597.9587834593925
L,297.3,307.9,1579,34.4,193,0,0.9901956444389132,0.009804355561087,0,0.009804355561087,MONITOR,176.47840009956602,176.47840009956602,304.9021777805435,598.0391288877826
L,297.3,308.1,1615,35.4,217,1,0.9393700039155892,0.0606299960844109,0,0.0606299960844109,SCHEDULE,330.31499804220545,1091.3399295193963,330.31499804220545,587.8740007831178
L,297.4,308.3,1548,46.6,7,0,0.9896484428141404,0.0103515571858599,0,0.0103515571858599,MONITOR,186.3280293454782,186.3280293454782,305.17577859292993,597.929688562828
M,297.5,308.4,1685,28.1,15,0,0.990867314687906,0.0091326853120943,0,0.0091326853120943,MONITOR,164.3883356176974,164.3883356176974,304.56634265604714,598.1734629375811
M,297.3,308.1,1731,27.7,42,0,0.9907270591995844,0.0092729408004161,0,0.0092729408004161,MONITOR,166.91293440748981,166.91293440748981,304.63647040020805,598.1454118399167
L,297.3,308.4,1488,37.4,69,0,0.9896484428141404,0.0103515571858599,0,0.0103515571858599,MONITOR,186.3280293454782,186.3280293454782,305.17577859292993,597.929688562828
M,297.4,308.5,1566,31.4,76,0,0.9909386628880568,0.0090613371119437,0,0.0090613371119437,MONITOR,163.1040680149866,163.1040680149866,304.5306685559719,598.1877325776113
L,297.4,308.6,1820,24.6,79,0,0.9895770946139896,0.0104229053860106,0,0.0104229053860106,MONITOR,187.6122969481908,187.6122969481908,305.2114526930053,597.9154189227979
M,297.4,308.6,1901,22.1,81,0,0.9905466253035524,0.0094533746964482,0,0.0094533746964482,MONITOR,170.1607445360676,170.1607445360676,304.72668734822406,598.1093250607103
L,297.2,308.3,1805,25.6,103,0,0.9895770946139896,0.0104229053860106,0,0.0104229053860106,MONITOR,187.6122969481908,187.6122969481908,305.2114526930053,597.9154189227979
M,297.2,308.4,1863,26.0,110,0,0.9907270591995844,0.0092729408004161,0,0.0092729408004161,MONITOR,166.91293440748981,166.91293440748981,304.63647040020805,598.1454118399167
L,297.2,308.3,1419,39.7,115,0,0.9896484428141404,0.0103515571858599,0,0.0103515571858599,MONITOR,186.3280293454782,186.3280293454782,305.17577859292993,597.929688562828
L,297.2,308.4,1833,25.2,117,0,0.9895770946139896,0.0104229053860106,0,0.0104229053860106,MONITOR,187.6122969481908,187.6122969481908,305.2114526930053,597.9154189227979
L,297.1,308.2,1351,56.6,126,0,0.9625670520669876,0.0374329479330121,0,0.0374329479330121,SCHEDULE,318.71647396650604,673.7930627942178,318.71647396650604,592.5134104133975
L,297.0,308.1,1429,54.0,138,0,0.9892694903908704,0.0107305096091297,0,0.0107305096091297,MONITOR,193.1491729643346,193.1491729643346,305.36525480456487,597.8538980781741
H,297.2,308.1,1770,27.2,140,0,0.9908105200047256,0.0091894799952748,0,0.0091894799952748,MONITOR,165.41063991494642,165.41063991494642,304.5947399976374,598.1621040009451
L,297.3,308.1,1762,26.1,154,0,0.9895770946139896,0.0104229053860106,0,0.0104229053860106,MONITOR,187.6122969481908,187.6122969481908,305.2114526930053,597.9154189227979
L,297.3,308.1,1566,35.7,156,0,0.9896484428141404,0.0103515571858599,0,0.0103515571858599,MONITOR,186.3280293454782,186.3280293454782,305.17577859292993,597.929688562828
L,297.1,307.8,1681,27.6,181,0,0.9901242962387626,0.0098757037612376,0,0.0098757037612376,MONITOR,177.76266770227681,177.76266770227681,304.93785188061884,598.0248592477525
L,297.3,308.1,1458,45.7,202,0,0.981413954041658,0.0185860459583422,0,0.0185860459583422,SCHEDULE,309.2930229791711,334.5488272501596,309.2930229791711,596.2827908083315
H,297.3,308.2,1653,31.4,9,0,0.9908818682048762,0.0091181317951241,0,0.0091181317951241,MONITOR,164.1263723122338,164.1263723122338,304.55906589756205,598.1763736409753
L,297.3,308.3,1494,38.2,14,0,0.9896484428141404,0.0103515571858599,0,0.0103515571858599,MONITOR,186.3280293454782,186.3280293454782,305.17577859292993,597.929688562828
L,297.3,308.2,1490,41.0,16,0,0.9896484428141404,0.0103515571858599,0,0.0103515571858599,MONITOR,186.3280293454782,186.3280293454782,305.17577859292993,597.929688562828
M,297.4,308.3,1550,47.8,18,0,0.9909386628880568,0.0090613371119437,0,0.0090613371119437,MONITOR,163.1040680149866,163.1040680149866,304.5306685559719,598.1877325776113
M,297.3,308.2,1677,34.9,21,0,0.990867314687906,0.0091326853120943,0,0.0091326853120943,MONITOR,164.3883356176974,164.3883356176974,304.56634265604714,598.1734629375811
M,297.5,308.6,1440,38.8,29,0,0.9909386628880568,0.0090613371119437,0,0.0090613371119437,MONITOR,163.1040680149866,163.1040680149866,304.5306685559719,598.1877325776113
M,297.6,308.6,1482,38.3,39,0,0.9909386628880568,0.0090613371119437,0,0.0090613371119437,MONITOR,163.1040680149866,163.1040680149866,304.5306685559719,598.1877325776113
L,297.6,308.6,1526,42.1,57,0,0.9896484428141404,0.0103515571858599,0,0.0103515571858599,MONITOR,186.3280293454782,186.3280293454782,305.17577859292993,597.929688562828
L,297.4,308.4,1426,50.4,70,0,0.9892694903908704,0.0107305096091297,0,0.0107305096091297,MONITOR,193.1491729643346,193.1491729643346,305.36525480456487,597.8538980781741
L,297.4,308.5,1569,34.2,72,0,0.9896484428141404,0.0103515571858599,0,0.0103515571858599,MONITOR,186.3280293454782,186.3280293454782,305.17577859292993,597.929688562828
M,297.5,308.6,1486,45.9,78,0,0.9909386628880568,0.0090613371119437,0,0.0090613371119437,MONITOR,163.1040680149866,163.1040680149866,304.5306685559719,598.1877325776113
L,297.7,308.7,1479,45.7,93,0,0.9896484428141404,0.0103515571858599,0,0.0103515571858599,MONITOR,186.3280293454782,186.3280293454782,305.17577859292993,597.929688562828
H,297.7,308.8,1404,50.3,97,0,0.9908201398098144,0.0091798601901859,0,0.0091798601901859,MONITOR,165.2374834233462,165.2374834233462,304.58993009509294,598.1640279619628
L,297.6,308.6,1522,37.0,106,0,0.9896484428141404,0.0103515571858599,0,0.0103515571858599,MONITOR,186.3280293454782,186.3280293454782,305.17577859292993,597.929688562828
L,297.5,308.5,1536,36.9,108,0,0.9896484428141404,0.0103515571858599,0,0.0103515571858599,MONITOR,186.3280293454782,186.3280293454782,305.17577859292993,597.929688562828
L,297.5,308.5,1373,39.9,110,0,0.9632517000351216,0.0367482999648781,0,0.0367482999648781,SCHEDULE,318.37414998243906,661.4693993678057,318.37414998243906,592.6503400070244
L,297.6,308.5,1452,42.6,116,0,0.9896484428141404,0.0103515571858599,0,0.0103515571858599,MONITOR,186.3280293454782,186.3280293454782,305.17577859292993,597.929688562828
M,297.5,308.5,1447,41.6,118,0,0.9909386628880568,0.0090613371119437,0,0.0090613371119437,MONITOR,163.1040680149866,163.1040680149866,304.5306685559719,598.1877325776113
L,297.6,308.6,1528,40.0,123,0,0.9896484428141404,0.0103515571858599,0,0.0103515571858599,MONITOR,186.3280293454782,186.3280293454782,305.17577859292993,597.929688562828
L,297.5,308.6,1546,33.8,139,0,0.9896484428141404,0.0103515571858599,0,0.0103515571858599,MONITOR,186.3280293454782,186.3280293454782,305.17577859292993,597.929688562828
L,297.6,308.6,1415,47.3,169,0,0.9896484428141404,0.0103515571858599,0,0.0103515571858599,MONITOR,186.3280293454782,186.3280293454782,305.17577859292993,597.929688562828
M,297.7,308.8,1388,45.6,190,0,0.9904246949716062,0.0095753050283943,0,0.0095753050283943,MONITOR,172.3554905110974,172.3554905110974,304.7876525141972,598.0849389943212
L,297.9,309.1,1504,43.0,4,0,0.9896484428141404,0.0103515571858599,0,0.0103515571858599,MONITOR,186.3280293454782,186.3280293454782,305.17577859292993,597.929688562828
L,297.9,309.1,1507,36.9,13,0,0.9896484428141404,0.0103515571858599,0,0.0103515571858599,MONITOR,186.3280293454782,186.3280293454782,305.17577859292993,597.929688562828
L,297.9,309.1,1543,36.6,20,0,0.9896484428141404,0.0103515571858599,0,0.0103515571858599,MONITOR,186.3280293454782,186.3280293454782,305.17577859292993,597.929688562828
L,297.9,309.0,1502,40.2,30,0,0.9896484428141404,0.0103515571858599,0,0.0103515571858599,MONITOR,186.3280293454782,186.3280293454782,305.17577859292993,597.929688562828
L,297.9,309.0,1532,37.6,47,0,0.9896484428141404,0.0103515571858599,0,0.0103515571858599,MONITOR,186.3280293454782,186.3280293454782,305.17577859292993,597.929688562828
L,297.9,308.8,1613,31.4,57,0,0.9896484428141404,0.0103515571858599,0,0.0103515571858599,MONITOR,186.3280293454782,186.3280293454782,305.17577859292993,597.929688562828
L,297.8,308.7,1404,44.2,62,0,0.9896484428141404,0.0103515571858599,0,0.0103515571858599,MONITOR,186.3280293454782,186.3280293454782,305.17577859292993,597.929688562828
L,297.8,308.8,1559,35.2,66,0,0.9896484428141404,0.0103515571858599,0,0.0103515571858599,MONITOR,186.3280293454782,186.3280293454782,305.17577859292993,597.929688562828
M,297.9,308.9,1547,44.0,72,0,0.9909386628880568,0.0090613371119437,0,0.0090613371119437,MONITOR,163.1040680149866,163.1040680149866,304.5306685559719,598.1877325776113
L,298.0,308.9,1390,53.9,88,0,0.9890969973373772,0.0109030026626229,0,0.0109030026626229,MONITOR,196.25404792721218,196.25404792721218,305.4515013313114,597.8193994674754
H,297.7,308.8,1469,43.7,96,0,0.9908818682048762,0.0091181317951241,0,0.0091181317951241,MONITOR,164.1263723122338,164.1263723122338,304.55906589756205,598.1763736409753
M,297.9,309.0,1525,38.5,113,0,0.9909386628880568,0.0090613371119437,0,0.0090613371119437,MONITOR,163.1040680149866,163.1040680149866,304.5306685559719,598.1877325776113
L,298.3,309.1,1403,45.1,138,0,0.9894759497606472,0.0105240502393531,0,0.0105240502393531,MONITOR,189.4329043083558,189.4329043083558,305.26202511967654,597.8951899521294
L,298.3,309.1,1904,20.3,140,0,0.9892485125698094,0.0107514874301908,0,0.0107514874301908,MONITOR,193.5267737434344,193.5267737434344,305.3757437150954,597.8497025139618
L,298.3,308.8,1767,27.3,168,0,0.9895770946139896,0.0104229053860106,0,0.0104229053860106,MONITOR,187.6122969481908,187.6122969481908,305.2114526930053,597.9154189227979
L,298.3,308.9,1862,27.0,172,0,0.9895770946139896,0.0104229053860106,0,0.0104229053860106,MONITOR,187.6122969481908,187.6122969481908,305.2114526930053,597.9154189227979
M,298.3,309.1,1488,40.6,176,0,0.9909386628880568,0.0090613371119437,0,0.0090613371119437,MONITOR,163.1040680149866,163.1040680149866,304.5306685559719,598.1877325776113
M,298.2,309.1,1651,28.8,186,0,0.9909386628880568,0.0090613371119437,0,0.0090613371119437,MONITOR,163.1040680149866,163.1040680149866,304.5306685559719,598.1877325776113
M,298.3,309.1,1296,58.7,201,0,0.9128356900995162,0.087164309900484,0,0.087164309900484,SCHEDULE,343.582154950242,1568.957578208712,343.582154950242,582.5671380199032
M,298.2,309.0,1694,28.0,5,0,0.9907270591995844,0.0092729408004161,0,0.0092729408004161,MONITOR,166.91293440748981,166.91293440748981,304.63647040020805,598.1454118399167
L,298.2,308.9,1737,25.5,26,0,0.9895770946139896,0.0104229053860106,0,0.0104229053860106,MONITOR,187.6122969481908,187.6122969481908,305.2114526930053,597.9154189227979
L,298.2,308.7,1991,20.5,36,0,0.9892485125698094,0.0107514874301908,0,0.0107514874301908,MONITOR,193.5267737434344,193.5267737434344,305.3757437150954,597.8497025139618
L,298.2,308.7,1428,54.9,45,0,0.9892694903908704,0.0107305096091297,0,0.0107305096091297,MONITOR,193.1491729643346,193.1491729643346,305.36525480456487,597.8538980781741
L,298.2,308.7,1605,29.4,47,0,0.9896484428141404,0.0103515571858599,0,0.0103515571858599,MONITOR,186.3280293454782,186.3280293454782,305.17577859292993,597.929688562828
L,298.2,308.7,1447,48.4,51,0,0.9896484428141404,0.0103515571858599,0,0.0103515571858599,MONITOR,186.3280293454782,186.3280293454782,305.17577859292993,597.929688562828
H,298.2,308.8,1606,39.9,53,0,0.9908818682048762,0.0091181317951241,0,0.0091181317951241,MONITOR,164.1263723122338,164.1263723122338,304.55906589756205,598.1763736409753
L,298.2,308.9,1336,45.0,66,0,0.9632517000351216,0.0367482999648781,0,0.0367482999648781,SCHEDULE,318.37414998243906,661.4693993678057,318.37414998243906,592.6503400070244
M,298.2,308.9,1414,44.3,68,0,0.9909386628880568,0.0090613371119437,0,0.0090613371119437,MONITOR,163.1040680149866,163.1040680149866,304.5306685559719,598.1877325776113
L,298.2,308.9,1683,31.7,74,0,0.9895770946139896,0.0104229053860106,0,0.0104229053860106,MONITOR,187.6122969481908,187.6122969481908,305.2114526930053,597.9154189227979
L,298.2,309.0,1418,44.2,87,0,0.9896484428141404,0.0103515571858599,0,0.0103515571858599,MONITOR,186.3280293454782,186.3280293454782,305.17577859292993,597.929688562828
L,298.1,309.0,1437,36.2,95,0,0.9896484428141404,0.0103515571858599,0,0.0103515571858599,MONITOR,186.3280293454782,186.3280293454782,305.17577859292993,597.929688562828
H,298.3,309.1,1646,30.2,125,0,0.9908818682048762,0.0091181317951241,0,0.0091181317951241,MONITOR,164.1263723122338,164.1263723122338,304.55906589756205,598.1763736409753
L,298.4,309.1,1423,48.0,135,0,0.9896484428141404,0.0103515571858599,0,0.0103515571858599,MONITOR,186.3280293454782,186.3280293454782,305.17577859292993,597.929688562828
L,298.4,309.3,1549,40.8,139,0,0.9896229046893684,0.0103770953106319,0,0.0103770953106319,MONITOR,186.7877155913742,186.7877155913742,305.188547655316,597.9245809378737
L,298.4,309.2,1335,53.5,168,0,0.9628472094870798,0.0371527905129199,0,0.0371527905129199,SCHEDULE,318.57639525645993,668.7502292325581,318.57639525645993,592.569441897416
H,298.5,309.1,2051,19.0,184,0,0.9904819379605452,0.009518062039455,0,0.009518062039455,MONITOR,171.32511671019,171.32511671019,304.7590310197275,598.096387592109
M,298.4,309.0,1507,36.1,191,0,0.9905971880250994,0.0094028119749011,0,0.0094028119749011,MONITOR,169.2506155482198,169.2506155482198,304.7014059874505,598.1194376050198
L,298.4,308.9,1496,37.9,194,0,0.9893069679511828,0.0106930320488173,0,0.0106930320488173,MONITOR,192.47457687871142,192.47457687871142,305.34651602440863,597.8613935902365
L,298.4,308.9,1501,50.0,203,0,0.9758097922026642,0.0241902077973361,0,0.0241902077973361,SCHEDULE,312.095103898668,435.42374035204983,312.095103898668,595.1619584405328
M,298.3,308.9,1363,46.1,5,0,0.9647547668507738,0.0352452331492263,0,0.0352452331492263,SCHEDULE,317.6226165746132,634.4141966860734,317.6226165746132,592.9509533701547
L,298.2,308.8,1616,33.7,16,0,0.9896484428141404,0.0103515571858599,0,0.0103515571858599,MONITOR,186.3280293454782,186.3280293454782,305.17577859292993,597.929688562828
L,298.2,308.8,1442,47.0,18,0,0.9896484428141404,0.0103515571858599,0,0.0103515571858599,MONITOR,186.3280293454782,186.3280293454782,305.17577859292993,597.929688562828
M,298.2,308.8,1626,40.4,20,0,0.9909386628880568,0.0090613371119437,0,0.0090613371119437,MONITOR,163.1040680149866,163.1040680149866,304.5306685559719,598.1877325776113
L,298.2,308.7,1780,27.9,35,0,0.9895770946139896,0.0104229053860106,0,0.0104229053860106,MONITOR,187.6122969481908,187.6122969481908,305.2114526930053,597.9154189227979
M,298.2,308.8,1607,31.9,39,0,0.9909386628880568,0.0090613371119437,0,0.0090613371119437,MONITOR,163.1040680149866,163.1040680149866,304.5306685559719,598.1877325776113
L,298.3,308.9,1270,52.7,44,0,0.9577492292414564,0.0422507707585433,0,0.0422507707585433,SCHEDULE,321.1253853792716,760.5138736537793,321.1253853792716,591.5498458482913
L,298.0,308.6,1610,33.1,56,0,0.9896484428141404,0.0103515571858599,0,0.0103515571858599,MONITOR,186.3280293454782,186.3280293454782,305.17577859292993,597.929688562828
H,297.7,308.4,1288,49.5,91,0,0.9419190797727586,0.0580809202272412,0,0.0580809202272412,SCHEDULE,329.04046011362055,1045.4565640903415,329.04046011362055,588.3838159545517
H,297.7,308.3,1488,41.0,101,0,0.9908818682048762,0.0091181317951241,0,0.0091181317951241,MONITOR,164.1263723122338,164.1263723122338,304.55906589756205,598.1763736409753
L,297.6,308.3,1816,28.8,106,0,0.9895770946139896,0.0104229053860106,0,0.0104229053860106,MONITOR,187.6122969481908,187.6122969481908,305.2114526930053,597.9154189227979
L,297.4,308.1,1435,45.7,110,0,0.9896484428141404,0.0103515571858599,0,0.0103515571858599,MONITOR,186.3280293454782,186.3280293454782,305.17577859292993,597.929688562828
L,297.5,308.2,1610,33.6,115,0,0.9896484428141404,0.0103515571858599,0,0.0103515571858599,MONITOR,186.3280293454782,186.3280293454782,305.17577859292993,597.929688562828
H,297.5,308.1,1548,38.2,117,0,0.9908818682048762,0.0091181317951241,0,0.0091181317951241,MONITOR,164.1263723122338,164.1263723122338,304.55906589756205,598.1763736409753
M,297.5,308.0,2033,16.7,128,0,0.9896657714772568,0.0103342285227438,0,0.0103342285227438,MONITOR,186.0161134093884,186.0161134093884,305.16711426137186,597.9331542954512
H,297.4,307.9,1390,52.0,131,0,0.9903941767387228,0.0096058232612777,0,0.0096058232612777,MONITOR,172.9048187029986,172.9048187029986,304.80291163063885,598.0788353477444
M,297.5,308.0,1560,39.0,141,0,0.9911555690380258,0.0088444309619747,0,0.0088444309619747,MONITOR,159.1997573155446,159.1997573155446,304.42221548098735,598.231113807605
H,297.6,308.2,2071,18.5,144,0,0.9904819379605452,0.009518062039455,0,0.009518062039455,MONITOR,171.32511671019,171.32511671019,304.7590310197275,598.096387592109
L,297.6,308.1,1437,46.3,149,0,0.9896484428141404,0.0103515571858599,0,0.0103515571858599,MONITOR,186.3280293454782,186.3280293454782,305.17577859292993,597.929688562828
L,297.7,308.2,1334,53.0,156,0,0.962872747611852,0.0371272523881479,0,0.0371272523881479,SCHEDULE,318.56362619407395,668.2905429866622,318.56362619407395,592.5745495223704
L,297.7,308.1,1734,30.7,177,0,0.9895770946139896,0.0104229053860106,0,0.0104229053860106,MONITOR,187.6122969481908,187.6122969481908,305.2114526930053,597.9154189227979
M,297.7,308.1,1469,48.8,183,0,0.9909386628880568,0.0090613371119437,0,0.0090613371119437,MONITOR,163.1040680149866,163.1040680149866,304.5306685559719,598.1877325776113
L,298.0,308.5,1664,28.3,196,0,0.9892356197510322,0.010764380248968,0,0.010764380248968,MONITOR,193.75884448142398,193.75884448142398,305.38219012448405,597.8471239502064
L,298.1,308.6,1354,53.9,207,1,0.8206727398204093,0.1793272601795905,0,0.1793272601795905,SCHEDULE,389.6636300897952,3227.890683232629,389.6636300897952,564.1345479640819
H,298.1,308.4,1515,43.8,6,0,0.9908818682048762,0.0091181317951241,0,0.0091181317951241,MONITOR,164.1263723122338,164.1263723122338,304.55906589756205,598.1763736409753
L,298.1,308.5,1676,30.5,22,0,0.9895770946139896,0.0104229053860106,0,0.0104229053860106,MONITOR,187.6122969481908,187.6122969481908,305.2114526930053,597.9154189227979
M,298.0,308.5,1585,33.0,24,0,0.9909386628880568,0.0090613371119437,0,0.0090613371119437,MONITOR,163.1040680149866,163.1040680149866,304.5306685559719,598.1877325776113
H,298.2,308.8,1837,28.4,34,0,0.9908105200047256,0.0091894799952748,0,0.0091894799952748,MONITOR,165.41063991494642,165.41063991494642,304.5947399976374,598.1621040009451
L,298.2,308.8,1498,36.0,39,0,0.9896484428141404,0.0103515571858599,0,0.0103515571858599,MONITOR,186.3280293454782,186.3280293454782,305.17577859292993,597.929688562828
L,298.0,308.6,1626,33.3,50,0,0.9896484428141404,0.0103515571858599,0,0.0103515571858599,MONITOR,186.3280293454782,186.3280293454782,305.17577859292993,597.929688562828
L,298.0,308.7,1443,49.3,52,0,0.9896484428141404,0.0103515571858599,0,0.0103515571858599,MONITOR,186.3280293454782,186.3280293454782,305.17577859292993,597.929688562828
M,298.1,308.7,1527,43.0,56,0,0.9909386628880568,0.0090613371119437,0,0.0090613371119437,MONITOR,163.1040680149866,163.1040680149866,304.5306685559719,598.1877325776113
M,298.1,308.7,1315,56.8,59,0,0.9650111841159014,0.0349888158840988,0,0.0349888158840988,SCHEDULE,317.4944079420494,629.7986859137784,317.4944079420494,593.0022368231803
L,298.1,308.9,2136,15.9,78,0,0.9873097895020096,0.0126902104979907,0,0.0126902104979907,MONITOR,228.42378896383258,228.42378896383258,306.34510524899537,597.4619579004019
H,298.1,308.9,1388,53.5,83,0,0.9895252584215486,0.0104747415784517,0,0.0104747415784517,MONITOR,188.5453484121306,188.5453484121306,305.23737078922585,597.9050516843096
M,298.1,308.8,1434,41.8,93,0,0.9909386628880568,0.0090613371119437,0,0.0090613371119437,MONITOR,163.1040680149866,163.1040680149866,304.5306685559719,598.1877325776113
H,298.0,308.7,1536,39.6,99,0,0.9908818682048762,0.0091181317951241,0,0.0091181317951241,MONITOR,164.1263723122338,164.1263723122338,304.55906589756205,598.1763736409753
M,298.4,309.2,1399,45.2,125,0,0.9906552279830836,0.0093447720169169,0,0.0093447720169169,MONITOR,168.2058963045042,168.2058963045042,304.6723860084585,598.1310455966167
L,298.5,309.3,1570,40.1,131,0,0.9896229046893684,0.0103770953106319,0,0.0103770953106319,MONITOR,186.7877155913742,186.7877155913742,305.188547655316,597.9245809378737
M,298.5,309.3,1552,36.8,133,0,0.9908277210365768,0.0091722789634237,0,0.0091722789634237,MONITOR,165.1010213416266,165.1010213416266,304.5861394817118,598.1655442073153
L,298.6,309.4,1471,48.0,141,0,0.9896229046893684,0.0103770953106319,0,0.0103770953106319,MONITOR,186.7877155913742,186.7877155913742,305.188547655316,597.9245809378737
L,298.6,309.4,1375,55.4,145,0,0.9645674987064856,0.0354325012935142,0,0.0354325012935142,SCHEDULE,317.7162506467571,637.7850232832556,317.7162506467571,592.9134997412971
L,298.6,309.4,1698,33.2,147,0,0.9895515564892176,0.0104484435107825,0,0.0104484435107825,MONITOR,188.071983194085,188.071983194085,305.2242217553912,597.9103112978435
L,298.7,309.5,1446,40.0,160,0,0.9896229046893684,0.0103770953106319,0,0.0103770953106319,MONITOR,186.7877155913742,186.7877155913742,305.188547655316,597.9245809378737
M,298.8,309.6,1693,33.3,170,0,0.9906161173481044,0.0093838826518962,0,0.0093838826518962,MONITOR,168.9098877341316,168.9098877341316,304.6919413259481,598.1232234696207
L,298.9,309.6,1663,33.7,195,0,0.988924308515047,0.0110756914849533,0,0.0110756914849533,MONITOR,199.36244672915942,199.36244672915942,305.53784574247663,597.7848617030094
L,298.9,309.6,1583,39.8,202,0,0.9811281809304448,0.0188718190695555,0,0.0188718190695555,SCHEDULE,309.43590953477775,339.69274325199905,309.43590953477775,596.225636186089
M,298.9,309.6,1567,34.5,204,0,0.9766477547227548,0.0233522452772459,0,0.0233522452772459,SCHEDULE,311.676122638623,420.3404149904262,311.676122638623,595.3295509445509
L,298.9,309.7,1407,41.9,207,0,0.9702287927501848,0.0297712072498154,0,0.0297712072498154,SCHEDULE,314.8856036249077,535.8817304966772,314.8856036249077,594.0457585500369
M,299.0,309.7,1489,40.7,212,0,0.9652510191958752,0.0347489808041252,0,0.0347489808041252,SCHEDULE,317.3744904020626,625.4816544742537,317.3744904020626,593.0502038391749
L,299.1,309.9,1586,36.6,215,0,0.952778431222826,0.0472215687771744,0,0.0472215687771744,SCHEDULE,323.6107843885872,849.9882379891392,323.6107843885872,590.5556862445652
H,299.3,310.4,1548,41.6,25,0,0.9906140906943148,0.0093859093056854,0,0.0093859093056854,MONITOR,168.9463675023372,168.9463675023372,304.6929546528427,598.122818138863
L,299.3,310.5,1505,38.8,30,0,0.9890519267532002,0.0109480732468,0,0.0109480732468,MONITOR,197.06531844239998,197.06531844239998,305.47403662339997,597.81038535064
M,299.2,310.4,1502,39.8,34,0,0.990542516211622,0.0094574837883785,0,0.0094574837883785,MONITOR,170.23470819081302,170.23470819081302,304.7287418941892,598.1085032423243
L,299.0,310.1,1416,45.9,47,0,0.9890519267532002,0.0109480732468,0,0.0109480732468,MONITOR,197.06531844239998,197.06531844239998,305.47403662339997,597.81038535064
L,299.0,310.2,1682,28.8,49,0,0.9889805785530495,0.0110194214469507,0,0.0110194214469507,MONITOR,198.3495860451126,198.3495860451126,305.5097107234754,597.7961157106099
M,299.0,310.2,1657,32.3,64,0,0.990542516211622,0.0094574837883785,0,0.0094574837883785,MONITOR,170.23470819081302,170.23470819081302,304.7287418941892,598.1085032423243
L,299.1,310.3,1411,42.1,74,0,0.9890519267532002,0.0109480732468,0,0.0109480732468,MONITOR,197.06531844239998,197.06531844239998,305.47403662339997,597.81038535064
L,299.1,310.3,1459,46.7,84,0,0.9890519267532002,0.0109480732468,0,0.0109480732468,MONITOR,197.06531844239998,197.06531844239998,305.47403662339997,597.81038535064
L,299.3,310.5,1818,26.0,102,0,0.9889805785530495,0.0110194214469507,0,0.0110194214469507,MONITOR,198.3495860451126,198.3495860451126,305.5097107234754,597.7961157106099
M,299.3,310.6,1457,42.1,104,0,0.989574774276138,0.0104252257238624,0,0.0104252257238624,MONITOR,187.6540630295232,187.6540630295232,305.2126128619312,597.9149548552275
M,299.4,310.8,1628,40.2,111,0,0.9904856980298038,0.0095143019701967,0,0.0095143019701967,MONITOR,171.2574354635406,171.2574354635406,304.75715098509835,598.0971396059607
M,299.5,310.9,1378,48.7,119,0,0.966497390945784,0.0335026090542163,0,0.0335026090542163,SCHEDULE,316.7513045271081,603.0469629758934,316.7513045271081,593.2994781891567
L,299.6,311.1,1679,30.7,129,0,0.9889805785530495,0.0110194214469507,0,0.0110194214469507,MONITOR,198.3495860451126,198.3495860451126,305.5097107234754,597.7961157106099
M,299.6,311.1,1649,33.8,133,0,0.9904856980298038,0.0095143019701967,0,0.0095143019701967,MONITOR,171.2574354635406,171.2574354635406,304.75715098509835,598.0971396059607
M,299.3,310.8,1523,40.9,141,0,0.989574774276138,0.0104252257238624,0,0.0104252257238624,MONITOR,187.6540630295232,187.6540630295232,305.2126128619312,597.9149548552275
L,299.3,310.7,1495,39.2,144,0,0.9890519267532002,0.0109480732468,0,0.0109480732468,MONITOR,197.06531844239998,197.06531844239998,305.47403662339997,597.81038535064
L,299.5,310.9,1496,38.5,162,0,0.9890519267532002,0.0109480732468,0,0.0109480732468,MONITOR,197.06531844239998,197.06531844239998,305.47403662339997,597.81038535064
L,299.6,310.9,1853,26.3,166,0,0.9889805785530495,0.0110194214469507,0,0.0110194214469507,MONITOR,198.3495860451126,198.3495860451126,305.5097107234754,597.7961157106099
M,299.8,311.1,1763,25.5,171,0,0.9902740943413312,0.0097259056586691,0,0.0097259056586691,MONITOR,175.0663018560438,175.0663018560438,304.8629528293345,598.0548188682661
L,299.8,311.1,1820,24.9,174,0,0.9889805785530495,0.0110194214469507,0,0.0110194214469507,MONITOR,198.3495860451126,198.3495860451126,305.5097107234754,597.7961157106099
L,299.7,310.9,1384,48.2,188,0,0.9886501996112496,0.0113498003887506,0,0.0113498003887506,MONITOR,204.2964069975108,204.2964069975108,305.6749001943753,597.73003992225
M,299.7,310.8,1405,47.6,192,0,0.9901442231668464,0.0098557768331541,0,0.0098557768331541,MONITOR,177.4039829967738,177.4039829967738,304.92788841657705,598.0288446333691
L,299.7,310.9,1491,40.1,195,0,0.9887104518902428,0.0112895481097574,0,0.0112895481097574,MONITOR,203.21186597563317,203.21186597563317,305.6447740548787,597.7420903780485
L,299.3,310.5,1529,41.3,17,0,0.9890519267532002,0.0109480732468,0,0.0109480732468,MONITOR,197.06531844239998,197.06531844239998,305.47403662339997,597.81038535064
L,299.4,310.6,1348,54.5,22,0,0.9579043367436384,0.0420956632563613,0,0.0420956632563613,SCHEDULE,321.0478316281807,757.7219386145034,321.0478316281807,591.5808673487278
H,299.3,310.4,1510,45.5,27,0,0.9906140906943148,0.0093859093056854,0,0.0093859093056854,MONITOR,168.9463675023372,168.9463675023372,304.6929546528427,598.122818138863
L,299.2,310.4,1379,46.8,39,0,0.963193857208116,0.036806142791884,0,0.036806142791884,SCHEDULE,318.403071395942,662.5105702539121,318.403071395942,592.6387714416232
L,299.1,310.2,1352,52.8,41,0,0.9579043367436384,0.0420956632563613,0,0.0420956632563613,SCHEDULE,321.0478316281807,757.7219386145034,321.0478316281807,591.5808673487278
M,298.9,310.1,1484,37.9,73,0,0.990542516211622,0.0094574837883785,0,0.0094574837883785,MONITOR,170.23470819081302,170.23470819081302,304.7287418941892,598.1085032423243
L,298.9,310.1,1571,36.8,78,0,0.9890519267532002,0.0109480732468,0,0.0109480732468,MONITOR,197.06531844239998,197.06531844239998,305.47403662339997,597.81038535064
M,299.0,310.2,1625,31.8,89,0,0.990542516211622,0.0094574837883785,0,0.0094574837883785,MONITOR,170.23470819081302,170.23470819081302,304.7287418941892,598.1085032423243
L,299.0,310.2,1377,62.5,92,1,0.8323220033067257,0.1676779966932743,0,0.1676779966932743,SCHEDULE,383.83899834663714,3018.2039404789375,383.83899834663714,566.464400661345
M,299.0,310.0,2049,19.5,111,0,0.989381300695033,0.0106186993049675,0,0.0106186993049675,MONITOR,191.136587489415,191.136587489415,305.3093496524837,597.8762601390065
L,298.9,310.1,1356,47.8,116,0,0.9579043367436384,0.0420956632563613,0,0.0420956632563613,SCHEDULE,321.0478316281807,757.7219386145034,321.0478316281807,591.5808673487278
M,298.9,310.0,1487,36.6,129,0,0.990542516211622,0.0094574837883785,0,0.0094574837883785,MONITOR,170.23470819081302,170.23470819081302,304.7287418941892,598.1085032423243
L,299.0,310.0,1672,33.2,144,0,0.9889805785530495,0.0110194214469507,0,0.0110194214469507,MONITOR,198.3495860451126,198.3495860451126,305.5097107234754,597.7961157106099
M,299.0,310.0,1337,57.4,146,0,0.9613015565068684,0.0386984434931316,0,0.0386984434931316,SCHEDULE,319.34922174656583,696.5719828763688,319.34922174656583,592.2603113013737
H,299.3,310.4,1393,44.9,162,0,0.98037986924576,0.0196201307542403,0,0.0196201307542403,SCHEDULE,309.81006537712017,353.1623535763254,309.81006537712017,596.075973849152
L,299.3,310.4,1725,26.8,167,0,0.9889805785530495,0.0110194214469507,0,0.0110194214469507,MONITOR,198.3495860451126,198.3495860451126,305.5097107234754,597.7961157106099
L,299.4,310.4,1509,40.6,175,0,0.9890519267532002,0.0109480732468,0,0.0109480732468,MONITOR,197.06531844239998,197.06531844239998,305.47403662339997,597.81038535064
L,299.3,310.4,1629,32.6,177,0,0.9890519267532002,0.0109480732468,0,0.0109480732468,MONITOR,197.06531844239998,197.06531844239998,305.47403662339997,597.81038535064
L,299.4,310.5,1749,28.1,179,0,0.9889805785530495,0.0110194214469507,0,0.0110194214469507,MONITOR,198.3495860451126,198.3495860451126,305.5097107234754,597.7961157106099
M,299.1,310.0,1437,41.1,192,0,0.9902010413486646,0.009798958651336,0,0.009798958651336,MONITOR,176.381255724048,176.381255724048,304.899479325668,598.0402082697328
M,299.1,310.0,1580,36.0,195,0,0.9902010413486646,0.009798958651336,0,0.009798958651336,MONITOR,176.381255724048,176.381255724048,304.899479325668,598.0402082697328
L,299.1,310.0,1367,56.3,203,1,0.8832573816533017,0.1167426183466985,0,0.1167426183466985,SCHEDULE,358.37130917334923,2101.367130240573,358.37130917334923,576.6514763306602
L,299.0,310.1,1623,33.0,210,0,0.9680111592143184,0.0319888407856819,0,0.0319888407856819,SCHEDULE,315.994420392841,575.7991341422742,315.994420392841,593.6022318428637
L,299.0,309.9,1548,34.5,214,0,0.956425399504234,0.0435746004957661,0,0.0435746004957661,SCHEDULE,321.787300247883,784.3428089237898,321.787300247883,591.2850799008468
L,298.9,309.8,1287,61.9,216,1,0.5128472461315375,0.4871527538684625,0,0.4871527538684625,STOP,502.5694492263075,8768.749569632326,543.5763769342312,502.5694492263075
L,299.1,310.1,1435,48.8,229,1,0.8756313735313974,0.1243686264686027,0,0.1243686264686027,SCHEDULE,362.1843132343013,2238.6352764348485,362.1843132343013,575.1262747062794
L,299.2,310.3,1352,48.9,238,1,0.6867533247242454,0.3132466752757544,0,0.3132466752757544,SCHEDULE,456.62333763787717,5638.4401549635795,456.62333763787717,537.3506649448491
L,299.0,310.2,1690,30.7,244,0,0.8615688252334506,0.1384311747665496,0,0.1384311747665496,SCHEDULE,369.2155873832748,2491.761145797893,369.2155873832748,572.31376504669
L,299.0,310.2,1412,44.1,246,0,0.4485034649873698,0.5514965350126301,1,0.5514965350126301,STOP,489.700692997474,9926.937630227341,575.7482675063151,489.700692997474
L,299.0,310.1,2033,19.3,15,0,0.9889805785530495,0.0110194214469507,0,0.0110194214469507,MONITOR,198.3495860451126,198.3495860451126,305.5097107234754,597.7961157106099
L,299.1,310.2,1598,33.4,20,0,0.9890519267532002,0.0109480732468,0,0.0109480732468,MONITOR,197.06531844239998,197.06531844239998,305.47403662339997,597.81038535064
L,299.1,310.1,1894,24.2,22,0,0.9889805785530495,0.0110194214469507,0,0.0110194214469507,MONITOR,198.3495860451126,198.3495860451126,305.5097107234754,597.7961157106099
M,299.0,310.0,1338,56.4,29,0,0.9613015565068684,0.0386984434931316,0,0.0386984434931316,SCHEDULE,319.34922174656583,696.5719828763688,319.34922174656583,592.2603113013737
L,299.1,310.1,1486,40.7,39,0,0.9890519267532002,0.0109480732468,0,0.0109480732468,MONITOR,197.06531844239998,197.06531844239998,305.47403662339997,597.81038535064
L,299.1,310.1,1367,45.6,44,0,0.9579043367436384,0.0420956632563613,0,0.0420956632563613,SCHEDULE,321.0478316281807,757.7219386145034,321.0478316281807,591.5808673487278
L,298.9,310.0,1693,28.8,56,0,0.9889805785530495,0.0110194214469507,0,0.0110194214469507,MONITOR,198.3495860451126,198.3495860451126,305.5097107234754,597.7961157106099
M,298.8,309.8,1413,45.5,64,0,0.990370738622311,0.0096292613776895,0,0.0096292613776895,MONITOR,173.326704798411,173.326704798411,304.8146306888448,598.0741477244621
L,298.8,309.8,1663,28.2,67,0,0.9888088009637386,0.0111911990362616,0,0.0111911990362616,MONITOR,201.4415826527088,201.4415826527088,305.5955995181308,597.7617601927477
L,298.8,309.8,1508,36.3,69,0,0.9888801491638892,0.011119850836111,0,0.011119850836111,MONITOR,200.157315049998,200.157315049998,305.5599254180555,597.7760298327778
M,298.9,309.8,1353,53.7,71,0,0.95461362809004,0.04538637190996,0,0.04538637190996,SCHEDULE,322.69318595498,816.95469437928,322.69318595498,590.922725618008
L,298.9,310.0,1482,41.1,82,0,0.9890519267532002,0.0109480732468,0,0.0109480732468,MONITOR,197.06531844239998,197.06531844239998,305.47403662339997,597.81038535064
L,299.0,310.1,1699,32.9,87,0,0.9889805785530495,0.0110194214469507,0,0.0110194214469507,MONITOR,198.3495860451126,198.3495860451126,305.5097107234754,597.7961157106099
L,299.1,310.1,1336,61.3,94,0,0.9144443318889884,0.0855556681110118,0,0.0855556681110118,SCHEDULE,342.7778340555059,1540.0020259982123,342.7778340555059,582.8888663777976
H,299.1,310.1,1429,42.9,96,0,0.9905523622992533,0.0094476377007471,0,0.0094476377007471,MONITOR,170.05747861344778,170.05747861344778,304.72381885037356,598.1104724598506
L,299.1,310.2,1496,45.0,104,0,0.9890519267532002,0.0109480732468,0,0.0109480732468,MONITOR,197.06531844239998,197.06531844239998,305.47403662339997,597.81038535064
L,299.1,310.1,1894,20.1,106,0,0.9889805785530495,0.0110194214469507,0,0.0110194214469507,MONITOR,198.3495860451126,198.3495860451126,305.5097107234754,597.7961157106099
H,298.8,309.8,1911,21.6,126,0,0.9892565708942592,0.0107434291057411,0,0.0107434291057411,MONITOR,193.3817239033398,193.3817239033398,305.37171455287057,597.8513141788518
L,298.8,309.8,1461,39.4,141,0,0.9888801491638892,0.011119850836111,0,0.011119850836111,MONITOR,200.157315049998,200.157315049998,305.5599254180555,597.7760298327778
L,298.7,309.8,1695,29.0,145,0,0.9888088009637386,0.0111911990362616,0,0.0111911990362616,MONITOR,201.4415826527088,201.4415826527088,305.5955995181308,597.7617601927477
L,298.8,310.0,1389,49.6,149,0,0.988879433699707,0.0111205663002932,0,0.0111205663002932,MONITOR,200.17019340527762,200.17019340527762,305.56028315014663,597.7758867399414
M,298.9,310.1,1655,31.5,172,0,0.990542516211622,0.0094574837883785,0,0.0094574837883785,MONITOR,170.23470819081302,170.23470819081302,304.7287418941892,598.1085032423243
L,298.9,310.1,1495,42.9,175,0,0.9890519267532002,0.0109480732468,0,0.0109480732468,MONITOR,197.06531844239998,197.06531844239998,305.47403662339997,597.81038535064
H,298.8,310.1,1483,45.4,192,0,0.9865334065163074,0.0134665934836929,0,0.0134665934836929,MONITOR,242.39868270647221,242.39868270647221,306.73329674184646,597.3066813032614
L,298.6,309.9,1615,28.8,199,0,0.988138247492408,0.0118617525075922,0,0.0118617525075922,MONITOR,213.5115451366596,213.5115451366596,305.9308762537961,597.6276494984816
L,298.6,309.8,1561,32.6,201,0,0.9850889706567943,0.014911029343206,0,0.014911029343206,MONITOR,268.398528177708,268.398528177708,307.455514671603,597.0177941313588
L,298.5,309.8,1593,35.1,203,0,0.975445989100455,0.0245540108995454,0,0.0245540108995454,SCHEDULE,312.2770054497727,441.9721961918172,312.2770054497727,595.0891978200908
H,298.5,309.7,1561,35.3,208,0,0.9697893058180028,0.0302106941819975,0,0.0302106941819975,SCHEDULE,315.10534709099875,543.792495275955,315.10534709099875,593.9578611636005
M,298.6,309.9,1517,34.0,215,0,0.9587618232978424,0.041238176702158,0,0.041238176702158,SCHEDULE,320.619088351079,742.287180638844,320.619088351079,591.7523646595683
L,298.6,309.7,1925,22.1,7,0,0.988937201333824,0.0110627986661761,0,0.0110627986661761,MONITOR,199.1303759911698,199.1303759911698,305.5313993330881,597.7874402667647
H,298.6,309.5,1584,31.8,27,0,0.9908563300801042,0.0091436699198961,0,0.0091436699198961,MONITOR,164.5860585581298,164.5860585581298,304.57183495994803,598.1712660160208
L,298.5,309.5,1561,34.8,35,0,0.9896229046893684,0.0103770953106319,0,0.0103770953106319,MONITOR,186.7877155913742,186.7877155913742,305.188547655316,597.9245809378737
L,298.5,309.4,1560,37.9,37,0,0.9896229046893684,0.0103770953106319,0,0.0103770953106319,MONITOR,186.7877155913742,186.7877155913742,305.188547655316,597.9245809378737
L,298.6,309.6,1387,57.6,50,0,0.9888589429797976,0.0111410570202026,0,0.0111410570202026,MONITOR,200.5390263636468,200.5390263636468,305.5705285101013,597.7717885959595
L,298.7,309.9,1404,47.1,64,0,0.9888801491638892,0.011119850836111,0,0.011119850836111,MONITOR,200.157315049998,200.157315049998,305.5599254180555,597.7760298327778
H,298.7,309.7,1697,29.8,74,0,0.9907849818799536,0.0092150181200468,0,0.0092150181200468,MONITOR,165.8703261608424,165.8703261608424,304.6075090600234,598.1569963759907
L,298.6,309.5,1483,43.2,92,0,0.9896229046893684,0.0103770953106319,0,0.0103770953106319,MONITOR,186.7877155913742,186.7877155913742,305.188547655316,597.9245809378737
M,298.5,309.4,1521,37.5,94,0,0.9908277210365768,0.0091722789634237,0,0.0091722789634237,MONITOR,165.1010213416266,165.1010213416266,304.5861394817118,598.1655442073153
H,298.5,309.4,1414,46.7,102,0,0.9907946016850424,0.0092053983149578,0,0.0092053983149578,MONITOR,165.6971696692404,165.6971696692404,304.6026991574789,598.1589203370085
L,298.5,309.3,1590,33.9,107,0,0.9896229046893684,0.0103770953106319,0,0.0103770953106319,MONITOR,186.7877155913742,186.7877155913742,305.188547655316,597.9245809378737
L,298.5,309.3,1623,33.1,109,0,0.9896229046893684,0.0103770953106319,0,0.0103770953106319,MONITOR,186.7877155913742,186.7877155913742,305.188547655316,597.9245809378737
L,298.5,309.3,1471,44.7,119,0,0.9896229046893684,0.0103770953106319,0,0.0103770953106319,MONITOR,186.7877155913742,186.7877155913742,305.188547655316,597.9245809378737
H,298.5,309.3,1421,50.3,124,0,0.9907946016850424,0.0092053983149578,0,0.0092053983149578,MONITOR,165.6971696692404,165.6971696692404,304.6026991574789,598.1589203370085
M,298.4,309.3,1496,45.6,129,0,0.9908277210365768,0.0091722789634237,0,0.0091722789634237,MONITOR,165.1010213416266,165.1010213416266,304.5861394817118,598.1655442073153
L,298.4,309.2,1692,29.8,137,0,0.9895515564892176,0.0104484435107825,0,0.0104484435107825,MONITOR,188.071983194085,188.071983194085,305.2242217553912,597.9103112978435
L,298.4,309.2,1651,28.5,141,0,0.9896229046893684,0.0103770953106319,0,0.0103770953106319,MONITOR,186.7877155913742,186.7877155913742,305.188547655316,597.9245809378737
L,298.3,309.1,1417,60.5,143,0,0.9812935519530368,0.0187064480469633,0,0.0187064480469633,SCHEDULE,309.3532240234817,336.71606484533936,309.3532240234817,596.2587103906073
M,298.2,309.0,1441,44.2,147,0,0.9909386628880568,0.0090613371119437,0,0.0090613371119437,MONITOR,163.1040680149866,163.1040680149866,304.5306685559719,598.1877325776113
M,298.2,309.0,1353,50.3,150,0,0.967886634982642,0.0321133650173582,0,0.0321133650173582,SCHEDULE,316.0566825086791,578.0405703124477,316.0566825086791,593.5773269965283
M,298.2,309.1,1411,45.8,157,0,0.9909386628880568,0.0090613371119437,0,0.0090613371119437,MONITOR,163.1040680149866,163.1040680149866,304.5306685559719,598.1877325776113
M,298.6,309.4,1464,36.9,179,0,0.9908277210365768,0.0091722789634237,0,0.0091722789634237,MONITOR,165.1010213416266,165.1010213416266,304.5861394817118,598.1655442073153
L,298.3,309.3,1337,56.1,206,1,0.8586097077044553,0.1413902922955446,0,0.1413902922955446,SCHEDULE,370.69514614777233,2545.0252613198027,370.69514614777233,571.7219415408912
L,298.4,309.3,1542,35.4,208,0,0.9705145658613982,0.029485434138602,0,0.029485434138602,SCHEDULE,314.74271706930097,530.737814494836,314.74271706930097,594.1029131722795
L,298.4,309.3,1545,36.9,3,0,0.9896229046893684,0.0103770953106319,0,0.0103770953106319,MONITOR,186.7877155913742,186.7877155913742,305.188547655316,597.9245809378737
L,298.4,309.2,1425,45.5,11,0,0.9896229046893684,0.0103770953106319,0,0.0103770953106319,MONITOR,186.7877155913742,186.7877155913742,305.188547655316,597.9245809378737
M,298.4,309.2,1491,51.2,13,0,0.9908277210365768,0.0091722789634237,0,0.0091722789634237,MONITOR,165.1010213416266,165.1010213416266,304.5861394817118,598.1655442073153
L,298.4,309.3,1395,47.6,24,0,0.989450411635875,0.0105495883641251,0,0.0105495883641251,MONITOR,189.8925905542518,189.8925905542518,305.2747941820625,597.8900823271749
L,298.3,309.2,1383,52.1,26,0,0.988842225124148,0.0111577748758523,0,0.0111577748758523,MONITOR,200.83994776534138,200.83994776534138,305.5788874379261,597.7684450248295
L,298.3,309.1,1421,47.4,33,0,0.9896484428141404,0.0103515571858599,0,0.0103515571858599,MONITOR,186.3280293454782,186.3280293454782,305.17577859292993,597.929688562828
L,298.3,309.0,1339,58.8,35,0,0.9613898095435288,0.0386101904564709,0,0.0386101904564709,SCHEDULE,319.3050952282355,694.9834282164762,319.3050952282355,592.2779619087058
M,298.5,309.3,1498,34.6,46,0,0.9908277210365768,0.0091722789634237,0,0.0091722789634237,MONITOR,165.1010213416266,165.1010213416266,304.5861394817118,598.1655442073153
M,298.5,309.3,1761,27.2,49,0,0.9906161173481044,0.0093838826518962,0,0.0093838826518962,MONITOR,168.9098877341316,168.9098877341316,304.6919413259481,598.1232234696207
L,298.6,309.4,1316,51.4,52,0,0.9600011152269629,0.039998884773037,0,0.039998884773037,SCHEDULE,319.99944238651847,719.9799259146661,319.99944238651847,592.0002230453925
H,298.6,309.4,1362,45.3,56,0,0.9671392837573548,0.032860716242645,0,0.032860716242645,SCHEDULE,316.4303581213225,591.49289236761,316.4303581213225,593.427856751471
H,298.7,309.6,1755,26.9,73,0,0.9907849818799536,0.0092150181200468,0,0.0092150181200468,MONITOR,165.8703261608424,165.8703261608424,304.6075090600234,598.1569963759907
M,298.9,309.9,1645,31.4,86,0,0.990370738622311,0.0096292613776895,0,0.0096292613776895,MONITOR,173.326704798411,173.326704798411,304.8146306888448,598.0741477244621
L,299.0,309.9,1411,44.7,94,0,0.9888801491638892,0.011119850836111,0,0.011119850836111,MONITOR,200.157315049998,200.157315049998,305.5599254180555,597.7760298327778
L,298.9,309.9,1526,35.4,96,0,0.9888801491638892,0.011119850836111,0,0.011119850836111,MONITOR,200.157315049998,200.157315049998,305.5599254180555,597.7760298327778
L,298.9,309.8,1616,36.5,110,0,0.9888801491638892,0.011119850836111,0,0.011119850836111,MONITOR,200.157315049998,200.157315049998,305.5599254180555,597.7760298327778
M,298.9,309.8,1363,50.6,115,0,0.9645282243633322,0.035471775636668,0,0.035471775636668,SCHEDULE,317.735887818334,638.491961460024,317.735887818334,592.9056448726664
L,298.8,309.7,1374,58.6,123,0,0.9626346932542722,0.0373653067457277,0,0.0373653067457277,SCHEDULE,318.68265337286385,672.5755214230986,318.68265337286385,592.5269386508545
L,298.8,309.8,1753,27.5,130,0,0.9888088009637386,0.0111911990362616,0,0.0111911990362616,MONITOR,201.4415826527088,201.4415826527088,305.5955995181308,597.7617601927477
L,298.8,309.5,1368,44.7,147,0,0.9632261619103496,0.0367738380896501,0,0.0367738380896501,SCHEDULE,318.38691904482505,661.9290856137019,318.38691904482505,592.6452323820699
L,298.8,309.5,1374,48.1,159,0,0.9632261619103496,0.0367738380896501,0,0.0367738380896501,SCHEDULE,318.38691904482505,661.9290856137019,318.38691904482505,592.6452323820699
H,298.9,309.7,1407,48.6,161,0,0.990897447363729,0.0091025526362714,0,0.0091025526362714,MONITOR,163.8459474528852,163.8459474528852,304.55127631813576,598.1794894727458
L,298.6,309.0,1456,47.7,0,0,0.9896484428141404,0.0103515571858599,0,0.0103515571858599,MONITOR,186.3280293454782,186.3280293454782,305.17577859292993,597.929688562828
L,298.6,309.0,1469,46.0,4,0,0.9896484428141404,0.0103515571858599,0,0.0103515571858599,MONITOR,186.3280293454782,186.3280293454782,305.17577859292993,597.929688562828
L,298.5,308.8,1670,29.6,13,0,0.9895770946139896,0.0104229053860106,0,0.0104229053860106,MONITOR,187.6122969481908,187.6122969481908,305.2114526930053,597.9154189227979
M,298.5,308.7,1662,28.3,15,0,0.9909386628880568,0.0090613371119437,0,0.0090613371119437,MONITOR,163.1040680149866,163.1040680149866,304.5306685559719,598.1877325776113
H,298.5,308.7,1450,43.9,28,0,0.9908818682048762,0.0091181317951241,0,0.0091181317951241,MONITOR,164.1263723122338,164.1263723122338,304.55906589756205,598.1763736409753
M,298.5,308.6,1384,54.4,44,0,0.9896610233373472,0.0103389766626534,0,0.0103389766626534,MONITOR,186.1015799277612,186.1015799277612,305.1694883313267,597.9322046674694
L,298.3,308.3,1432,46.9,65,0,0.9896484428141404,0.0103515571858599,0,0.0103515571858599,MONITOR,186.3280293454782,186.3280293454782,305.17577859292993,597.929688562828
L,298.4,308.3,1452,48.5,73,0,0.9896484428141404,0.0103515571858599,0,0.0103515571858599,MONITOR,186.3280293454782,186.3280293454782,305.17577859292993,597.929688562828
H,298.3,308.1,2636,12.8,84,0,0.1047543868160776,0.8952456131839223,1,0.8952456131839223,STOP,420.95087736321557,16114.421037310602,747.6228065919612,420.95087736321557
M,298.3,308.1,1722,28.6,89,0,0.9907270591995844,0.0092729408004161,0,0.0092729408004161,MONITOR,166.91293440748981,166.91293440748981,304.63647040020805,598.1454118399167
L,298.3,308.0,1578,37.8,101,0,0.9901956444389132,0.009804355561087,0,0.009804355561087,MONITOR,176.47840009956602,176.47840009956602,304.9021777805435,598.0391288877826
M,298.2,307.9,1529,36.6,105,0,0.9911555690380258,0.0088444309619747,0,0.0088444309619747,MONITOR,159.1997573155446,159.1997573155446,304.42221548098735,598.231113807605
L,298.2,307.8,1804,25.1,108,0,0.9901242962387626,0.0098757037612376,0,0.0098757037612376,MONITOR,177.76266770227681,177.76266770227681,304.93785188061884,598.0248592477525
M,298.1,307.9,1446,42.8,121,0,0.9911555690380258,0.0088444309619747,0,0.0088444309619747,MONITOR,159.1997573155446,159.1997573155446,304.42221548098735,598.231113807605
L,298.1,307.8,1606,33.0,130,0,0.9901956444389132,0.009804355561087,0,0.009804355561087,MONITOR,176.47840009956602,176.47840009956602,304.9021777805435,598.0391288877826
M,298.1,307.8,1525,35.9,132,0,0.9911555690380258,0.0088444309619747,0,0.0088444309619747,MONITOR,159.1997573155446,159.1997573155446,304.42221548098735,598.231113807605
L,298.1,307.8,1379,49.1,135,0,0.967299838836704,0.032700161163296,0,0.032700161163296,SCHEDULE,316.350080581648,588.602900939328,316.350080581648,593.4599677673408
L,298.2,307.8,1575,35.0,137,0,0.9901956444389132,0.009804355561087,0,0.009804355561087,MONITOR,176.47840009956602,176.47840009956602,304.9021777805435,598.0391288877826
L,298.3,307.9,1435,39.9,143,0,0.9901956444389132,0.009804355561087,0,0.009804355561087,MONITOR,176.47840009956602,176.47840009956602,304.9021777805435,598.0391288877826
L,298.3,307.9,1703,28.9,147,0,0.9901242962387626,0.0098757037612376,0,0.0098757037612376,MONITOR,177.76266770227681,177.76266770227681,304.93785188061884,598.0248592477525
L,298.4,308.0,1605,32.4,154,0,0.9901956444389132,0.009804355561087,0,0.009804355561087,MONITOR,176.47840009956602,176.47840009956602,304.9021777805435,598.0391288877826
H,298.4,308.1,1891,24.7,158,0,0.9904819379605452,0.009518062039455,0,0.009518062039455,MONITOR,171.32511671019,171.32511671019,304.7590310197275,598.096387592109
H,298.6,308.3,1377,52.1,181,0,0.9697233435447248,0.0302766564552751,0,0.0302766564552751,SCHEDULE,315.13832822763754,544.9798161949518,315.13832822763754,593.944668708945
M,298.7,308.4,1507,45.7,192,0,0.9905971880250994,0.0094028119749011,0,0.0094028119749011,MONITOR,169.2506155482198,169.2506155482198,304.7014059874505,598.1194376050198
M,298.9,308.4,1827,26.1,5,0,0.9907270591995844,0.0092729408004161,0,0.0092729408004161,MONITOR,166.91293440748981,166.91293440748981,304.63647040020805,598.1454118399167
L,298.8,308.3,1634,27.9,12,0,0.9896484428141404,0.0103515571858599,0,0.0103515571858599,MONITOR,186.3280293454782,186.3280293454782,305.17577859292993,597.929688562828
H,298.9,308.4,1632,31.8,17,0,0.9909847138835626,0.0090152861164377,0,0.0090152861164377,MONITOR,162.27515009587862,162.27515009587862,304.50764305821883,598.1969427767125
